ref_p,p,stride,sigma_phys,seed,realization,shape_ref,shape_sampled,n_meas_px,n_pred_discrete_px,n_pred_reference_px,n_pred_continuum_px,ratio_discrete,ratio_continuum,charge_imbalance,fd_pred_px
64,4,16,0.1,42,0,2048x2048,128x128,0.20394039968928748,0.19873686499574048,0.0007763158788896112,0.1987368649957405,1.026183037020628,1.0261830370206277,0.002770083102493106,0.17092258943063696
64,8,8,0.1,42,0,2048x2048,256x256,0.049451720237997675,0.04968421624893512,0.0007763158788896112,0.049684216248935126,0.9953205257425707,0.9953205257425706,0.0003314550878356042,0.04822860067146183
64,16,4,0.1,42,0,2048x2048,512x512,0.012300785634118967,0.01242105406223378,0.0007763158788896112,0.012421054062233781,0.9903173734280338,0.9903173734280337,0.0006635700066356994,0.012422281508364627
64,32,2,0.1,42,0,2048x2048,1024x1024,0.003071029782675767,0.003105263515558445,0.0007763158788896112,0.0031052635155584454,0.9889755788160473,0.9889755788160471,0.0,0.003128499932416268
64,64,1,0.1,42,0,2048x2048,2048x2048,0.0007674919111998127,0.0007763158788896112,0.0007763158788896112,0.0007763158788896113,0.988633534454532,0.9886335344545317,0.0006626905235255376,0.0007835316581903066
64,4,16,0.1,42,1,2048x2048,128x128,0.19814984817456394,0.19873686499574048,0.0007763158788896112,0.1987368649957405,0.9970462610387403,0.9970462610387401,0.00213827512473274,0.1678476482335819
64,8,8,0.1,42,1,2048x2048,256x256,0.04891081643691914,0.04968421624893512,0.0007763158788896112,0.049684216248935126,0.9844336920171796,0.9844336920171795,0.0040214477211796265,0.04738006308545531
64,16,4,0.1,42,1,2048x2048,512x512,0.01227221712070197,0.01242105406223378,0.0007763158788896112,0.012421054062233781,0.9880173662568341,0.988017366256834,0.0029930162953109734,0.012208113675045153
64,32,2,0.1,42,1,2048x2048,1024x1024,0.003067975044828278,0.003105263515558445,0.0007763158788896112,0.0031052635155584454,0.987991849792026,0.9879918497920259,0.0029870560902754604,0.0030751760467164725
64,64,1,0.1,42,1,2048x2048,2048x2048,0.0007662203871587262,0.0007763158788896112,0.0007763158788896112,0.0007763158788896113,0.9869956392682255,0.9869956392682253,0.0029870560902754747,0.0007702560719985903
64,4,16,0.1,42,2,2048x2048,128x128,0.20189252171456817,0.19873686499574048,0.0007763158788896112,0.1987368649957405,1.0158785674660578,1.0158785674660578,0.0031479538300104603,0.16677342079164517
64,8,8,0.1,42,2,2048x2048,256x256,0.04948450228654789,0.04968421624893512,0.0007763158788896112,0.049684216248935126,0.9959803338471398,0.9959803338471397,0.0029811195760185327,0.04703325126221159
64,16,4,0.1,42,2,2048x2048,512x512,0.012296704417916538,0.01242105406223378,0.0007763158788896112,0.012421054062233781,0.9899888009750053,0.9899888009750052,0.00431463657484231,0.012114956094849274
64,32,2,0.1,42,2,2048x2048,1024x1024,0.003075102766472419,0.003105263515558445,0.0007763158788896112,0.0031052635155584454,0.9902872175147422,0.9902872175147421,0.0033112582781456425,0.0030512865537509802
64,64,1,0.1,42,2,2048x2048,2048x2048,0.0007685091304326818,0.0007763158788896112,0.0007763158788896112,0.0007763158788896113,0.9899438506035769,0.9899438506035768,0.0033090668431502105,0.0007642212911525744
64,4,16,0.1,42,3,2048x2048,128x128,0.2062001271096674,0.19873686499574048,0.0007763158788896112,0.1987368649957405,1.0375534861842914,1.0375534861842912,0.0020547945205479684,0.17198320474710663
64,8,8,0.1,42,3,2048x2048,256x256,0.05086134832565687,0.04968421624893512,0.0007763158788896112,0.049684216248935126,1.0236922742390442,1.0236922742390442,0.0003222687721559839,0.048542225394950934
64,16,4,0.1,42,3,2048x2048,512x512,0.012655851443730232,0.01242105406223378,0.0007763158788896112,0.012421054062233781,1.0189031768415173,1.018903176841517,0.002902289584005122,0.012506985029480432
64,32,2,0.1,42,3,2048x2048,1024x1024,0.0031626719181004417,0.003105263515558445,0.0007763158788896112,0.0031052635155584454,1.0184874495366854,1.0184874495366851,0.002575660012878259,0.0031504228526604895
64,64,1,0.1,42,3,2048x2048,2048x2048,0.000790633648747587,0.0007763158788896112,0.0007763158788896112,0.0007763158788896113,1.018443226845308,1.0184432268453079,0.002251527822450996,0.0007890988359087423
64,4,16,0.1,7,0,2048x2048,128x128,0.2013275898594732,0.19873686499574048,0.0007763158788896112,0.1987368649957405,1.013035955175142,1.0130359551751418,0.00105226236408279,0.1735307006953547
64,8,8,0.1,7,0,2048x2048,256x256,0.049713976626399384,0.04968421624893512,0.0007763158788896112,0.049684216248935126,1.000598990579124,1.0005989905791237,0.0023079459281240113,0.04894736720213832
64,16,4,0.1,7,0,2048x2048,512x512,0.012455871849811244,0.01242105406223378,0.0007763158788896112,0.012421054062233781,1.0028031266431185,1.0028031266431185,0.0032765399737876766,0.01260730142306277
64,32,2,0.1,7,0,2048x2048,1024x1024,0.0031117596206422893,0.003105263515558445,0.0007763158788896112,0.0031052635155584454,1.0020919658029976,1.0020919658029974,0.003272251308900541,0.00317536214078538
64,64,1,0.1,7,0,2048x2048,2048x2048,0.0007774097987202873,0.0007763158788896112,0.0007763158788896112,0.0007763158788896113,1.0014091169077217,1.0014091169077215,0.0029440628066732108,0.0007953220638016696
64,4,16,0.1,7,1,2048x2048,128x128,0.2059882776640068,0.19873686499574048,0.0007763158788896112,0.1987368649957405,1.036487506575198,1.036487506575198,0.0003428179636612997,0.17232688187271591
64,8,8,0.1,7,1,2048x2048,256x256,0.05012375223327706,0.04968421624893512,0.0007763158788896112,0.049684216248935126,1.0088465918862384,1.0088465918862382,0.0019620667102681843,0.04860967834555266
64,16,4,0.1,7,1,2048x2048,512x512,0.01253749617385981,0.01242105406223378,0.0007763158788896112,0.012421054062233781,1.0093745757036896,1.0093745757036894,0.004557291666666662,0.012519285457223245
64,32,2,0.1,7,1,2048x2048,1024x1024,0.003128051555828898,0.003105263515558445,0.0007763158788896112,0.0031052635155584454,1.0073385205977776,1.0073385205977774,0.003906250000000007,0.0031527762823205653
64,64,1,0.1,7,1,2048x2048,2048x2048,0.0007812243708435468,0.0007763158788896112,0.0007763158788896112,0.0007763158788896113,1.0063228024666406,1.0063228024666406,0.0032552083333333127,0.0007895897987938186
64,4,16,0.1,7,2,2048x2048,128x128,0.2000564931855095,0.19873686499574048,0.0007763158788896112,0.1987368649957405,1.0066400775205813,1.0066400775205813,0.0003529827038474461,0.16975744533674147
64,8,8,0.1,7,2,2048x2048,256x256,0.04914029077677064,0.04968421624893512,0.0007763158788896112,0.049684216248935126,0.9890523487491636,0.9890523487491635,0.00333555703802534,0.047879488652448815
64,16,4,0.1,7,2,2048x2048,512x512,0.012153861850831548,0.01242105406223378,0.0007763158788896112,0.012421054062233781,0.9784887651190063,0.9784887651190062,0.0020147750167897895,0.012334254061222663
64,32,2,0.1,7,2,2048x2048,1024x1024,0.0030364094204042235,0.003105263515558445,0.0007763158788896112,0.0031052635155584454,0.9778266498771397,0.9778266498771395,0.0020120724346076135,0.0031067111243255167
64,64,1,0.1,7,2,2048x2048,2048x2048,0.0007601170717615109,0.0007763158788896112,0.0007763158788896112,0.0007763158788896113,0.9791337423739549,0.9791337423739547,0.0023419203747072374,0.0007781256815157568
64,4,16,0.1,7,3,2048x2048,128x128,0.2056351952545724,0.19873686499574048,0.0007763158788896112,0.1987368649957405,1.0347108738933755,1.0347108738933752,0.0027472527472527783,0.17079488657568084
64,8,8,0.1,7,3,2048x2048,256x256,0.050779393204281334,0.04968421624893512,0.0007763158788896112,0.049684216248935126,1.0220427539776213,1.0220427539776211,0.0019367333763718878,0.04817104174778883
64,16,4,0.1,7,3,2048x2048,512x512,0.012615039281705948,0.01242105406223378,0.0007763158788896112,0.012421054062233781,1.0156174523112318,1.0156174523112318,0.002264639275315395,0.01240779070812391
64,32,2,0.1,7,3,2048x2048,1024x1024,0.003147398228862996,0.003105263515558445,0.0007763158788896112,0.0031052635155584454,1.013568804416579,1.013568804416579,0.0022646392753154303,0.003124940556638267
64,64,1,0.1,7,3,2048x2048,2048x2048,0.000788090600665414,0.0007763158788896112,0.0007763158788896112,0.0007763158788896113,1.0151674364726953,1.015167436472695,0.002904162633107456,0.0007826494981362663
64,4,16,0.1,123,0,2048x2048,128x128,0.20457594802626933,0.19873686499574048,0.0007763158788896112,0.1987368649957405,1.0293809758479082,1.029380975847908,0.00034518467380048715,0.17004543411345474
64,8,8,0.1,123,0,2048x2048,256x256,0.05043518169450409,0.04968421624893512,0.0007763158788896112,0.049684216248935126,1.0151147688796454,1.0151147688796451,0.0022749431264218805,0.047974174550424076
64,16,4,0.1,123,0,2048x2048,512x512,0.012570145903479237,0.01242105406223378,0.0007763158788896112,0.012421054062233781,1.0120031553279178,1.0120031553279178,0.0019480519480519459,0.012353897831266702
64,32,2,0.1,123,0,2048x2048,1024x1024,0.003141288753168018,0.003105263515558445,0.0007763158788896112,0.0031052635155584454,1.0116013463685365,1.0116013463685365,0.0022690437601296577,0.003110913137722368
64,64,1,0.1,123,0,2048x2048,2048x2048,0.0007850389429668064,0.0007763158788896112,0.0007763158788896112,0.0007763158788896113,1.01123648802556,1.0112364880255598,0.002267573696145103,0.0007790859225799365
64,4,16,0.1,123,1,2048x2048,128x128,0.19885601299343267,0.19873686499574048,0.0007763158788896112,0.1987368649957405,1.000599526402385,1.000599526402385,0.0021306818181818423,0.17220327356050777
64,8,8,0.1,123,1,2048x2048,256x256,0.04923863692242128,0.04968421624893512,0.0007763158788896112,0.049684216248935126,0.991031773062871,0.9910317730628709,0.0019973368841544967,0.04854104808608002
64,16,4,0.1,123,1,2048x2048,512x512,0.01227221712070197,0.01242105406223378,0.0007763158788896112,0.012421054062233781,0.9880173662568341,0.988017366256834,0.000997672098436944,0.01250185273924029
64,32,2,0.1,123,1,2048x2048,1024x1024,0.0030812122421673975,0.003105263515558445,0.0007763158788896112,0.0031052635155584454,0.9922546755627849,0.9922546755627847,0.0,0.003148714599212669
64,64,1,0.1,123,1,2048x2048,2048x2048,0.000769526349665551,0.0007763158788896112,0.0007763158788896112,0.0007763158788896113,0.991254166752622,0.9912541667526219,0.0,0.0007886318602592151
64,4,16,0.1,123,2,2048x2048,128x128,0.20090389096815198,0.19873686499574048,0.0007763158788896112,0.1987368649957405,1.0109039959569552,1.010903995956955,0.00035149384885764897,0.16872434764976593
64,8,8,0.1,123,2,2048x2048,256x256,0.04955006638364831,0.04968421624893512,0.0007763158788896112,0.049684216248935126,0.997299950056278,0.9972999500562779,0.000992391663909971,0.04757419249875706
64,16,4,0.1,123,2,2048x2048,512x512,0.012341597796143251,0.01242105406223378,0.0007763158788896112,0.012421054062233781,0.9936030979583194,0.9936030979583192,0.0006613756613756606,0.012252185846468366
64,32,2,0.1,123,2,2048x2048,1024x1024,0.0030771392583707454,0.003105263515558445,0.0007763158788896112,0.0031052635155584454,0.9909430368640899,0.9909430368640897,0.0006618133686301062,0.0030856178954273778
64,64,1,0.1,123,2,2048x2048,2048x2048,0.0007692720448573338,0.0007763158788896112,0.0007763158788896112,0.0007763158788896113,0.9909265877153608,0.9909265877153607,0.00033057851239667093,0.0007727965747662984
64,4,16,0.1,123,3,2048x2048,128x128,0.20450533154438247,0.19873686499574048,0.0007763158788896112,0.1987368649957405,1.0290256493115437,1.0290256493115437,0.002071823204419845,0.17531537957617277
64,8,8,0.1,123,3,2048x2048,256x256,0.04979593174777492,0.04968421624893512,0.0007763158788896112,0.049684216248935126,1.0022485108405468,1.0022485108405466,0.001974983541803854,0.04955165511823858
64,16,4,0.1,123,3,2048x2048,512x512,0.012455871849811244,0.01242105406223378,0.0007763158788896112,0.012421054062233781,1.0028031266431185,1.0028031266431185,0.0019659239842726058,0.012772539012590902
64,32,2,0.1,123,3,2048x2048,1024x1024,0.003106668390896474,0.003105263515558445,0.0007763158788896112,0.0031052635155584454,1.0004524174296288,1.0004524174296288,0.0016388069485414704,0.0032176327295321983
64,64,1,0.1,123,3,2048x2048,2048x2048,0.0007758839698709835,0.0007763158788896112,0.0007763158788896112,0.0007763158788896113,0.999443642684154,0.9994436426841539,0.001638806948541486,0.0008059473646859416
64,4,16,0.1,2023,0,2048x2048,128x128,0.2031636183885319,0.19873686499574048,0.0007763158788896112,0.1987368649957405,1.0222744451206187,1.0222744451206185,0.0003475842891901325,0.17418942949049557
64,8,8,0.1,2023,0,2048x2048,256x256,0.05036961759740366,0.04968421624893512,0.0007763158788896112,0.049684216248935126,1.013795152670507,1.0137951526705067,0.0009762447120078276,0.049272287624548716
64,16,4,0.1,2023,0,2048x2048,512x512,0.012525252525252526,0.01242105406223378,0.0007763158788896112,0.012421054062233781,1.008388858344604,1.008388858344604,0.0009775171065493982,0.012701677865203721
64,32,2,0.1,2023,0,2048x2048,1024x1024,0.0031229603260830826,0.003105263515558445,0.0007763158788896112,0.0031052635155584454,1.0056989722244087,1.0056989722244087,0.0009781545484186694,0.003199839485980797
64,64,1,0.1,2023,0,2048x2048,2048x2048,0.0007799528468024604,0.0007763158788896112,0.0007763158788896112,0.0007763158788896113,1.0046849072803343,1.0046849072803343,0.0009781545484186507,0.000801498384024916
64,4,16,0.1,2023,1,2048x2048,128x128,0.20330485135230564,0.19873686499574048,0.0007763158788896112,0.1987368649957405,1.0229850981933477,1.0229850981933475,0.0031260854463355686,0.1705087216244382
64,8,8,0.1,2023,1,2048x2048,256x256,0.04989427789342556,0.04968421624893512,0.0007763158788896112,0.049684216248935126,1.0042279351542542,1.0042279351542542,0.0006570302233902182,0.04815060606303691
64,16,4,0.1,2023,1,2048x2048,512x512,0.012410978471584531,0.01242105406223378,0.0007763158788896112,0.012421054062233781,0.9991888296598046,0.9991888296598044,0.0036172311739559667,0.012409057687322757
64,32,2,0.1,2023,1,2048x2048,1024x1024,0.0030975041773540065,0.003105263515558445,0.0007763158788896112,0.0031052635155584454,0.997501230357565,0.9975012303575649,0.0039447731755424134,0.0031259384851637156
64,64,1,0.1,2023,1,2048x2048,2048x2048,0.000774612445829897,0.0007763158788896112,0.0007763158788896112,0.0007763158788896113,0.9978057474978476,0.9978057474978475,0.0052527905449769995,0.0007829745659662867
64,4,16,0.1,2023,2,2048x2048,128x128,0.20499964691759057,0.19873686499574048,0.0007763158788896112,0.1987368649957405,1.0315129350660952,1.031512935066095,0.00034447123665174345,0.1679519585723679
64,8,8,0.1,2023,2,2048x2048,256x256,0.051205559835434115,0.04968421624893512,0.0007763158788896112,0.049684216248935126,1.0306202593370204,1.0306202593370202,0.0019206145966709693,0.04727258807975327
64,16,4,0.1,2023,2,2048x2048,512x512,0.012729313335373941,0.01242105406223378,0.0007763158788896112,0.012421054062233781,1.024817480996031,1.0248174809960309,0.002885540237255562,0.012171918955035265
64,32,2,0.1,2023,2,2048x2048,1024x1024,0.0031759091154395613,0.003105263515558445,0.0007763158788896112,0.0031052635155584454,1.0227502753074442,1.022750275307444,0.002885540237255587,0.0030655130249767825
64,64,1,0.1,2023,2,2048x2048,2048x2048,0.0007921594775968908,0.0007763158788896112,0.0007763158788896112,0.0007763158788896113,1.0204087010688756,1.0204087010688756,0.002247191011236002,0.0007677962603425295
64,4,16,0.1,2023,3,2048x2048,128x128,0.2005508085587176,0.19873686499574048,0.0007763158788896112,0.1987368649957405,1.0091273632751327,1.0091273632751325,0.000704225352112684,0.17421092580074915
64,8,8,0.1,2023,3,2048x2048,256x256,0.04986149584487535,0.04968421624893512,0.0007763158788896112,0.049684216248935126,1.003568127049685,1.003568127049685,0.0013149243918474229,0.04921135184123057
64,16,4,0.1,2023,3,2048x2048,512x512,0.01241505968778696,0.01242105406223378,0.0007763158788896112,0.012421054062233781,0.9995174021128331,0.999517402112833,0.0026298487836949346,0.012681832830911764
64,32,2,0.1,2023,3,2048x2048,1024x1024,0.0031117596206422893,0.003105263515558445,0.0007763158788896112,0.0031052635155584454,1.0020919658029976,1.0020919658029974,0.003272251308900541,0.0031945770830051606
64,64,1,0.1,2023,3,2048x2048,2048x2048,0.0007776641035285046,0.0007763158788896112,0.0007763158788896112,0.0007763158788896113,1.001736695944983,1.0017366959449827,0.002616088947024154,0.000800161052501614
64,4,16,0.1,314159,0,2048x2048,128x128,0.2008332744862651,0.19873686499574048,0.0007763158788896112,0.1987368649957405,1.0105486694205905,1.0105486694205905,0.0014064697609001565,0.16853396198507287
64,8,8,0.1,314159,0,2048x2048,256x256,0.04941893818944746,0.04968421624893512,0.0007763158788896112,0.049684216248935126,0.9946607176380015,0.9946607176380013,0.0009950248756219085,0.04741817715741933
64,16,4,0.1,314159,0,2048x2048,512x512,0.012374247525762678,0.01242105406223378,0.0007763158788896112,0.012421054062233781,0.9962316775825477,0.9962316775825476,0.001319261213720315,0.012205532690947415
64,32,2,0.1,314159,0,2048x2048,1024x1024,0.003086303471913213,0.003105263515558445,0.0007763158788896112,0.0031052635155584454,0.9938942239361537,0.9938942239361536,0.001649620587264938,0.0030735713347302862
64,64,1,0.1,314159,0,2048x2048,2048x2048,0.0007715607881312894,0.0007763158788896112,0.0007763158788896112,0.0007763158788896113,0.9938747990507122,0.9938747990507121,0.0019775873434410033,0.0007697744654576143
64,4,16,0.1,314159,1,2048x2048,128x128,0.19885601299343267,0.19873686499574048,0.0007763158788896112,0.1987368649957405,1.000599526402385,1.000599526402385,0.0014204545454545615,0.17124898519465298
64,8,8,0.1,314159,1,2048x2048,256x256,0.04994345096625088,0.04968421624893512,0.0007763158788896112,0.049684216248935126,1.0052176473111079,1.0052176473111079,0.0003281916639317421,0.04825223385775449
64,16,4,0.1,314159,1,2048x2048,512x512,0.012480359147025813,0.01242105406223378,0.0007763158788896112,0.012421054062233781,1.0047745613612897,1.0047745613612897,0.001308044473512098,0.012425516684985757
64,32,2,0.1,314159,1,2048x2048,1024x1024,0.003105650144947311,0.003105263515558445,0.0007763158788896112,0.0031052635155584454,1.000124507754955,1.000124507754955,0.0013114754098360445,0.003129434782043174
64,64,1,0.1,314159,1,2048x2048,2048x2048,0.0007774097987202873,0.0007763158788896112,0.0007763158788896112,0.0007763158788896113,1.0014091169077217,1.0014091169077215,0.001635590448151807,0.0007838124401579706
64,4,16,0.1,314159,2,2048x2048,128x128,0.20478779747192996,0.19873686499574048,0.0007763158788896112,0.1987368649957405,1.0304469554570017,1.0304469554570017,0.0006896551724137331,0.17023742533228783
64,8,8,0.1,314159,2,2048x2048,256x256,0.05005818813617663,0.04968421624893512,0.0007763158788896112,0.049684216248935126,1.0075269756771,1.0075269756771,0.0013097576948264808,0.04796466391456061
64,16,4,0.1,314159,2,2048x2048,512x512,0.012455871849811244,0.01242105406223378,0.0007763158788896112,0.012421054062233781,1.0028031266431185,1.0028031266431185,0.0013106159895150706,0.012352186663170504
64,32,2,0.1,314159,2,2048x2048,1024x1024,0.003106668390896474,0.003105263515558445,0.0007763158788896112,0.0031052635155584454,1.0004524174296288,1.0004524174296288,0.000327761389708322,0.003111016525774005
64,64,1,0.1,314159,2,2048x2048,2048x2048,0.0007769011891038528,0.0007763158788896112,0.0007763158788896112,0.0007763158788896113,1.000753958833199,1.000753958833199,0.00032733224222590595,0.0007791991250655133
64,4,16,0.1,314159,3,2048x2048,128x128,0.20549396229079867,0.19873686499574048,0.0007763158788896112,0.1987368649957405,1.0340002208206465,1.0340002208206465,0.0006872852233677053,0.17263708314275342
64,8,8,0.1,314159,3,2048x2048,256x256,0.050828566277106656,0.04968421624893512,0.0007763158788896112,0.049684216248935126,1.0230324661344752,1.023032466134475,0.0016123831022251177,0.04867288284216119
64,16,4,0.1,314159,3,2048x2048,512x512,0.012688501173349659,0.01242105406223378,0.0007763158788896112,0.012421054062233781,1.0215317564657458,1.0215317564657456,0.000964940495336154,0.012534387792762077
64,32,2,0.1,314159,3,2048x2048,1024x1024,0.0031728543775920723,0.003105263515558445,0.0007763158788896112,0.0031052635155584454,1.021766546283423,1.0217665462834227,0.0019255455712452237,0.0031566147036068844
64,64,1,0.1,314159,3,2048x2048,2048x2048,0.0007924137824051081,0.0007763158788896112,0.0007763158788896112,0.0007763158788896113,1.020736280106137,1.0207362801061368,0.0012836970474967688,0.0007905693018718718
64,4,16,0.1,271828,0,2048x2048,128x128,0.20605889414589365,0.19873686499574048,0.0007763158788896112,0.1987368649957405,1.0368428331115624,1.0368428331115622,0.0006854009595613511,0.1737478546311108
64,8,8,0.1,271828,0,2048x2048,256x256,0.04994345096625088,0.04968421624893512,0.0007763158788896112,0.049684216248935126,1.0052176473111079,1.0052176473111079,0.004266491631112577,0.04913894178952566
64,16,4,0.1,271828,0,2048x2048,512x512,0.01241505968778696,0.01242105406223378,0.0007763158788896112,0.012421054062233781,0.9995174021128331,0.999517402112833,0.003944773175542402,0.012668042485617545
64,32,2,0.1,271828,0,2048x2048,1024x1024,0.0030995406692523324,0.003105263515558445,0.0007763158788896112,0.0031052635155584454,0.9981570497069124,0.9981570497069123,0.002628120893561132,0.003191591782920881
64,64,1,0.1,271828,0,2048x2048,2048x2048,0.0007743581410216797,0.0007763158788896112,0.0007763158788896112,0.0007763158788896113,0.9974781684605863,0.9974781684605861,0.002955665024630544,0.0007994661492349857
64,4,16,0.1,271828,1,2048x2048,128x128,0.19857354706588518,0.19873686499574048,0.0007763158788896112,0.1987368649957405,0.9991782202569272,0.999178220256927,0.0007112375533428246,0.16912470718040698
64,8,8,0.1,271828,1,2048x2048,256x256,0.049877886869150456,0.04968421624893512,0.0007763158788896112,0.049684216248935126,1.0038980311019696,1.0038980311019696,0.004272099901413086,0.04775632845325457
64,16,4,0.1,271828,1,2048x2048,512x512,0.012362003877155392,0.01242105406223378,0.0007763158788896112,0.012421054062233781,0.995245960223462,0.9952459602234619,0.004952129415648759,0.012307074916143019
64,32,2,0.1,271828,1,2048x2048,1024x1024,0.0030954676854556802,0.003105263515558445,0.0007763158788896112,0.0031052635155584454,0.9968454110082174,0.9968454110082173,0.003947368421052639,0.00310034712596088
64,64,1,0.1,271828,1,2048x2048,2048x2048,0.0007738495314052452,0.0007763158788896112,0.0007763158788896112,0.0007763158788896113,0.9968230103860638,0.9968230103860637,0.0036148537627340993,0.0007765904295255888
64,4,16,0.1,271828,2,2048x2048,128x128,0.19765553280135584,0.19873686499574048,0.0007763158788896112,0.1987368649957405,0.9945589752841889,0.9945589752841888,0.0025008931761342917,0.16785171139893904
64,8,8,0.1,271828,2,2048x2048,256x256,0.04948450228654789,0.04968421624893512,0.0007763158788896112,0.049684216248935126,0.9959803338471398,0.9959803338471397,0.0029811195760185327,0.04732779430911155
64,16,4,0.1,271828,2,2048x2048,512x512,0.01236608509335782,0.01242105406223378,0.0007763158788896112,0.012421054062233781,0.9955745326764905,0.9955745326764904,0.001980198019801978,0.012191470024438654
64,32,2,0.1,271828,2,2048x2048,1024x1024,0.0030822304881165607,0.003105263515558445,0.0007763158788896112,0.0031052635155584454,0.9925825852374587,0.9925825852374585,0.0023125206475057797,0.003070787174979407
64,64,1,0.1,271828,2,2048x2048,2048x2048,0.0007702892640902029,0.0007763158788896112,0.0007763158788896112,0.0007763158788896113,0.9922369038644058,0.9922369038644057,0.0023109937273027184,0.0007691445361948105
64,4,16,0.1,271828,3,2048x2048,128x128,0.20429348209872183,0.19873686499574048,0.0007763158788896112,0.1987368649957405,1.0279596697024502,1.0279596697024502,0.00241963359834085,0.16122647991298925
64,8,8,0.1,271828,3,2048x2048,256x256,0.051090822665508365,0.04968421624893512,0.0007763158788896112,0.049684216248935126,1.0283109309710283,1.028310930971028,0.0035290343278793672,0.045439156626930766
64,16,4,0.1,271828,3,2048x2048,512x512,0.012737475767778799,0.01242105406223378,0.0007763158788896112,0.012421054062233781,1.0254746259020882,1.0254746259020882,0.001602050624799708,0.01170236826967835
64,32,2,0.1,271828,3,2048x2048,1024x1024,0.00316878139379542,0.003105263515558445,0.0007763158788896112,0.0031052635155584454,1.0204549075847278,1.0204549075847278,0.002570694087403558,0.002947265777510218
64,64,1,0.1,271828,3,2048x2048,2048x2048,0.0007919051727886734,0.0007763158788896112,0.0007763158788896112,0.0007763158788896113,1.0200811220316144,1.0200811220316142,0.0025690430314708017,0.0007381657715543559
64,4,16,0.25,42,0,2048x2048,128x128,0.20528211284513806,0.21127031672360821,0.0008252746748571984,0.21127031676338237,0.9716561986968375,0.9716561985139116,0.0003439972480220197,0.1757050160716592
64,8,8,0.25,42,0,2048x2048,256x256,0.052205412316215644,0.0528175791908607,0.0008252746748571984,0.05281757919084559,0.9884097892401895,0.9884097892404722,0.0009419152276294638,0.05041680248330624
64,16,4,0.25,42,0,2048x2048,512x512,0.013076216712580349,0.013204394797715175,0.0008252746748571984,0.013204394797711398,0.9902927709222231,0.9902927709225063,0.0006242197253433202,0.013041498070948105
64,32,2,0.25,42,0,2048x2048,1024x1024,0.003259405283270932,0.0033010986994287937,0.0008252746748571984,0.0033010986994278495,0.9873698365440947,0.9873698365443772,0.0009372071227740849,0.003287899672451243
64,64,1,0.25,42,0,2048x2048,2048x2048,0.0008153012151446652,0.0008252746748571984,0.0008252746748571984,0.0008252746748569624,0.9879149815008451,0.9879149815011277,0.0,0.0008236627888418101
64,4,16,0.25,42,1,2048x2048,128x128,0.21100204787797472,0.21127031672360821,0.0008252746748571984,0.21127031676338237,0.9987302104252324,0.9987302102372095,0.0,0.1757424080110436
64,8,8,0.25,42,1,2048x2048,256x256,0.0537625596223508,0.0528175791908607,0.0008252746748571984,0.05281757919084559,1.0178913999082642,1.0178913999085553,0.000609756097560922,0.05036899397336252
64,16,4,0.25,42,1,2048x2048,512x512,0.0134149576573819,0.013204394797715175,0.0008252746748571984,0.013204394797711398,1.015946422603417,1.0159464226037074,0.0003042287800425594,0.013033261057817016
64,32,2,0.25,42,1,2048x2048,1024x1024,0.0033510474186956066,0.0033010986994287937,0.0008252746748571984,0.0033010986994278495,1.0151309378527384,1.0151309378530289,0.0003038590094196568,0.0032867980627287003
64,64,1,0.25,42,1,2048x2048,2048x2048,0.0008412403055828297,0.0008252746748571984,0.0008252746748571984,0.0008252746748569624,1.0193458386789755,1.019345838679267,0.0006045949214026821,0.0008235242662699953
64,4,16,0.25,42,2,2048x2048,128x128,0.20492903043570368,0.21127031672360821,0.0008252746748571984,0.21127031676338237,0.9699849634049612,0.96998496322235,0.0006891798759475625,0.1737035030272697
64,8,8,0.25,42,2,2048x2048,256x256,0.05199232900063925,0.0528175791908607,0.0008252746748571984,0.05281757919084559,0.9843754635698213,0.9843754635701029,0.0012610340479193166,0.049745256319543074
64,16,4,0.25,42,2,2048x2048,512x512,0.012949699010305071,0.013204394797715175,0.0008252746748571984,0.013204394797711398,0.9807112865593678,0.9807112865596482,0.00031515915537349675,0.012862899902799731
64,32,2,0.25,42,2,2048x2048,1024x1024,0.0032319126426435295,0.0033010986994287937,0.0008252746748571984,0.0033010986994278495,0.9790415061515017,0.9790415061517816,0.0,0.003242682816530997
64,64,1,0.25,42,2,2048x2048,2048x2048,0.0008066548516652769,0.0008252746748571984,0.0008252746748571984,0.0008252746748569624,0.9774380291081349,0.9774380291084145,0.0006305170239596025,0.0008123342703889504
64,4,16,0.25,42,3,2048x2048,128x128,0.2074712237836311,0.21127031672360821,0.0008252746748571984,0.21127031676338237,0.9820178575064701,0.9820178573215935,0.0027229407760380854,0.17272645008362955
64,8,8,0.25,42,3,2048x2048,256x256,0.052762707141569276,0.0528175791908607,0.0008252746748571984,0.05281757919084559,0.9989611025319215,0.9989611025322072,0.0009319664492078453,0.04946493640535378
64,16,4,0.25,42,3,2048x2048,512x512,0.013206815631058055,0.013204394797715175,0.0008252746748571984,0.013204394797711398,1.0001833354258158,1.000183335426102,0.0012360939431396774,0.012791427691870954
64,32,2,0.25,42,3,2048x2048,1024x1024,0.003300135121237454,0.0033010986994287937,0.0008252746748571984,0.0033010986994278495,0.999708103792381,0.9997081037926668,0.0015427337241591525,0.0032248755812381035
64,64,1,0.25,42,3,2048x2048,2048x2048,0.0008257277122815744,0.0008252746748571984,0.0008252746748571984,0.0008252746748569624,1.000548953503819,1.0005489535041052,0.0015398829688943213,0.0008079039384754862
64,4,16,0.25,7,0,2048x2048,128x128,0.20810677212061296,0.21127031672360821,0.0008252746748571984,0.21127031676338237,0.9850260810318473,0.9850260808464044,0.0010179843909060176,0.1775741307345177
64,8,8,0.25,7,0,2048x2048,256x256,0.051385861102460295,0.0528175791908607,0.0008252746748571984,0.05281757919084559,0.972893152046466,0.9728931520467442,0.0009569377990430794,0.05094951298933257
64,16,4,0.25,7,0,2048x2048,512x512,0.012835424956637078,0.013204394797715175,0.0008252746748571984,0.013204394797711398,0.972057042618724,0.9720570426190022,0.0009538950715421631,0.013181088516346702
64,32,2,0.25,7,0,2048x2048,1024x1024,0.003202383510117801,0.0033010986994287937,0.0008252746748571984,0.0033010986994278495,0.9700962623964943,0.9700962623967717,0.0015898251192368923,0.003323405913229494
64,64,1,0.25,7,0,2048x2048,2048x2048,0.0007995343170351924,0.0008252746748571984,0.0008252746748571984,0.0008252746748569624,0.9688099506670794,0.9688099506673565,0.0012722646310432352,0.0008325984564870459
64,4,16,0.25,7,1,2048x2048,128x128,0.20973095120401103,0.21127031672360821,0.0008252746748571984,0.21127031676338237,0.992713763374478,0.9927137631875879,0.0013468013468012957,0.17444022083513452
64,8,8,0.25,7,1,2048x2048,256x256,0.053139700699896736,0.0528175791908607,0.0008252746748571984,0.05281757919084559,1.0060987556410343,1.0060987556413221,0.0018507094386181703,0.04995309449663631
64,16,4,0.25,7,1,2048x2048,512x512,0.013251709009284766,0.013204394797715175,0.0008252746748571984,0.013204394797711398,1.0035832169739258,1.003583216974213,0.0021558361564521403,0.012922769526208196
64,32,2,0.25,7,1,2048x2048,1024x1024,0.003314390564525737,0.0033010986994287937,0.0008252746748571984,0.0033010986994278495,1.004026497329281,1.0040264973295683,0.0003072196620583341,0.0032588132344052454
64,64,1,0.25,7,1,2048x2048,2048x2048,0.0008280164555555301,0.0008252746748571984,0.0008252746748571984,0.0008252746748569624,1.0033222644313011,1.0033222644315882,0.0012285012285012074,0.0008165156218830592
64,4,16,0.25,7,2,2048x2048,128x128,0.20994280064967163,0.21127031672360821,0.0008252746748571984,0.21127031676338237,0.9937165045496037,0.9937165043625247,0.0003363605785401989,0.17268897186444587
64,8,8,0.25,7,2,2048x2048,256x256,0.052893835335770134,0.0528175791908607,0.0008252746748571984,0.05281757919084559,1.0014437644829173,1.0014437644832037,0.0003098853424233089,0.049467961253065795
64,16,4,0.25,7,2,2048x2048,512x512,0.013304764819916335,0.013204394797715175,0.0008252746748571984,0.013204394797711398,1.0076012588035104,1.0076012588037986,0.0006134969325153368,0.012794054574833966
64,32,2,0.25,7,2,2048x2048,1024x1024,0.003321518286169878,0.0033010986994287937,0.0008252746748571984,0.0033010986994278495,1.006185694097731,1.0061856940980187,0.00061312078479466,0.003225781905068021
64,64,1,0.25,7,2,2048x2048,2048x2048,0.0008310681132541377,0.0008252746748571984,0.0008252746748571984,0.0008252746748569624,1.0070200123346107,1.0070200123348987,0.0006119951040391898,0.0008081607133491302
64,4,16,0.25,7,3,2048x2048,128x128,0.20909540286702916,0.21127031672360821,0.0008252746748571984,0.21127031676338237,0.9897055398491007,0.9897055396627769,0.0023640661938534547,0.1727869640149452
64,8,8,0.25,7,3,2048x2048,256x256,0.0532872199183727,0.0528175791908607,0.0008252746748571984,0.05281757919084559,1.0088917503359045,1.0088917503361932,0.0003075976622577724,0.0494158112160292
64,16,4,0.25,7,3,2048x2048,512x512,0.013394551576369759,0.013204394797715175,0.0008252746748571984,0.013204394797711398,1.0144010218997306,1.0144010219000206,0.0012187690432662996,0.012775158283350442
64,32,2,0.25,7,3,2048x2048,1024x1024,0.0033388284673056498,0.0033010986994287937,0.0008252746748571984,0.0033010986994278495,1.0114294576782525,1.0114294576785419,0.00030497102775232617,0.003220725499248525
64,64,1,0.25,7,3,2048x2048,2048x2048,0.0008343740757609626,0.0008252746748571984,0.0008252746748571984,0.0008252746748569624,1.0110259058965292,1.0110259058968183,0.000304785126485806,0.0008068844653452409
64,4,16,0.25,123,0,2048x2048,128x128,0.20450533154438247,0.21127031672360821,0.0008252746748571984,0.21127031676338237,0.9679794810547099,0.9679794808724762,0.004143646408839758,0.17817739054812323
64,8,8,0.25,123,0,2048x2048,256x256,0.05161533544231179,0.0528175791908607,0.0008252746748571984,0.05281757919084559,0.9772378104607086,0.977237810460988,0.00031756113051763034,0.05100577744977752
64,16,4,0.25,123,0,2048x2048,512x512,0.012961942658912356,0.013204394797715175,0.0008252746748571984,0.013204394797711398,0.9816385269815795,0.9816385269818603,0.000629722921914357,0.013186845812534315
64,32,2,0.25,123,0,2048x2048,1024x1024,0.003237003872389345,0.0033010986994287937,0.0008252746748571984,0.0033010986994278495,0.9805837895575374,0.9805837895578179,0.0003145643284051203,0.0033243524185873107
64,64,1,0.25,123,0,2048x2048,2048x2048,0.0008079263757063634,0.0008252746748571984,0.0008252746748571984,0.0008252746748569624,0.9789787574011806,0.9789787574014606,0.0009442870632672338,0.0008328122272641221
64,4,16,0.25,123,1,2048x2048,128x128,0.21043711602287973,0.21127031672360821,0.0008252746748571984,0.21127031676338237,0.9960562339582304,0.996056233770711,0.002013422818791969,0.17727282015507304
64,8,8,0.25,123,1,2048x2048,256x256,0.0539920339622023,0.0528175791908607,0.0008252746748571984,0.05281757919084559,1.0222360583225067,1.0222360583227992,0.0,0.050735085369377285
64,16,4,0.25,123,1,2048x2048,512x512,0.013459851035608612,0.013204394797715175,0.0008252746748571984,0.013204394797711398,1.019346304151527,1.0193463041518185,0.0,0.01312159718912873
64,32,2,0.25,123,1,2048x2048,1024x1024,0.003357156894390585,0.0033010986994287937,0.0008252746748571984,0.0033010986994278495,1.0169816779399814,1.0169816779402723,0.0009099181073703544,0.0033086582975358474
64,64,1,0.25,123,1,2048x2048,2048x2048,0.0008397144767335259,0.0008252746748571984,0.0008252746748571984,0.0008252746748569624,1.0174969647273207,1.0174969647276118,0.001211387038158671,0.0008289752633973179
64,4,16,0.25,123,2,2048x2048,128x128,0.20492903043570368,0.21127031672360821,0.0008252746748571984,0.21127031676338237,0.9699849634049612,0.96998496322235,0.0,0.17616704287683724
64,8,8,0.25,123,2,2048x2048,256x256,0.05204150207346457,0.0528175791908607,0.0008252746748571984,0.05281757919084559,0.9853064618014448,0.9853064618017265,0.0028346456692913895,0.050576730528452886
64,16,4,0.25,123,2,2048x2048,512x512,0.01305172941536578,0.013204394797715175,0.0008252746748571984,0.013204394797711398,0.9884382900777996,0.9884382900780823,0.0012507817385866151,0.013087172392677569
64,32,2,0.25,123,2,2048x2048,1024x1024,0.003264496513016747,0.0033010986994287937,0.0008252746748571984,0.0033010986994278495,0.9889121199501305,0.9889121199504134,0.0018714909544604232,0.003299920520979743
64,64,1,0.25,123,2,2048x2048,2048x2048,0.0008145383007200132,0.0008252746748571984,0.0008252746748571984,0.0008252746748569624,0.9869905445250177,0.9869905445253,0.002185451139556645,0.0008267319114994691
64,4,16,0.25,123,3,2048x2048,128x128,0.2125556104794859,0.21127031672360821,0.0008252746748571984,0.21127031676338237,1.0060836457094877,1.0060836455200806,0.0006644518272425324,0.17835959608044216
64,8,8,0.25,123,3,2048x2048,256x256,0.0535330852824993,0.0528175791908607,0.0008252746748571984,0.05281757919084559,1.0135467414940216,1.0135467414943116,0.0018371096142070142,0.05108970075824949
64,16,4,0.25,123,3,2048x2048,512x512,0.013410876441179472,0.013204394797715175,0.0008252746748571984,0.013204394797711398,1.0156373424626797,1.01563734246297,0.0018259281801582452,0.013214730951535393
64,32,2,0.25,123,3,2048x2048,1024x1024,0.003376503567424683,0.0033010986994287937,0.0008252746748571984,0.0033010986994278495,1.0228423548829173,1.02284235488321,0.004221954161640527,0.0033321788710405057
64,64,1,0.25,123,3,2048x2048,2048x2048,0.00084403765847322,0.0008252746748571984,0.0008252746748571984,0.0008252746748569624,1.0227354409236757,1.0227354409239684,0.0051220247062368435,0.0008348695501877107
64,4,16,0.25,2023,0,2048x2048,128x128,0.21149636325118282,0.21127031672360821,0.0008252746748571984,0.21127031676338237,1.001069939833859,1.0010699396453957,0.001669449081803024,0.1803836395125559
64,8,8,0.25,2023,0,2048x2048,256x256,0.05286105328721992,0.0528175791908607,0.0008252746748571984,0.05281757919084559,1.0008230989951683,1.0008230989954545,0.0009302325581395516,0.05176431004567898
64,16,4,0.25,2023,0,2048x2048,512x512,0.01324354657687991,0.013204394797715175,0.0008252746748571984,0.013204394797711398,1.0029650566924513,1.0029650566927382,0.0009244992295839416,0.01339105907764391
64,32,2,0.25,2023,0,2048x2048,1024x1024,0.003314390564525737,0.0033010986994287937,0.0008252746748571984,0.0033010986994278495,1.004026497329281,1.0040264973295683,0.0009216589861751331,0.0033762873190294235
64,64,1,0.25,2023,0,2048x2048,2048x2048,0.0008280164555555301,0.0008252746748571984,0.0008252746748571984,0.0008252746748569624,1.0033222644313011,1.0033222644315882,0.000614250614250571,0.0008458449174427238
64,4,16,0.25,2023,1,2048x2048,128x128,0.20944848527646354,0.21127031672360821,0.0008252746748571984,0.21127031676338237,0.991376775140977,0.9913767749543385,0.002022926500337111,0.1790495429478619
64,8,8,0.25,2023,1,2048x2048,256x256,0.053090527627071414,0.0528175791908607,0.0008252746748571984,0.05281757919084559,1.005167757409411,1.0051677574096984,0.003396109910466189,0.0513288998261001
64,16,4,0.25,2023,1,2048x2048,512x512,0.013349658198143047,0.013204394797715175,0.0008252746748571984,0.013204394797711398,1.0110011403516206,1.0110011403519097,0.004585753592173674,0.013273783001598611
64,32,2,0.25,2023,1,2048x2048,1024x1024,0.0033347554835089976,0.0033010986994287937,0.0008252746748571984,0.0033010986994278495,1.010195630953424,1.010195630953713,0.00458015267175575,0.0033464074878844616
64,64,1,0.25,2023,1,2048x2048,2048x2048,0.0008348826853773972,0.0008252746748571984,0.0008252746748571984,0.0008252746748569624,1.0116421972137475,1.0116421972140368,0.0039597928723728104,0.0008383415667834986
64,4,16,0.25,2023,2,2048x2048,128x128,0.20966033472212414,0.21127031672360821,0.0008252746748571984,0.21127031676338237,0.9923795163161027,0.9923795161292754,0.0003368137420006774,0.17583607917967278
64,8,8,0.25,2023,2,2048x2048,256x256,0.05259879689881821,0.0528175791908607,0.0008252746748571984,0.05281757919084559,0.9958577750931769,0.9958577750934616,0.0009348706762230733,0.050346536820514
64,16,4,0.25,2023,2,2048x2048,512x512,0.013141516171819202,0.013204394797715175,0.0008252746748571984,0.013204394797711398,0.9952380531740195,0.9952380531743041,0.0024844720496894385,0.013023714680611176
64,32,2,0.25,2023,2,2048x2048,1024x1024,0.003281806694152519,0.0033010986994287937,0.0008252746748571984,0.0033010986994278495,0.9941558835306521,0.9941558835309364,0.0027924294135898116,0.0032841466078996975
64,64,1,0.25,2023,2,2048x2048,2048x2048,0.0008206416161172284,0.0008252746748571984,0.0008252746748571984,0.0008252746748569624,0.9943860403316366,0.994386040331921,0.002169197396963103,0.0008228448830047498
64,4,16,0.25,2023,3,2048x2048,128x128,0.21093143139608786,0.21127031672360821,0.0008252746748571984,0.21127031676338237,0.9983959633668572,0.9983959631788972,0.0003347840642785441,0.17639308022334865
64,8,8,0.25,2023,3,2048x2048,256x256,0.052893835335770134,0.0528175791908607,0.0008252746748571984,0.05281757919084559,1.0014437644829173,1.0014437644832037,0.002169197396963097,0.05057176809294784
64,16,4,0.25,2023,3,2048x2048,512x512,0.013231302928272626,0.013204394797715175,0.0008252746748571984,0.013204394797711398,1.0020378162702397,1.0020378162705261,0.0012338062924120898,0.013082525570803905
64,32,2,0.25,2023,3,2048x2048,1024x1024,0.0033072628428815953,0.0033010986994287937,0.0008252746748571984,0.0033010986994278495,1.001867300560831,1.0018673005611174,0.0012315270935960394,0.0032986564056859636
64,64,1,0.25,2023,3,2048x2048,2048x2048,0.0008269992363226609,0.0008252746748571984,0.0008252746748571984,0.0008252746748569624,1.0020896817968648,1.0020896817971512,0.0012300123001229802,0.0008264218352095951
64,4,16,0.25,314159,0,2048x2048,128x128,0.20803615563872607,0.21127031672360821,0.0008252746748571984,0.21127031676338237,0.984691833973472,0.9846918337880921,0.0,0.17756524338739452
64,8,8,0.25,314159,0,2048x2048,256x256,0.05268075202019374,0.0528175791908607,0.0008252746748571984,0.05281757919084559,0.9974094388125491,0.9974094388128344,0.0018668326073428428,0.05083314695271898
64,16,4,0.25,314159,0,2048x2048,512x512,0.01314967860422406,0.013204394797715175,0.0008252746748571984,0.013204394797711398,0.9958562134554941,0.9958562134557789,0.0018621973929236477,0.013145153548799192
64,32,2,0.25,314159,0,2048x2048,1024x1024,0.0032919891536441494,0.0033010986994287937,0.0008252746748571984,0.0033010986994278495,0.9972404503427236,0.9972404503430088,0.0009279307145066682,0.0033141965677439414
64,64,1,0.25,314159,0,2048x2048,2048x2048,0.0008229303593911842,0.0008252746748571984,0.0008252746748571984,0.0008252746748569624,0.9971593512591188,0.997159351259404,0.0012360939431396573,0.0008303067270878615
64,4,16,0.25,314159,1,2048x2048,128x128,0.2082480050843867,0.21127031672360821,0.0008252746748571984,0.21127031676338237,0.9856945751485978,0.985694574963029,0.0023736859952526545,0.17202074428078604
64,8,8,0.25,314159,1,2048x2048,256x256,0.05312330967562163,0.0528175791908607,0.0008252746748571984,0.05281757919084559,1.0057884228971599,1.0057884228974474,0.0003085467448318476,0.04922730447713529
64,16,4,0.25,314159,1,2048x2048,512x512,0.013312927252321192,0.013204394797715175,0.0008252746748571984,0.013204394797711398,1.0082194190849851,1.0082194190852733,0.0006131207847946039,0.012728498782788648
64,32,2,0.25,314159,1,2048x2048,1024x1024,0.0033266095159156933,0.0033010986994287937,0.0008252746748571984,0.0033010986994278495,1.0077279775037669,1.007727977504055,0.0009182736455463255,0.0032088168574289687
64,64,1,0.25,314159,1,2048x2048,2048x2048,0.0008323396372952243,0.0008252746748571984,0.0008252746748571984,0.0008252746748569624,1.0085607406276562,1.0085607406279447,0.0009165902841429887,0.0008038503207382094
64,4,16,0.25,314159,2,2048x2048,128x128,0.2066944424828755,0.21127031672360821,0.0008252746748571984,0.21127031676338237,0.9783411398643423,0.978341139680158,0.00034164673727366294,0.17832877415512327
64,8,8,0.25,314159,2,2048x2048,256x256,0.05322165582127227,0.0528175791908607,0.0008252746748571984,0.05281757919084559,1.0076504193604068,1.0076504193606948,0.002771789344009905,0.05107398725115457
64,16,4,0.25,314159,2,2048x2048,512x512,0.013251709009284766,0.013204394797715175,0.0008252746748571984,0.013204394797711398,1.0035832169739258,1.003583216974213,0.0015398829688943298,0.013207850497889601
64,32,2,0.25,314159,2,2048x2048,1024x1024,0.003317445302373226,0.0033010986994287937,0.0008252746748571984,0.0033010986994278495,1.0049518673729025,1.0049518673731899,0.0,0.0033299326650445948
64,64,1,0.25,314159,2,2048x2048,2048x2048,0.000828779369980182,0.0008252746748571984,0.0008252746748571984,0.0008252746748569624,1.0042467014071286,1.0042467014074157,0.00030684258975143593,0.0008342338142763786
64,4,16,0.25,314159,3,2048x2048,128x128,0.2089541699032554,0.21127031672360821,0.0008252746748571984,0.21127031676338237,0.9890370457323502,0.9890370455461522,0.0010138560324434046,0.1774836591164417
64,8,8,0.25,314159,3,2048x2048,256x256,0.053024963529970985,0.0528175791908607,0.0008252746748571984,0.05281757919084559,1.003926426433913,1.0039264264342,0.002163833075734131,0.05086994730729513
64,16,4,0.25,314159,3,2048x2048,512x512,0.013190490766248342,0.013204394797715175,0.0008252746748571984,0.013204394797711398,0.9989470148628669,0.9989470148631525,0.0018564356435643544,0.013159699833607727
64,32,2,0.25,314159,3,2048x2048,1024x1024,0.0033082810888307584,0.0033010986994287937,0.0008252746748571984,0.0033010986994278495,1.002175757242038,1.0021757572423247,0.0015389350569406052,0.00331828916240305
64,64,1,0.25,314159,3,2048x2048,2048x2048,0.0008282707603637474,0.0008252746748571984,0.0008252746748571984,0.0008252746748569624,1.0036304100899103,1.0036304100901974,0.0015351550506601396,0.0008313719143310792
64,4,16,0.25,271828,0,2048x2048,128x128,0.20754184026551797,0.21127031672360821,0.0008252746748571984,0.21127031676338237,0.9823521045648453,0.9823521043799058,0.0017012589316093433,0.17362863850193516
64,8,8,0.25,271828,0,2048x2048,256x256,0.05197593797636414,0.0528175791908607,0.0008252746748571984,0.05281757919084559,0.9840651308259468,0.9840651308262283,0.0003153579312519767,0.04972132687439461
64,16,4,0.25,271828,0,2048x2048,512x512,0.013055810631568207,0.013204394797715175,0.0008252746748571984,0.013204394797711398,0.9887473702185368,0.9887473702188195,0.00031259768677708433,0.012857447490246473
64,32,2,0.25,271828,0,2048x2048,1024x1024,0.0032665330049150734,0.0033010986994287937,0.0008252746748571984,0.0033010986994278495,0.9895290333125449,0.9895290333128279,0.0,0.0032415634760049063
64,64,1,0.25,271828,0,2048x2048,2048x2048,0.0008180985680350554,0.0008252746748571984,0.0008252746748571984,0.0008252746748569624,0.9913045837455453,0.9913045837458289,0.00031084861672369996,0.0008120974091458882
64,4,16,0.25,271828,1,2048x2048,128x128,0.21093143139608786,0.21127031672360821,0.0008252746748571984,0.21127031676338237,0.9983959633668572,0.9983959631788972,0.0016739203213927206,0.17352777447004372
64,8,8,0.25,271828,1,2048x2048,256x256,0.052713534068743954,0.0528175791908607,0.0008252746748571984,0.05281757919084559,0.998030104300298,0.9980301043005835,0.0012437810945273857,0.04964898156075307
64,16,4,0.25,271828,1,2048x2048,512x512,0.013214978063462912,0.013204394797715175,0.0008252746748571984,0.013204394797711398,1.0008014957072906,1.0008014957075768,0.0012353304508956131,0.012838995734162292
64,32,2,0.25,271828,1,2048x2048,1024x1024,0.003303189859084943,0.0033010986994287937,0.0008252746748571984,0.0033010986994278495,1.0006334738360023,1.0006334738362885,0.0,0.0032371547645986968
64,64,1,0.25,271828,1,2048x2048,2048x2048,0.0008257277122815744,0.0008252746748571984,0.0008252746748571984,0.0008252746748569624,1.000548953503819,1.0005489535041052,0.0003079765937789168,0.0008110291630394139
64,4,16,0.25,271828,2,2048x2048,128x128,0.20725937433797048,0.21127031672360821,0.0008252746748571984,0.21127031676338237,0.9810151163313444,0.9810151161466566,0.0010221465076660434,0.17469364872431573
64,8,8,0.25,271828,2,2048x2048,256x256,0.052189021291940536,0.0528175791908607,0.0008252746748571984,0.05281757919084559,0.988099456496315,0.9880994564965977,0.0006281407035175328,0.0500231916860393
64,16,4,0.25,271828,2,2048x2048,512x512,0.013039485766758493,0.013204394797715175,0.0008252746748571984,0.013204394797711398,0.9875110496555877,0.9875110496558701,0.000938967136150267,0.012934166162940259
64,32,2,0.25,271828,2,2048x2048,1024x1024,0.0032573687913726055,0.0033010986994287937,0.0008252746748571984,0.0033010986994278495,0.9867529231816804,0.9867529231819626,0.0009377930603313719,0.0032606106262082044
64,64,1,0.25,271828,2,2048x2048,2048x2048,0.0008150469103364478,0.0008252746748571984,0.0008252746748571984,0.0008252746748569624,0.9876068358422359,0.9876068358425184,0.0009360374414976605,0.0008168219064852562
64,4,16,0.25,271828,3,2048x2048,128x128,0.20627074359155426,0.21127031672360821,0.0008252746748571984,0.21127031676338237,0.9763356575140909,0.976335657330284,0.0023964395754878737,0.17593449397300864
64,8,8,0.25,271828,3,2048x2048,256x256,0.05205789309773968,0.0528175791908607,0.0008252746748571984,0.05281757919084559,0.9856167945453193,0.9856167945456011,0.0031486146095717786,0.05027065713272687
64,16,4,0.25,271828,3,2048x2048,512x512,0.013063973063973064,0.013204394797715175,0.0008252746748571984,0.013204394797711398,0.9893655305000114,0.9893655305002943,0.0015620118712902534,0.012994589750143701
64,32,2,0.25,271828,3,2048x2048,1024x1024,0.0032746789725083777,0.0033010986994287937,0.0008252746748571984,0.0033010986994278495,0.9919966867622021,0.9919966867624858,0.0,0.0032760156085023793
64,64,1,0.25,271828,3,2048x2048,2048x2048,0.0008175899584186208,0.0008252746748571984,0.0008252746748571984,0.0008252746748569624,0.9906882924283271,0.9906882924286105,0.00031104199066871836,0.0008207377938178421
64,4,16,0.5,42,0,2048x2048,128x128,0.2355765835746063,0.255640279001267,0.0010000566485671978,0.25601447675574845,0.9215159070196397,0.9201689941907426,0.0011990407673861047,0.2003607260709453
64,8,8,0.5,42,0,2048x2048,256x256,0.0631873985805373,0.06400362550830066,0.0010000566485671978,0.06400361918893711,0.9872471766828662,0.9872472741581949,0.0007782101167315314,0.060568090692312254
64,16,4,0.5,42,0,2048x2048,512x512,0.016145291296806447,0.016000906377075165,0.0010000566485671978,0.01600090479723428,1.0090235463122355,1.0090236459376425,0.0010111223458038412,0.015881134435727248
64,32,2,0.5,42,0,2048x2048,1024x1024,0.004063819583109743,0.004000226594268791,0.0010000566485671978,0.00400022619930857,1.015897346648328,1.0158974469524162,0.0012528188423953962,0.004017638565750492
64,64,1,0.5,42,0,2048x2048,2048x2048,0.0010179821472938535,0.0010000566485671978,0.0010000566485671978,0.0010000565498271424,1.0179244833303573,1.0179245838345936,0.00124906320259807,0.0010073580351825583
64,4,16,0.5,42,1,2048x2048,128x128,0.23479980227385072,0.255640279001267,0.0010000566485671978,0.25601447675574845,0.9184773353837835,0.9171348638142144,0.0009022556390977546,0.19910357464979545
64,8,8,0.5,42,1,2048x2048,256x256,0.0643511613040699,0.06400362550830066,0.0010000566485671978,0.06400361918893711,1.005429939210618,1.0054300384812123,0.002547121752419703,0.06031749538021206
64,16,4,0.5,42,1,2048x2048,512x512,0.016271808999081726,0.016000906377075165,0.0010000566485671978,0.01600090479723428,1.0169304547894042,1.0169305551954957,0.0022573363431151483,0.015829417999764797
64,32,2,0.5,42,1,2048x2048,1024x1024,0.004088257485889657,0.004000226594268791,0.0010000566485671978,0.00400022619930857,1.0220064762698666,1.0220065771771365,0.002241594022416037,0.004005974960660782
64,64,1,0.5,42,1,2048x2048,2048x2048,0.001021796719417113,0.0010000566485671978,0.0010000566485671978,0.0010000565498271424,1.021738839375812,1.0217389402566568,0.001991040318566523,0.0010045828961776917
64,4,16,0.5,42,2,2048x2048,128x128,0.22851493538591908,0.255640279001267,0.0010000566485671978,0.25601447675574845,0.8938925285118567,0.8925859907677588,0.0030902348578492316,0.1963196249843609
64,8,8,0.5,42,2,2048x2048,256x256,0.062187546099755776,0.06400362550830066,0.0010000566485671978,0.06400361918893711,0.9716253666238117,0.9716254625567292,0.0015814443858724028,0.05915678228016106
64,16,4,0.5,42,2,2048x2048,512x512,0.01575757575757576,0.016000906377075165,0.0010000566485671978,0.01600090479723428,0.9847926977531704,0.9847927949861573,0.0012950012950013212,0.015502717739719172
64,32,2,0.5,42,2,2048x2048,1024x1024,0.0039487577908543185,0.004000226594268791,0.0010000566485671978,0.00400022619930857,0.9871335280135847,0.9871336254776923,0.002062919030428023,0.003921696969778907
64,64,1,0.5,42,2,2048x2048,2048x2048,0.0009900086183899505,0.0010000566485671978,0.0010000566485671978,0.0010000565498271424,0.9899525389970225,0.9899526367394637,0.0017980991523246681,0.0009833194905570573
64,4,16,0.5,42,3,2048x2048,128x128,0.23451733634630323,0.255640279001267,0.0010000566485671978,0.25601447675574845,0.9173724002434722,0.916031543677295,0.00030111412225233706,0.19627850542313924
64,8,8,0.5,42,3,2048x2048,256x256,0.06289236014358537,0.06400362550830066,0.0010000566485671978,0.06400361918893711,0.9826374622392108,0.9826375592594018,0.00026062027625749755,0.059242655499765255
64,16,4,0.5,42,3,2048x2048,512x512,0.01599020508111417,0.016000906377075165,0.0010000566485671978,0.01600090479723428,0.9993312068886094,0.9993313055570485,0.002552322613578408,0.015531005794003336
64,32,2,0.5,42,3,2048x2048,1024x1024,0.004007816055905776,0.004000226594268791,0.0010000566485671978,0.00400022619930857,1.0018972579323027,1.0018973568540994,0.0015243902439023606,0.0039292093479437774
64,64,1,0.5,42,3,2048x2048,2048x2048,0.001003995382841902,0.0010000566485671978,0.0010000566485671978,0.0010000565498271424,1.0039385111636898,1.0039386102870287,0.0010131712259371121,0.00098523041217402
64,4,16,0.5,7,0,2048x2048,128x128,0.2430619306546148,0.255640279001267,0.0010000566485671978,0.25601447675574845,0.9507966882378897,0.9494069778191055,0.0,0.20101958537743123
64,8,8,0.5,7,0,2048x2048,256x256,0.06574439836745398,0.06400362550830066,0.0010000566485671978,0.06400361918893711,1.0271980351945462,1.0271981366144018,0.0007479431563201332,0.060814695073895364
64,16,4,0.5,7,0,2048x2048,512x512,0.016610549943883276,0.016000906377075165,0.0010000566485671978,0.01600090479723428,1.0381005645831138,1.038100667079425,0.0,0.015953491582345082
64,32,2,0.5,7,0,2048x2048,1024x1024,0.004163607686127723,0.004000226594268791,0.0010000566485671978,0.00400022619930857,1.0408429592696102,1.0408430620366902,0.00024455857177796295,0.004036886778379492
64,64,1,0.5,7,0,2048x2048,2048x2048,0.0010418867992662798,0.0010000566485671978,0.0010000566485671978,0.0010000565498271424,1.041827781215207,1.041827884079523,0.0002440810349035708,0.0010122923720908216
64,4,16,0.5,7,1,2048x2048,128x128,0.23268130781724455,0.255640279001267,0.0010000566485671978,0.25601447675574845,0.9101903218314487,0.9088599627873193,0.0015174506828528245,0.19901212323671624
64,8,8,0.5,7,1,2048x2048,256x256,0.06235145634250684,0.06400362550830066,0.0010000566485671978,0.06400361918893711,0.9741863190925091,0.974186415278281,0.0,0.060067949326671484
64,16,4,0.5,7,1,2048x2048,512x512,0.01589225589225589,0.016000906377075165,0.0010000566485671978,0.01600090479723428,0.9932097293578982,0.9932098274219364,0.0,0.01574132995481872
64,32,2,0.5,7,1,2048x2048,1024x1024,0.003977268677430884,0.004000226594268791,0.0010000566485671978,0.00400022619930857,0.9942608459053796,0.9942609440731992,0.0015360983102917795,0.003981415987156383
64,64,1,0.5,7,1,2048x2048,2048x2048,0.0009981463722529042,0.0010000566485671978,0.0010000566485671978,0.0010000565498271424,0.9980898318939927,0.9980899304398653,0.0017834394904458427,0.0009981831156669115
64,4,16,0.5,7,2,2048x2048,128x128,0.23734199562177813,0.255640279001267,0.0010000566485671978,0.25601447675574845,0.9284217516465855,0.9270647450464886,0.0008925914906277994,0.19746423967244175
64,8,8,0.5,7,2,2048x2048,256x256,0.06405612286711797,0.06400362550830066,0.0010000566485671978,0.06400361918893711,1.0008202247669626,1.0008203235824191,0.0005117707267144412,0.05970291405385922
64,16,4,0.5,7,2,2048x2048,512x512,0.016414651566166717,0.016000906377075165,0.0010000566485671978,0.01600090479723428,1.0258576095216914,1.0258577108092009,0.0004972650422674752,0.015657371377642434
64,32,2,0.5,7,2,2048x2048,1024x1024,0.004103531175127103,0.004000226594268791,0.0010000566485671978,0.00400022619930857,1.0258246822833281,1.0258247835675864,0.0004962779156327992,0.003961324901325012
64,64,1,0.5,7,2,2048x2048,2048x2048,0.0010258655963485898,0.0010000566485671978,0.0010000566485671978,0.0010000565498271424,1.0258074858242971,1.0258075871068575,0.0014873574615766,0.000993268986852165
64,4,16,0.5,7,3,2048x2048,128x128,0.23826000988630747,0.255640279001267,0.0010000566485671978,0.25601447675574845,0.9320127908525973,0.9306505354914765,0.0005927682276230061,0.19913109253066918
64,8,8,0.5,7,3,2048x2048,256x256,0.0632037896048124,0.06400362550830066,0.0010000566485671978,0.06400361918893711,0.9875032719297359,0.98750336943035,0.0015560165975104015,0.06023322636369932
64,16,4,0.5,7,3,2048x2048,512x512,0.01592082440567289,0.016000906377075165,0.0010000566485671978,0.01600090479723428,0.9949951603043558,0.9949952585446775,0.001794411689310404,0.015799810581135176
64,32,2,0.5,7,3,2048x2048,1024x1024,0.0040067978099566125,0.004000226594268791,0.0010000566485671978,0.00400022619930857,1.0016427108647386,1.0016428097614027,0.0002541296060991335,0.00399779374261149
64,64,1,0.5,7,3,2048x2048,2048x2048,0.0010017066395679463,0.0010000566485671978,0.0010000566485671978,0.0010000565498271424,1.001649897536417,1.0016499964337908,0.0007616146230008162,0.0010024577769426758
64,4,16,0.5,123,0,2048x2048,128x128,0.23218699244403643,0.255640279001267,0.0010000566485671978,0.25601447675574845,0.9082566853359038,0.9069291525477103,0.003649635036496332,0.19861226285930597
64,8,8,0.5,123,0,2048x2048,256x256,0.063449654968939,0.06400362550830066,0.0010000566485671978,0.06400361918893711,0.991344700632782,0.9913447985126775,0.0002583311805734999,0.059899811614773514
64,16,4,0.5,123,0,2048x2048,512x512,0.016108560350984593,0.016000906377075165,0.0010000566485671978,0.01600090479723428,1.0067279922382188,1.0067280916369756,0.0027869267798327547,0.015699090713165637
64,32,2,0.5,123,0,2048x2048,1024x1024,0.0040261444829907105,0.004000226594268791,0.0010000566485671978,0.00400022619930857,1.0064791051484565,1.0064792045226394,0.002023267577137044,0.003971311338116901
64,64,1,0.5,123,0,2048x2048,2048x2048,0.001006538430924075,0.0010000566485671978,0.0010000566485671978,0.0010000565498271424,1.0064814151939931,1.006481514568404,0.002021222839818163,0.0009957363154940249
64,4,16,0.5,123,1,2048x2048,128x128,0.23543535061083257,0.255640279001267,0.0010000566485671978,0.25601447675574845,0.920963439449484,0.919617334122283,0.002399520095980831,0.1991993239065473
64,8,8,0.5,123,1,2048x2048,256x256,0.062138373026930455,0.06400362550830066,0.0010000566485671978,0.06400361918893711,0.9708570808832024,0.9708571767402637,0.0023740437879187417,0.06027398861182292
64,16,4,0.5,123,1,2048x2048,512x512,0.015684113865932048,0.016000906377075165,0.0010000566485671978,0.01600090479723428,0.9802015896051368,0.9802016863848232,0.0018214936247723944,0.015806394625278452
64,32,2,0.5,123,1,2048x2048,1024x1024,0.003934502347566036,0.004000226594268791,0.0010000566485671978,0.00400022619930857,0.9835698690676874,0.9835699661799391,0.0010351966873705838,0.003998742340610456
64,64,1,0.5,123,1,2048x2048,2048x2048,0.0009839053029927353,0.0010000566485671978,0.0010000566485671978,0.0010000565498271424,0.9838495693242949,0.9838496664641626,0.0007753941586973934,0.0010026049308233032
64,4,16,0.5,123,2,2048x2048,128x128,0.24002542193347928,0.255640279001267,0.0010000566485671978,0.25601447675574845,0.9389186354795429,0.9375462863472225,0.0014710208884966332,0.1972497935998627
64,8,8,0.5,123,2,2048x2048,256x256,0.06371191135734072,0.06400362550830066,0.0010000566485671978,0.06400361918893711,0.9954422245826979,0.9954423228671604,0.0012863390789812426,0.059598041670692166
64,16,4,0.5,123,2,2048x2048,512x512,0.01611264156718702,0.016000906377075165,0.0010000566485671978,0.01600090479723428,1.0069830538019984,1.0069831532259386,0.0010131712259371824,0.01563107587494772
64,32,2,0.5,123,2,2048x2048,1024x1024,0.0040454911560248085,0.004000226594268791,0.0010000566485671978,0.00400022619930857,1.0113154994321745,1.0113155992838763,0.0007550969041027615,0.0039552259429341645
64,64,1,0.5,123,2,2048x2048,2048x2048,0.0010128960511295074,0.0010000566485671978,0.0010000566485671978,0.0010000565498271424,1.012838675269751,1.0128387752718426,0.001255335174491501,0.0009918279457776446
64,4,16,0.5,123,3,2048x2048,128x128,0.23430548690064262,0.255640279001267,0.0010000566485671978,0.25601447675574845,0.9165436988882388,0.9152040535746055,0.0018083182640144277,0.19722482524737803
64,8,8,0.5,123,3,2048x2048,256x256,0.06294153321641069,0.06400362550830066,0.0010000566485671978,0.06400361918893711,0.9834057479798198,0.9834058450758671,0.0005208333333333428,0.059657218886624
64,16,4,0.5,123,3,2048x2048,512x512,0.016059585756555455,0.016000906377075165,0.0010000566485671978,0.01600090479723428,1.0036672534728632,1.0036673525694197,0.0007623888182974117,0.01564736069274511
64,32,2,0.5,123,3,2048x2048,1024x1024,0.004011889039702428,0.004000226594268791,0.0010000566485671978,0.00400022619930857,1.0029154462025591,1.0029155452248861,0.001522842639593938,0.0039589307646889105
64,64,1,0.5,123,3,2048x2048,2048x2048,0.0010052669068829885,0.0010000566485671978,0.0010000566485671978,0.0010000565498271424,1.0052099631788414,1.0052100624277165,0.0017708069820389408,0.000992677455780847
64,4,16,0.5,2023,0,2048x2048,128x128,0.22957418261422216,0.255640279001267,0.0010000566485671978,0.25601447675574845,0.8980360352880241,0.8967234412812063,0.0009227929867732505,0.19727608621241413
64,8,8,0.5,2023,0,2048x2048,256x256,0.062384238391057056,0.06400362550830066,0.0010000566485671978,0.06400361918893711,0.9746985095862486,0.9746986058225913,0.003678402522333169,0.05962117927826273
64,16,4,0.5,2023,0,2048x2048,512x512,0.01582287521681461,0.016000906377075165,0.0010000566485671978,0.01600090479723428,0.9888736827736445,0.9888737804095654,0.002321382512251766,0.01563638221444765
64,32,2,0.5,2023,0,2048x2048,1024x1024,0.003976250431481721,0.004000226594268791,0.0010000566485671978,0.00400022619930857,0.9940062988378154,0.9940063969805025,0.0028169014084507412,0.00395605526725938
64,64,1,0.5,2023,0,2048x2048,2048x2048,0.00099382319051321,0.0010000566485671978,0.0010000566485671978,0.0010000565498271424,0.9937668950424773,0.993766993161527,0.003070624360286593,0.0009919446485135155
64,4,16,0.5,2023,1,2048x2048,128x128,0.2364239813572488,0.255640279001267,0.0010000566485671978,0.25601447675574845,0.9248307124405737,0.9234789546015008,0.0017921146953404632,0.19886304144210984
64,8,8,0.5,2023,1,2048x2048,256x256,0.06267927682800899,0.06400362550830066,0.0010000566485671978,0.06400361918893711,0.9793082240299041,0.9793083207213845,0.0005230125523012646,0.06011476383890856
64,16,4,0.5,2023,1,2048x2048,512x512,0.015859606162636465,0.016000906377075165,0.0010000566485671978,0.01600090479723428,0.9911692368476611,0.9911693347102324,0.0,0.01576790597031071
64,32,2,0.5,2023,1,2048x2048,1024x1024,0.003976250431481721,0.004000226594268791,0.0010000566485671978,0.00400022619930857,0.9940062988378154,0.9940063969805025,0.0002560819462228145,0.003989760343112243
64,64,1,0.5,2023,1,2048x2048,2048x2048,0.0009943318001296446,0.0010000566485671978,0.0010000566485671978,0.0010000565498271424,0.9942754758485378,0.994275574017802,0.0005115089514066136,0.0010004598841835992
64,4,16,0.5,2023,2,2048x2048,128x128,0.234093637454982,0.255640279001267,0.0010000566485671978,0.25601447675574845,0.9157149975330052,0.914376563471916,0.0015082956259426425,0.19871316846596157
64,8,8,0.5,2023,2,2048x2048,256x256,0.0624825845367077,0.06400362550830066,0.0010000566485671978,0.06400361918893711,0.9762350810674671,0.9762351774555224,0.000524658971668425,0.060067437302465665
64,16,4,0.5,2023,2,2048x2048,512x512,0.015867768595041323,0.016000906377075165,0.0010000566485671978,0.01600090479723428,0.9916793599752204,0.9916794578881584,0.0,0.015757866180959448
64,32,2,0.5,2023,2,2048x2048,1024x1024,0.003970140955786743,0.004000226594268791,0.0010000566485671978,0.00400022619930857,0.9924790164324309,0.9924791144243226,0.00025647601949220066,0.003987650718058844
64,64,1,0.5,2023,2,2048x2048,2048x2048,0.0009948404097460792,0.0010000566485671978,0.0010000566485671978,0.0010000565498271424,0.9947840566545985,0.994784154874077,0.0005112474437627452,0.0009999853567499608
64,4,16,0.5,2023,3,2048x2048,128x128,0.22943294965044841,0.255640279001267,0.0010000566485671978,0.25601447675574845,0.8974835677178685,0.8961717812127467,0.00030778701138806244,0.19646885912123843
64,8,8,0.5,2023,3,2048x2048,256x256,0.06259732170663344,0.06400362550830066,0.0010000566485671978,0.06400361918893711,0.9780277477955552,0.9780278443606085,0.0013092432573972481,0.0593522160582451
64,16,4,0.5,2023,3,2048x2048,512x512,0.015806550352004897,0.016000906377075165,0.0010000566485671978,0.01600090479723428,0.9878534365185259,0.9878535340537132,0.0012909888974955077,0.015560533163158247
64,32,2,0.5,2023,3,2048x2048,1024x1024,0.003980323415278373,0.004000226594268791,0.0010000566485671978,0.00400022619930857,0.9950244871080719,0.9950245853512892,0.0012790995139421914,0.003936341814201246
64,64,1,0.5,2023,3,2048x2048,2048x2048,0.0009935688857049926,0.0010000566485671978,0.0010000566485671978,0.0010000565498271424,0.9935126046394469,0.9935127027333893,0.0007678525723061723,0.0009869477339116872
64,4,16,0.5,314159,0,2048x2048,128x128,0.23148082762516772,0.255640279001267,0.0010000566485671978,0.25601447675574845,0.9054943474851256,0.904170852205412,0.0,0.197936857860727
64,8,8,0.5,314159,0,2048x2048,256x256,0.061892507662803846,0.06400362550830066,0.0010000566485671978,0.06400361918893711,0.9670156521801563,0.9670157476579361,0.0015889830508474302,0.059866066930291506
64,16,4,0.5,314159,0,2048x2048,512x512,0.015610651974288337,0.016000906377075165,0.0010000566485671978,0.01600090479723428,0.9756104814571034,0.9756105777834891,0.001307189542483631,0.01570369685084153
64,32,2,0.5,314159,0,2048x2048,1024x1024,0.003918210412379427,0.004000226594268791,0.0010000566485671978,0.00400022619930857,0.9794971159866617,0.9794972126967922,0.0005197505197505668,0.003973546549995691
64,64,1,0.5,314159,0,2048x2048,2048x2048,0.0009798364260612585,0.0010000566485671978,0.0010000566485671978,0.0010000565498271424,0.9797809228758099,0.9797810196139619,0.0002595380223202516,0.000996393770480653
64,4,16,0.5,314159,1,2048x2048,128x128,0.23169267707082833,0.255640279001267,0.0010000566485671978,0.25601447675574845,0.906323048840359,0.9049983423081015,0.0039622066443157425,0.1994378848440538
64,8,8,0.5,314159,1,2048x2048,256x256,0.06228589224540641,0.06400362550830066,0.0010000566485671978,0.06400361918893711,0.9731619381050302,0.9731620341896602,0.0036842105263158002,0.06031882022298417
64,16,4,0.5,314159,1,2048x2048,512x512,0.015863687378838896,0.016000906377075165,0.0010000566485671978,0.01600090479723428,0.9914242984114409,0.9914243962991955,0.0043735528685361685,0.015816692953863756
64,32,2,0.5,314159,1,2048x2048,1024x1024,0.003994578858566656,0.004000226594268791,0.0010000566485671978,0.00400022619930857,0.9985881460539693,0.9985882446490426,0.0053530461381595135,0.004001182231452324
64,64,1,0.5,314159,1,2048x2048,2048x2048,0.0009978920674446868,0.0010000566485671978,0.0010000566485671978,0.0010000565498271424,0.9978355414909622,0.9978356400117276,0.005606523955147848,0.00100320013623218
64,4,16,0.5,314159,2,2048x2048,128x128,0.22583150907421792,0.255640279001267,0.0010000566485671978,0.25601447675574845,0.8833956446788992,0.8821044494670248,0.0006253908692933154,0.19728485428432888
64,8,8,0.5,314159,2,2048x2048,256x256,0.0631873985805373,0.06400362550830066,0.0010000566485671978,0.06400361918893711,0.9872471766828662,0.9872472741581949,0.0018158236057069068,0.059698570419661784
64,16,4,0.5,314159,2,2048x2048,512x512,0.015904499540863176,0.016000906377075165,0.0010000566485671978,0.01600090479723428,0.9939749140492371,0.9939750121888253,0.001796253528355116,0.01565846258265015
64,32,2,0.5,314159,2,2048x2048,1024x1024,0.0039742139395833945,0.004000226594268791,0.0010000566485671978,0.00400022619930857,0.9934972047026872,0.9934973027951091,0.0012810658467845317,0.003961925025972436
64,64,1,0.5,314159,2,2048x2048,2048x2048,0.0009971291530200348,0.0010000566485671978,0.0010000566485671978,0.0010000565498271424,0.9970726702818713,0.9970727687273149,0.0007651109410864037,0.0009934629823006912
64,4,16,0.5,314159,3,2048x2048,128x128,0.23670644728479628,0.255640279001267,0.0010000566485671978,0.25601447675574845,0.925935647580885,0.9245822747384201,0.0005966587112171319,0.19804334356483255
64,8,8,0.5,314159,3,2048x2048,256x256,0.06330213575046305,0.06400362550830066,0.0010000566485671978,0.06400361918893711,0.9890398434109543,0.9890399410632811,0.0005178663904712677,0.059845971143357685
64,16,4,0.5,314159,3,2048x2048,512x512,0.01602693602693603,0.016000906377075165,0.0010000566485671978,0.01600090479723428,1.0016267609626262,1.0016268598577156,0.00025464731347086964,0.01569583774914205
64,32,2,0.5,314159,3,2048x2048,1024x1024,0.0040129072856515905,0.004000226594268791,0.0010000566485671978,0.00400022619930857,1.003169993270123,1.0031700923175826,0.0002537427048971491,0.003971338723415128
64,64,1,0.5,314159,3,2048x2048,2048x2048,0.0010004351155268598,0.0010000566485671978,0.0010000566485671978,0.0010000565498271424,1.0003784455212654,1.000378544293103,0.0005083884087442449,0.0009958117832722347
64,4,16,0.5,271828,0,2048x2048,128x128,0.23374055504554764,0.255640279001267,0.0010000566485671978,0.25601447675574845,0.9143338286076161,0.9129974133007669,0.0018126888217522862,0.20070605693484514
64,8,8,0.5,271828,0,2048x2048,256x256,0.0629743152649609,0.06400362550830066,0.0010000566485671978,0.06400361918893711,0.9839179384735594,0.9839180356201775,0.003643935450286265,0.06063375131616169
64,16,4,0.5,271828,0,2048x2048,512x512,0.016153453729211304,0.016000906377075165,0.0010000566485671978,0.01600090479723428,1.0095336694397947,1.0095337691155686,0.004042445679636176,0.015897999417929756
64,32,2,0.5,271828,0,2048x2048,1024x1024,0.004042436418177319,0.004000226594268791,0.0010000566485671978,0.00400022619930857,1.010551858229482,1.0105519580057862,0.004030226700251932,0.004022189784151013
64,64,1,0.5,271828,0,2048x2048,2048x2048,0.0010123874415130729,0.0010000566485671978,0.0010000566485671978,0.0010000565498271424,1.0123300944636902,1.0123301944155676,0.00376789751318759,0.0010085520947193366
64,4,16,0.5,271828,1,2048x2048,128x128,0.23790692747687311,0.255640279001267,0.0010000566485671978,0.25601447675574845,0.930631621927208,0.9292713853203274,0.0014841199168893014,0.20084327364138294
64,8,8,0.5,271828,1,2048x2048,256x256,0.06259732170663344,0.06400362550830066,0.0010000566485671978,0.06400361918893711,0.9780277477955552,0.9780278443606085,0.002880335166273946,0.06073011399811495
64,16,4,0.5,271828,1,2048x2048,512x512,0.015994286297316602,0.016000906377075165,0.0010000566485671978,0.01600090479723428,0.9995862684523892,0.9995863671460116,0.0017861699413115298,0.015931970376761476
64,32,2,0.5,271828,1,2048x2048,1024x1024,0.004016980269448243,0.004000226594268791,0.0010000566485671978,0.00400022619930857,1.0041881815403795,1.0041882806883695,0.0017743979721165479,0.004031588719970136
64,64,1,0.5,271828,1,2048x2048,2048x2048,0.0010045039924583366,0.0010000566485671978,0.0010000566485671978,0.0010000565498271424,1.0044470919697503,1.0044471911433037,0.0,0.0010109805004996295
64,4,16,0.5,271828,2,2048x2048,128x128,0.23197514299837582,0.255640279001267,0.0010000566485671978,0.25601447675574845,0.9074279839806704,0.9061016624450209,0.0009132420091323706,0.19747295736993475
64,8,8,0.5,271828,2,2048x2048,256x256,0.06166303332295235,0.06400362550830066,0.0010000566485671978,0.06400361918893711,0.9634303187239799,0.9634304138477636,0.0015948963317384656,0.05962911271061479
64,16,4,0.5,271828,2,2048x2048,512x512,0.015851443730231608,0.016000906377075165,0.0010000566485671978,0.01600090479723428,0.9906591137201017,0.9906592115323063,0.003604531410916632,0.015642242747414884
64,32,2,0.5,271828,2,2048x2048,1024x1024,0.003994578858566656,0.004000226594268791,0.0010000566485671978,0.00400022619930857,0.9985881460539693,0.9985882446490426,0.00433341830231972,0.003958577335846187
64,64,1,0.5,271828,2,2048x2048,2048x2048,0.0010019609443761635,0.0010000566485671978,0.0010000566485671978,0.0010000565498271424,1.0019041879394472,1.0019042868619283,0.0035532994923858615,0.0009927279287379812
64,4,16,0.5,271828,3,2048x2048,128x128,0.2331050067085658,0.255640279001267,0.0010000566485671978,0.25601447675574845,0.9118477245419156,0.9105149429926983,0.0003029385034837962,0.19976411549148537
64,8,8,0.5,271828,3,2048x2048,256x256,0.06277762297365963,0.06400362550830066,0.0010000566485671978,0.06400361918893711,0.9808447955111226,0.9808448923543156,0.0010443864229764096,0.06040133641398794
64,16,4,0.5,271828,3,2048x2048,512x512,0.01590041832466075,0.016000906377075165,0.0010000566485671978,0.01600090479723428,0.9937198524854575,0.9937199505998624,0.000513347022587323,0.01584458612369931
64,32,2,0.5,271828,3,2048x2048,1024x1024,0.003996615350464982,0.004000226594268791,0.0010000566485671978,0.00400022619930857,0.9990972401890975,0.999097338834436,0.0017834394904458044,0.004009405764544936
64,64,1,0.5,271828,3,2048x2048,2048x2048,0.001000689420335077,0.0010000566485671978,0.0010000566485671978,0.0010000565498271424,1.0006327359242957,1.0006328347212405,0.002287166454892051,0.0010054168754362303
64,4,16,0.75,42,0,2048x2048,128x128,0.26255207965539157,0.3170384905899861,0.0012878456868527868,0.32968834649821965,0.8281394450459336,0.79636445280546,0.001613770844539988,0.23144770485796304
64,8,8,0.75,42,0,2048x2048,256x256,0.07741480765133013,0.08242212384907707,0.0012878456868527868,0.08242208662455491,0.9392479110715974,0.9392483352668115,0.0006351894982002183,0.07582920818587488
64,16,4,0.75,42,0,2048x2048,512x512,0.02028364452606877,0.02060553098964459,0.0012878456868527868,0.02060552165613873,0.9843786377678116,0.9843790836533339,0.0004024144869215715,0.02031731896934528
64,32,2,0.75,42,0,2048x2048,1024x1024,0.005115667648595177,0.005151382747411147,0.0012878456868527868,0.005151380414034682,0.9930668908587855,0.993067340679751,0.0003980891719744736,0.005168576802952139
64,64,1,0.75,42,0,2048x2048,2048x2048,0.0012806790141823249,0.0012878456868527868,0.0012878456868527868,0.0012878451035086705,0.9944351464281597,0.994435596868892,0.0003971405877680419,0.001297797498971942
64,4,16,0.75,42,1,2048x2048,128x128,0.2689075630252101,0.3170384905899861,0.0012878456868527868,0.32968834649821965,0.8481858544203645,0.8156416988389433,0.0,0.22942600895654638
64,8,8,0.75,42,1,2048x2048,256x256,0.0794636856857185,0.08242212384907707,0.0012878456868527868,0.08242208662455491,0.9641062614598993,0.964106696881961,0.00247524752475252,0.07503783116655106
64,16,4,0.75,42,1,2048x2048,512x512,0.020450974390368328,0.02060553098964459,0.0012878456868527868,0.02060552165613873,0.9924992663691155,0.9924997159329689,0.0025942925563759065,0.020100935883667348
64,32,2,0.75,42,1,2048x2048,1024x1024,0.005132977829730949,0.005151382747411147,0.0012878456868527868,0.005151380414034682,0.9964271888573126,0.9964276402003635,0.0025788534021027373,0.005113342558064237
64,64,1,0.75,42,1,2048x2048,2048x2048,0.0012893253776617131,0.0012878456868527868,0.0012878456868527868,0.0012878451035086705,1.0011489659235047,1.001149419405338,0.003155818540433955,0.0012839128028920837
64,4,16,0.75,42,2,2048x2048,128x128,0.2698961937716263,0.3170384905899861,0.0012878456868527868,0.32968834649821965,0.8513041847674984,0.8186403815552631,0.0005232862375719577,0.22974454137245792
64,8,8,0.75,42,2,2048x2048,256x256,0.07825074988936058,0.08242212384907707,0.0012878456868527868,0.08242208662455491,0.9493901180300245,0.9493905468057924,0.0,0.07519870555274753
64,16,4,0.75,42,2,2048x2048,512x512,0.020320375471890622,0.02060553098964459,0.0012878456868527868,0.02060552165613873,0.9861612147778539,0.9861616614708147,0.001004217714400417,0.02015016247345765
64,32,2,0.75,42,2,2048x2048,1024x1024,0.005142142043273417,0.005151382747411147,0.0012878456868527868,0.005151380414034682,0.9982061701506504,0.9982066222995111,0.0007920792079207793,0.005126137164190418
64,64,1,0.75,42,2,2048x2048,2048x2048,0.0012872909391959746,0.0012878456868527868,0.0012878456868527868,0.0012878451035086705,0.9995692436893058,0.9995696964555861,0.0003951007506913985,0.0012871363384452906
64,4,16,0.75,42,3,2048x2048,128x128,0.26495304003954523,0.3170384905899861,0.0012878456868527868,0.32968834649821965,0.8357125330318298,0.8036469679736647,0.0005330490405116284,0.23103699709256728
64,8,8,0.75,42,3,2048x2048,256x256,0.08013571768099789,0.08242212384907707,0.0012878456868527868,0.08242208662455491,0.9722598003872623,0.9722602394917302,0.00020454080589077888,0.0755869708414249
64,16,4,0.75,42,3,2048x2048,512x512,0.02056932966023875,0.02060553098964459,0.0012878456868527868,0.02060552165613873,0.9982431256236963,0.9982435777892963,0.0015873015873015858,0.02024083321737957
64,32,2,0.75,42,3,2048x2048,1024x1024,0.005174725913646634,0.005151382747411147,0.0012878456868527868,0.005151380414034682,1.004531436971407,1.0045318919853692,0.001180637544273931,0.00514783319881885
64,64,1,0.75,42,3,2048x2048,2048x2048,0.001295937302675363,0.0012878456868527868,0.0012878456868527868,0.0012878451035086705,1.0062830631846509,1.0062835189920323,0.0015698587127159123,0.0012924298482416767
64,4,16,0.75,7,0,2048x2048,128x128,0.26933126191653134,0.3170384905899861,0.0012878456868527868,0.32968834649821965,0.8495222817119933,0.816926848574509,0.0020975353959098294,0.2309350496958397
64,8,8,0.75,7,0,2048x2048,256x256,0.07802127554950909,0.08242212384907707,0.0012878456868527868,0.08242208662455491,0.9466059827865348,0.9466064103048958,0.0004201680672268983,0.07560100452314586
64,16,4,0.75,7,0,2048x2048,512x512,0.020291806958473626,0.02060553098964459,0.0012878456868527868,0.02060552165613873,0.9847747659922655,0.9847752120572186,0.0012067578439259414,0.0202528324138621
64,32,2,0.75,7,0,2048x2048,1024x1024,0.005120758878340992,0.005151382747411147,0.0012878456868527868,0.005151380414034682,0.9940552137995289,0.9940556640681665,0.00019884668920264276,0.005152280807701782
64,64,1,0.75,7,0,2048x2048,2048x2048,0.001284239281497367,0.0012878456868527868,0.0012878456868527868,0.0012878451035086705,0.9971996603380076,0.997200112030958,0.0,0.0012937329683157515
64,4,16,0.75,7,1,2048x2048,128x128,0.27180283878257183,0.3170384905899861,0.0012878456868527868,0.32968834649821965,0.8573181075798274,0.824423555365308,0.001299038711353562,0.23064811537098448
64,8,8,0.75,7,1,2048x2048,256x256,0.07929977544296743,0.08242212384907707,0.0012878456868527868,0.08242208662455491,0.9621175934288351,0.962118027952749,0.000826787928896253,0.07511907680964947
64,16,4,0.75,7,1,2048x2048,512x512,0.02023466993163963,0.02060553098964459,0.0012878456868527868,0.02060552165613873,0.9820018684210886,0.9820023132300262,0.0008067769261799104,0.02011082935340489
64,32,2,0.75,7,1,2048x2048,1024x1024,0.005099375713408568,0.005151382747411147,0.0012878456868527868,0.005151380414034682,0.9899042574484073,0.989904705836822,0.0003993610223642534,0.005115268989045446
64,64,1,0.75,7,1,2048x2048,2048x2048,0.0012773730516754999,0.0012878456868527868,0.0012878456868527868,0.0012878451035086705,0.9918680977975864,0.991868547075545,0.00019908421262192506,0.0012843756016303134
64,4,16,0.75,7,2,2048x2048,128x128,0.26954311136219195,0.3170384905899861,0.0012878456868527868,0.32968834649821965,0.8501904953578077,0.8175694234422918,0.0018339009693476244,0.22842461431817057
64,8,8,0.75,7,2,2048x2048,256x256,0.07866052549623825,0.08242212384907707,0.0012878456868527868,0.08242208662455491,0.9543617881076849,0.9543622191288224,0.0010418837257762223,0.07464281250478619
64,16,4,0.75,7,2,2048x2048,512x512,0.02032853790429548,0.02060553098964459,0.0012878456868527868,0.02060552165613873,0.9865573430023078,0.9865577898746994,0.0002007628990162829,0.019994438835619813
64,32,2,0.75,7,2,2048x2048,1024x1024,0.00512686835403597,0.005151382747411147,0.0012878456868527868,0.005151380414034682,0.9952412013284206,0.9952416521342649,0.0005958291956305552,0.005086770119555564
64,64,1,0.75,7,2,2048x2048,2048x2048,0.0012809333189905423,0.0012878456868527868,0.0012878456868527868,0.0012878451035086705,0.9946326117074346,0.9946330622376112,0.0009926543577525606,0.0012773361167101413
64,4,16,0.75,7,3,2048x2048,128x128,0.2664359861591695,0.3170384905899861,0.0012878456868527868,0.32968834649821965,0.8403900285525302,0.8081449920481442,0.001325205406838023,0.22936312533933215
64,8,8,0.75,7,3,2048x2048,256x256,0.07856217935058762,0.08242212384907707,0.0012878456868527868,0.08242208662455491,0.9531685872890465,0.9531690177712954,0.00020863759649489212,0.07517747804254077
64,16,4,0.75,7,3,2048x2048,512x512,0.020242832364044484,0.02060553098964459,0.0012878456868527868,0.02060552165613873,0.9823979966455424,0.9823984416339107,0.00040322580645156964,0.020141085114749886
64,32,2,0.75,7,3,2048x2048,1024x1024,0.005115667648595177,0.005151382747411147,0.0012878456868527868,0.005151380414034682,0.9930668908587855,0.993067340679751,0.0003980891719744736,0.005123276740030295
64,64,1,0.75,7,3,2048x2048,2048x2048,0.0012809333189905423,0.0012878456868527868,0.0012878456868527868,0.0012878451035086705,0.9946326117074346,0.9946330622376112,0.0009926543577525606,0.0012863481865211615
64,4,16,0.75,123,0,2048x2048,128x128,0.26389379281124214,0.3170384905899861,0.0012878456868527868,0.32968834649821965,0.8323714648027579,0.8004340936347509,0.0008027829810007593,0.22990762859215752
64,8,8,0.75,123,0,2048x2048,256x256,0.07751315379698077,0.08242212384907707,0.0012878456868527868,0.08242208662455491,0.9404411118902359,0.9404415366243387,0.001057305984351801,0.07512788962441866
64,16,4,0.75,123,0,2048x2048,512x512,0.02005917763493521,0.02060553098964459,0.0012878456868527868,0.02060552165613873,0.9734851115953308,0.9734855525465061,0.0010172939979654326,0.020123521180318463
64,32,2,0.75,123,0,2048x2048,1024x1024,0.00506679184303535,0.005151382747411147,0.0012878456868527868,0.005151380414034682,0.9835789906276506,0.9835794361509635,0.0008038585209003087,0.005119343849517066
64,64,1,0.75,123,0,2048x2048,2048x2048,0.0012674551641550253,0.0012878456868527868,0.0012878456868527868,0.0012878451035086705,0.9841669519058673,0.984167397695504,0.0008025682182985843,0.0012854841999184413
64,4,16,0.75,123,1,2048x2048,128x128,0.26961372784407883,0.3170384905899861,0.0012878456868527868,0.32968834649821965,0.8504132332397458,0.8177836150648861,0.0015715034049240616,0.23067472032831188
64,8,8,0.75,123,1,2048x2048,256x256,0.08082414070055238,0.08242212384907707,0.0012878456868527868,0.08242208662455491,0.9806122061177318,0.9806126489944205,0.0006083958629081431,0.07531150982657175
64,16,4,0.75,123,1,2048x2048,512x512,0.020691766146311602,0.02060553098964459,0.0012878456868527868,0.02060552165613873,1.0041850489905042,1.004185503847566,0.0003944773175541983,0.020163850196621303
64,32,2,0.75,123,1,2048x2048,1024x1024,0.005214437505663993,0.005151382747411147,0.0012878456868527868,0.005151380414034682,1.0122403559092041,1.012240814415009,0.00019527436047648712,0.005128456062822172
64,64,1,0.75,123,1,2048x2048,2048x2048,0.0013066181046204894,0.0012878456868527868,0.0012878456868527868,0.0012878451035086705,1.0145766049141947,1.0145770644782302,0.0003892565200467664,0.001287628834292653
64,4,16,0.75,123,2,2048x2048,128x128,0.2647411905938846,0.3170384905899861,0.0012878456868527868,0.32968834649821965,0.8350443193860154,0.803004393105882,0.0002667377967458543,0.22804745782546726
64,8,8,0.75,123,2,2048x2048,256x256,0.07864413447196315,0.08242212384907707,0.0012878456868527868,0.08242208662455491,0.9541629213045786,0.9541633522359012,0.0004168403501459016,0.07442435717489564
64,16,4,0.75,123,2,2048x2048,512x512,0.020291806958473626,0.02060553098964459,0.0012878456868527868,0.02060552165613873,0.9847747659922655,0.9847752120572186,0.0,0.019931685074640326
64,32,2,0.75,123,2,2048x2048,1024x1024,0.005101412205306894,0.005151382747411147,0.0012878456868527868,0.005151380414034682,0.9902995866247046,0.9903000351921881,0.0007984031936127616,0.005069864715015134
64,64,1,0.75,123,2,2048x2048,2048x2048,0.0012763558324426307,0.0012878456868527868,0.0012878456868527868,0.0012878451035086705,0.9910782366804871,0.991078685600669,0.000996214385335739,0.001272947226826235
64,4,16,0.75,123,3,2048x2048,128x128,0.2691194124708707,0.3170384905899861,0.0012878456868527868,0.32968834649821965,0.8488540680661788,0.8162842737067261,0.00026239832065069925,0.23109540722208652
64,8,8,0.75,123,3,2048x2048,256x256,0.07939812158861807,0.08242212384907707,0.0012878456868527868,0.08242208662455491,0.9633107942474737,0.9633112293102762,0.0004128819157720966,0.07568795151145073
64,16,4,0.75,123,3,2048x2048,512x512,0.020487705336190185,0.02060553098964459,0.0012878456868527868,0.02060552165613873,0.9942818433791579,0.99428229375045,0.00039840637450203395,0.020267807058484633
64,32,2,0.75,123,3,2048x2048,1024x1024,0.005154360994663373,0.005151382747411147,0.0012878456868527868,0.005151380414034682,1.0005781452084341,1.0005785984317077,0.00079020150138284,0.005155386482577288
64,64,1,0.75,123,3,2048x2048,2048x2048,0.0012885624632370612,0.0012878456868527868,0.0012878456868527868,0.0012878451035086705,1.00055657008568,1.0005570232991812,0.0005920663114269223,0.0012944616399929803
64,4,16,0.75,2023,0,2048x2048,128x128,0.26996681025351316,0.3170384905899861,0.0012878456868527868,0.32968834649821965,0.8515269226494363,0.8188545731778573,0.0013078733978550512,0.22995069520067427
64,8,8,0.75,2023,0,2048x2048,256x256,0.07798849350095888,0.08242212384907707,0.0012878456868527868,0.08242208662455491,0.946208249180322,0.9462086765190534,0.0012610340479193166,0.07514195630434604
64,16,4,0.75,2023,0,2048x2048,512x512,0.020263238445056626,0.02060553098964459,0.0012878456868527868,0.02060552165613873,0.983388317206677,0.9833887626436223,0.0006042296072507333,0.020123731286376737
64,32,2,0.75,2023,0,2048x2048,1024x1024,0.00508002904037447,0.005151382747411147,0.0012878456868527868,0.005151380414034682,0.9861486302735831,0.9861490769608436,0.0014030867909400244,0.0051188235237858495
64,64,1,0.75,2023,0,2048x2048,2048x2048,0.0012725412603193712,0.0012878456868527868,0.0012878456868527868,0.0012878451035086705,0.9881162574913642,0.9881167050698839,0.001199040767386092,0.0012852623446118277
64,4,16,0.75,2023,1,2048x2048,128x128,0.27031989266294754,0.3170384905899861,0.0012878456868527868,0.32968834649821965,0.852640612059127,0.8199255312908286,0.001567398119122172,0.23139201857951885
64,8,8,0.75,2023,1,2048x2048,256x256,0.07867691652051337,0.08242212384907707,0.0012878456868527868,0.08242208662455491,0.9545606549107913,0.9545610860217436,0.0004166666666666742,0.07581837278137508
64,16,4,0.75,2023,1,2048x2048,512x512,0.02045505560657076,0.02060553098964459,0.0012878456868527868,0.02060552165613873,0.9926973304813425,0.9926977801349114,0.00039904229848368124,0.020316656901475504
64,32,2,0.75,2023,1,2048x2048,1024x1024,0.00514010555137509,0.005151382747411147,0.0012878456868527868,0.005151380414034682,0.9978108409743531,0.9978112929441448,0.0007923930269413503,0.005169072932187903
64,64,1,0.75,2023,1,2048x2048,2048x2048,0.0012870366343877573,0.0012878456868527868,0.0012878456868527868,0.0012878451035086705,0.9993717784100309,0.999372231086867,0.000987947046038263,0.0012980073505469672
64,4,16,0.75,2023,2,2048x2048,128x128,0.26495304003954523,0.3170384905899861,0.0012878456868527868,0.32968834649821965,0.8357125330318298,0.8036469679736647,0.0,0.22985096195248905
64,8,8,0.75,2023,2,2048x2048,256x256,0.07862774344768804,0.08242212384907707,0.0012878456868527868,0.08242208662455491,0.953964054501472,0.95396448534298,0.0014592453616844125,0.07528229015634087
64,16,4,0.75,2023,2,2048x2048,512x512,0.020438730741761044,0.02060553098964459,0.0012878456868527868,0.02060552165613873,0.9919050740324347,0.991905523327142,0.001198083067092693,0.020168255114663126
64,32,2,0.75,2023,2,2048x2048,1024x1024,0.005135014321629275,0.005151382747411147,0.0012878456868527868,0.005151380414034682,0.9968225180336098,0.9968229695557295,0.0009914733293674453,0.005130325304659016
64,64,1,0.75,2023,2,2048x2048,2048x2048,0.0012895796824699303,0.0012878456868527868,0.0012878456868527868,0.0012878451035086705,1.0013464312027793,1.001346884774057,0.0009859988168014345,0.0012881345685508286
64,4,16,0.75,2023,3,2048x2048,128x128,0.2679189322787939,0.3170384905899861,0.0012878456868527868,0.32968834649821965,0.8450675240732308,0.8126430161226237,0.0,0.23027679805465492
64,8,8,0.75,2023,3,2048x2048,256x256,0.07880804471471423,0.08242212384907707,0.0012878456868527868,0.08242208662455491,0.9561515893356427,0.9561520211651132,0.0016638935108153378,0.07533314796912226
64,16,4,0.75,2023,3,2048x2048,512x512,0.020218345066829915,0.02060553098964459,0.0012878456868527868,0.02060552165613873,0.9812096119721809,0.9812100564222568,0.0020185708518369403,0.02018085992481972
64,32,2,0.75,2023,3,2048x2048,1024x1024,0.00509326623771359,0.005151382747411147,0.0012878456868527868,0.005151380414034682,0.9887182699195155,0.9887187177707236,0.0015993602558976154,0.005133379814642821
64,64,1,0.75,2023,3,2048x2048,2048x2048,0.0012753386132097616,0.0012878456868527868,0.0012878456868527868,0.0012878451035086705,0.9902883755633878,0.9902888241257931,0.0009970089730807724,0.0012888925291297186
64,4,16,0.75,314159,0,2048x2048,128x128,0.2614222159452016,0.3170384905899861,0.0012878456868527868,0.32968834649821965,0.8245756389349237,0.7929373868439518,0.0,0.23234948549777623
64,8,8,0.75,314159,0,2048x2048,256x256,0.07902112803029061,0.08242212384907707,0.0012878456868527868,0.08242208662455491,0.9587368577760261,0.9587372907730888,0.0026965359883841136,0.07589741671425505
64,16,4,0.75,314159,0,2048x2048,512x512,0.020508111417202327,0.02060553098964459,0.0012878456868527868,0.02060552165613873,0.9952721639402925,0.9952726147601616,0.0009950248756219107,0.020325428023181474
64,32,2,0.75,314159,0,2048x2048,1024x1024,0.005157415732510862,0.005151382747411147,0.0012878456868527868,0.005151380414034682,1.00117113897288,1.001171592464757,0.0013820335636722176,0.005169892358269
64,64,1,0.75,314159,0,2048x2048,2048x2048,0.0012936485594014072,0.0012878456868527868,0.0012878456868527868,0.0012878451035086705,1.004505875671177,1.004506330673561,0.0017692156477295494,0.0012980584305744007
64,4,16,0.75,314159,1,2048x2048,128x128,0.2671421509780383,0.3170384905899861,0.0012878456868527868,0.32968834649821965,0.8426174073719116,0.8102869082740869,0.0002643404705260925,0.2293069936873446
64,8,8,0.75,314159,1,2048x2048,256x256,0.0780540575980593,0.08242212384907707,0.0012878456868527868,0.08242208662455491,0.9470037163927476,0.9470041440907382,0.0008399832003360084,0.07490278615841969
64,16,4,0.75,314159,1,2048x2048,512x512,0.020324456688093052,0.02060553098964459,0.0012878456868527868,0.02060552165613873,0.9863592788900809,0.9863597256727571,0.0004016064257028535,0.02006519491182277
64,32,2,0.75,314159,1,2048x2048,1024x1024,0.005119740632391829,0.005151382747411147,0.0012878456868527868,0.005151380414034682,0.9938575492113803,0.9938579993904834,0.0,0.0051046057562652205
64,64,1,0.75,314159,1,2048x2048,2048x2048,0.0012806790141823249,0.0012878456868527868,0.0012878456868527868,0.0012878451035086705,0.9944351464281597,0.994435596868892,0.0003971405877680419,0.0012817708496376322
64,4,16,0.75,314159,2,2048x2048,128x128,0.27102605748181624,0.3170384905899861,0.0012878456868527868,0.32968834649821965,0.8548679908785082,0.8220674475167711,0.0010422094841063172,0.23051962685235503
64,8,8,0.75,314159,2,2048x2048,256x256,0.07884082676326444,0.08242212384907707,0.0012878456868527868,0.08242208662455491,0.9565493229418556,0.9565497549509556,0.0,0.07538841083725971
64,16,4,0.75,314159,2,2048x2048,512x512,0.020389756147331906,0.02060553098964459,0.0012878456868527868,0.02060552165613873,0.9895283046857117,0.9895287529038342,0.0,0.020203291457717248
64,32,2,0.75,314159,2,2048x2048,1024x1024,0.005152324502765047,0.005151382747411147,0.0012878456868527868,0.005151380414034682,1.0001828160321369,1.0001832690763417,0.0007905138339920822,0.005139650168094093
64,64,1,0.75,314159,2,2048x2048,2048x2048,0.0012913598161274514,0.0012878456868527868,0.0012878456868527868,0.0012878451035086705,1.0027286881577033,1.0027291423550901,0.0,0.0012905078883418738
64,4,16,0.75,314159,3,2048x2048,128x128,0.2681307817244545,0.3170384905899861,0.0012878456868527868,0.32968834649821965,0.8457357377190452,0.8132855909904065,0.0007900974453515506,0.23088521655954805
64,8,8,0.75,314159,3,2048x2048,256x256,0.07888999983608976,0.08242212384907707,0.0012878456868527868,0.08242208662455491,0.9571459233511748,0.9571463556297192,0.0014543943486390407,0.07553283778306814
64,16,4,0.75,314159,3,2048x2048,512x512,0.02037343128252219,0.02060553098964459,0.0012878456868527868,0.02060552165613873,0.9887360482368039,0.988736496096065,0.0012019230769231182,0.02023028559180778
64,32,2,0.75,314159,3,2048x2048,1024x1024,0.005120758878340992,0.005151382747411147,0.0012878456868527868,0.005151380414034682,0.9940552137995289,0.9940556640681665,0.002187313581228901,0.0051460442666991565
64,64,1,0.75,314159,3,2048x2048,2048x2048,0.0012839849766891499,0.0012878456868527868,0.0012878456868527868,0.0012878451035086705,0.9970021950587328,0.9970026466622391,0.002574767280649621,0.001292119260412376
64,4,16,0.75,271828,0,2048x2048,128x128,0.2611397500176541,0.3170384905899861,0.0012878456868527868,0.32968834649821965,0.8236846874071712,0.7920806203535746,0.0021633315305570823,0.22874461256303089
64,8,8,0.75,271828,0,2048x2048,256x256,0.07926699339441722,0.08242212384907707,0.0012878456868527868,0.08242208662455491,0.9617198598226223,0.9617202941669066,0.0,0.07482696038516132
64,16,4,0.75,271828,0,2048x2048,512x512,0.020585654525048465,0.02060553098964459,0.0012878456868527868,0.02060552165613873,0.999035382072604,0.9990358345970657,0.000396510705789098,0.02004049059558958
64,32,2,0.75,271828,0,2048x2048,1024x1024,0.005165561700104166,0.005151382747411147,0.0012878456868527868,0.005151380414034682,1.0027524556780691,1.0027529098862216,0.0005913660555884627,0.005097394888925258
64,64,1,0.75,271828,0,2048x2048,2048x2048,0.0012967002171000149,0.0012878456868527868,0.0012878456868527868,0.0012878451035086705,1.0068754590224753,1.0068759150981892,0.00019611688566384183,0.001279835703951298
64,4,16,0.75,271828,1,2048x2048,128x128,0.2658710543040746,0.3170384905899861,0.0012878456868527868,0.32968834649821965,0.8386081254970255,0.8064314590673902,0.0039840637450199124,0.23138484890331393
64,8,8,0.75,271828,1,2048x2048,256x256,0.07964398695274467,0.08242212384907707,0.0012878456868527868,0.08242208662455491,0.9662937962940699,0.9662942327040942,0.0022638402963572287,0.0756208120933373
64,16,4,0.75,271828,1,2048x2048,512x512,0.020679522497704318,0.02060553098964459,0.0012878456868527868,0.02060552165613873,1.0035908566538234,1.0035913112417392,0.0021709098085652863,0.0202527386114427
64,32,2,0.75,271828,1,2048x2048,1024x1024,0.005230729440850602,0.005151382747411147,0.0012878456868527868,0.005151380414034682,1.0154029893195824,1.0154034492579382,0.0017519953280124515,0.005151565228057932
64,64,1,0.75,271828,1,2048x2048,2048x2048,0.0013106869815519664,0.0012878456868527868,0.0012878456868527868,0.0012878451035086705,1.0177360493825924,1.0177365103777343,0.0011641443538998842,0.001293481175214899
64,4,16,0.75,271828,2,2048x2048,128x128,0.2607866676082198,0.3170384905899861,0.0012878456868527868,0.32968834649821965,0.8225709979974807,0.7910096622406035,0.0002707825616029826,0.22931361743423595
64,8,8,0.75,271828,2,2048x2048,256x256,0.07798849350095888,0.08242212384907707,0.0012878456868527868,0.08242208662455491,0.946208249180322,0.9462086765190534,0.0008406893652795443,0.07512302901592974
64,16,4,0.75,271828,2,2048x2048,512x512,0.020148964391388635,0.02060553098964459,0.0012878456868527868,0.02060552165613873,0.9778425220643232,0.9778429649892374,0.00020255215718049526,0.020127472453965855
64,32,2,0.75,271828,2,2048x2048,1024x1024,0.005087156762018611,0.005151382747411147,0.0012878456868527868,0.005151380414034682,0.9875322823906235,0.987532729704625,0.0008006405124099152,0.005120529227175015
64,64,1,0.75,271828,2,2048x2048,2048x2048,0.0012735584795522405,0.0012878456868527868,0.0012878456868527868,0.0012878451035086705,0.9889061186084638,0.9889065665447601,0.0011980830670926524,0.0012857702771200692
64,4,16,0.75,271828,3,2048x2048,128x128,0.2680601652425676,0.3170384905899861,0.0012878456868527868,0.32968834649821965,0.845512999837107,0.8130713993678121,0.001053740779768189,0.2292730708809277
64,8,8,0.75,271828,3,2048x2048,256x256,0.07751315379698077,0.08242212384907707,0.0012878456868527868,0.08242208662455491,0.9404411118902359,0.9404415366243387,0.0014802283780925571,0.07500729824696507
64,16,4,0.75,271828,3,2048x2048,512x512,0.019993878175696356,0.02060553098964459,0.0012878456868527868,0.02060552165613873,0.9703160857997,0.9703165253154291,0.0026536027760767694,0.020091199551438364
64,32,2,0.75,271828,3,2048x2048,1024x1024,0.005017916037475524,0.005151382747411147,0.0012878456868527868,0.005151380414034682,0.9740910903965159,0.9740915316221763,0.002435064935064896,0.005110587766208605
64,64,1,0.75,271828,3,2048x2048,2048x2048,0.0012590631054838542,0.0012878456868527868,0.0012878456868527868,0.0012878451035086705,0.977650597689797,0.9776510405277768,0.002221773379115346,0.0012831957506159821
