p,sigma_phys,seed,realization,cutoff_fraction_of_axis_nyquist,cutoff_px,n_meas_px,n_pred_filtered_px,ratio_filtered,retained_power_fraction
4,0.5,42,0,0.25,0.7853981633974483,0.0324835816679613,0.03277261787509138,0.9911805578598664,0.020809405762279267
4,0.5,42,0,0.5,1.5707963267948966,0.12633288609561472,0.12881896180670854,0.9807010111226936,0.3717209037214195
4,0.5,42,0,0.75,2.356194490192345,0.2131205423345809,0.22639558261137444,0.9413635190065471,0.904001768704734
4,0.5,42,0,1.0,3.141592653589793,0.2360708989478144,0.25494202026814056,0.9259787723480105,0.9988108768710531
4,0.5,42,1,0.25,0.7853981633974483,0.03304851352305628,0.03277261787509138,1.0084184806052554,0.020809405762279267
4,0.5,42,1,0.5,1.5707963267948966,0.1273921333239178,0.12881896180670854,0.9889237697402679,0.3717209037214195
4,0.5,42,1,0.75,2.356194490192345,0.21763999717534072,0.22639558261137444,0.9613261648701716,0.904001768704734
4,0.5,42,1,1.0,3.141592653589793,0.23374055504554764,0.25494202026814056,0.9168380904791849,0.9988108768710531
4,0.5,42,2,0.25,0.7853981633974483,0.033401595932490646,0.03277261787509138,1.0191921823211236,0.020809405762279267
4,0.5,42,2,0.5,1.5707963267948966,0.12880446296165526,0.12881896180670854,0.9998874478970338,0.3717209037214195
4,0.5,42,2,0.75,2.356194490192345,0.21756938069345386,0.22639558261137444,0.9610142485285527,0.904001768704734
4,0.5,42,2,1.0,3.141592653589793,0.2353647341289457,0.25494202026814056,0.9232088687513967,0.9988108768710531
4,0.5,42,3,0.25,0.7853981633974483,0.032201115740413816,0.03277261787509138,0.982561596487172,0.020809405762279267
4,0.5,42,3,0.5,1.5707963267948966,0.12640350257750158,0.12881896180670854,0.9812491950305318,0.3717209037214195
4,0.5,42,3,0.75,2.356194490192345,0.21686321587458512,0.22639558261137444,0.9578950851123612,0.904001768704734
4,0.5,42,3,1.0,3.141592653589793,0.23063342984252524,0.25494202026814056,0.9046505146540839,0.9988108768710531
4,0.5,123,0,0.25,0.7853981633974483,0.03283666407739566,0.03277261787509138,1.0019542595757345,0.020809405762279267
4,0.5,123,0,0.5,1.5707963267948966,0.13078172445448769,0.12881896180670854,1.0152365973165056,0.3717209037214195
4,0.5,123,0,0.75,2.356194490192345,0.2205352729327025,0.22639558261137444,0.9741147348765563,0.904001768704734
4,0.5,123,0,1.0,3.141592653589793,0.23395240449120824,0.25494202026814056,0.917669061558169,0.9988108768710531
4,0.5,123,1,0.25,0.7853981633974483,0.0332603629687169,0.03277261787509138,1.0148827016347763,0.020809405762279267
4,0.5,123,1,0.5,1.5707963267948966,0.12781583221523904,0.12881896180670854,0.9922128731872977,0.3717209037214195
4,0.5,123,1,0.75,2.356194490192345,0.21432102252665772,0.22639558261137444,0.9466660968140724,0.904001768704734
4,0.5,123,1,1.0,3.141592653589793,0.23903679118706306,0.25494202026814056,0.9376123674537887,0.9988108768710531
4,0.5,123,2,0.25,0.7853981633974483,0.03439022667890686,0.03277261787509138,1.0493585471255542,0.020809405762279267
4,0.5,123,2,0.5,1.5707963267948966,0.12760398276957843,0.12881896180670854,0.9905683214637828,0.3717209037214195
4,0.5,123,2,0.75,2.356194490192345,0.21135513028740907,0.22639558261137444,0.9335656104660688,0.904001768704734
4,0.5,123,2,1.0,3.141592653589793,0.234093637454982,0.25494202026814056,0.9182230422774917,0.9988108768710531
4,0.5,123,3,0.25,0.7853981633974483,0.03389591130569875,0.03277261787509138,1.034275364723339,0.020809405762279267
4,0.5,123,3,0.5,1.5707963267948966,0.12477932349410352,0.12881896180670854,0.9686409651502512,0.3717209037214195
4,0.5,123,3,0.75,2.356194490192345,0.21333239178024152,0.22639558261137444,0.9422992680314046,0.904001768704734
4,0.5,123,3,1.0,3.141592653589793,0.23042158039686464,0.25494202026814056,0.9038195435750997,0.9988108768710531
4,0.5,2023,0,0.25,0.7853981633974483,0.032554198149848175,0.03277261787509138,0.99333529820304,0.020809405762279267
4,0.5,2023,0,0.5,1.5707963267948966,0.12823953110656028,0.12881896180670854,0.9955019766343274,0.3717209037214195
4,0.5,2023,0,0.75,2.356194490192345,0.2120612951062778,0.22639558261137444,0.9366847738822601,0.904001768704734
4,0.5,2023,0,1.0,3.141592653589793,0.2307040463244121,0.25494202026814056,0.9049275050137452,0.9988108768710531
4,0.5,2023,1,0.25,0.7853981633974483,0.031212484993997598,0.03277261787509138,0.9523952316827412,0.020809405762279267
4,0.5,2023,1,0.5,1.5707963267948966,0.1281689146246734,0.12881896180670854,0.994953792726489,0.3717209037214195
4,0.5,2023,1,0.75,2.356194490192345,0.21813431254854884,0.22639558261137444,0.9635095792615057,0.904001768704734
4,0.5,2023,1,1.0,3.141592653589793,0.2388955582232893,0.25494202026814056,0.937058386734466,0.9988108768710531
4,0.5,2023,2,0.25,0.7853981633974483,0.03297789704116941,0.03277261787509138,1.0062637402620818,0.020809405762279267
4,0.5,2023,2,0.5,1.5707963267948966,0.12259021255561048,0.12881896180670854,0.9516472640072644,0.3717209037214195
4,0.5,2023,2,0.75,2.356194490192345,0.21432102252665772,0.22639558261137444,0.9466660968140724,0.904001768704734
4,0.5,2023,2,1.0,3.141592653589793,0.23119836169762023,0.25494202026814056,0.906866437531375,0.9988108768710531
4,0.5,2023,3,0.25,0.7853981633974483,0.03241296518607443,0.03277261787509138,0.9890258175166927,0.020809405762279267
4,0.5,2023,3,0.5,1.5707963267948966,0.12626226961372786,0.12881896180670854,0.9801528272148554,0.3717209037214195
4,0.5,2023,3,0.75,2.356194490192345,0.21756938069345386,0.22639558261137444,0.9610142485285527,0.904001768704734
4,0.5,2023,3,1.0,3.141592653589793,0.23762446154932562,0.25494202026814056,0.9320725602605611,0.9988108768710531
8,0.5,42,0,0.25,0.7853981633974483,0.031323247389729386,0.032204740451677136,0.9726284686793107,0.3715018609372222
8,0.5,42,0,0.5,1.5707963267948966,0.06341687292038879,0.06373587727188998,0.9949949013780677,0.9982251124866647
8,0.5,42,0,0.75,2.356194490192345,0.06303987936206133,0.06400362530275304,0.9849423226241802,0.9999999994755705
8,0.5,42,0,1.0,3.141592653589793,0.06303987936206133,0.06400362550830066,0.9849423194610384,1.0
8,0.5,42,1,0.25,0.7853981633974483,0.03225753577341048,0.032204740451677136,1.001639364919353,0.3715018609372222
8,0.5,42,1,0.5,1.5707963267948966,0.06302348833778623,0.06373587727188998,0.9888227955023703,0.9982251124866647
8,0.5,42,1,0.75,2.356194490192345,0.06328574472618793,0.06400362530275304,0.9887837513395632,0.9999999994755705
8,0.5,42,1,1.0,3.141592653589793,0.06331852677473815,0.06400362550830066,0.989295938657824,1.0
8,0.5,42,2,0.25,0.7853981633974483,0.03232309987051091,0.032204740451677136,1.003675217287075,0.3715018609372222
8,0.5,42,2,0.5,1.5707963267948966,0.062269501221131306,0.06373587727188998,0.9769929259072833,0.9982251124866647
8,0.5,42,2,0.75,2.356194490192345,0.062449802488157485,0.06400362530275304,0.9757228937072613,0.9999999994755705
8,0.5,42,2,1.0,3.141592653589793,0.062449802488157485,0.06400362550830066,0.9757228905737276,1.0
8,0.5,42,3,0.25,0.7853981633974483,0.031896933239358126,0.032204740451677136,0.9904421768968804,0.3715018609372222
8,0.5,42,3,0.5,1.5707963267948966,0.06294153321641069,0.06373587727188998,0.9875369401115998,0.9982251124866647
8,0.5,42,3,0.75,2.356194490192345,0.0627284499008343,0.06400362530275304,0.9800765129180286,0.9999999994755705
8,0.5,42,3,1.0,3.141592653589793,0.0627284499008343,0.06400362550830066,0.9800765097705132,1.0
8,0.5,123,0,0.25,0.7853981633974483,0.03215918962775984,0.032204740451677136,0.9985855863677696,0.3715018609372222
8,0.5,123,0,0.5,1.5707963267948966,0.06372830238161582,0.06373587727188998,0.9998811518629948,0.9982251124866647
8,0.5,123,0,0.75,2.356194490192345,0.06403973184284285,0.06400362530275304,1.000564132733404,0.9999999994755705
8,0.5,123,0,1.0,3.141592653589793,0.06403973184284285,0.06400362550830066,1.0005641295200927,1.0
8,0.5,123,1,0.25,0.7853981633974483,0.032765657525938796,0.032204740451677136,1.0174172207692005,0.3715018609372222
8,0.5,123,1,0.5,1.5707963267948966,0.06300709731351112,0.06373587727188998,0.988565624424216,0.9982251124866647
8,0.5,123,1,0.75,2.356194490192345,0.06279401399793473,0.06400362530275304,0.9811008939087974,0.9999999994755705
8,0.5,123,1,1.0,3.141592653589793,0.06279401399793473,0.06400362550830066,0.9811008907579922,1.0
8,0.5,123,2,0.25,0.7853981633974483,0.03186415119080791,0.032204740451677136,0.9894242507130192,0.3715018609372222
8,0.5,123,2,0.5,1.5707963267948966,0.06284318707076005,0.06373587727188998,0.9859939136426754,0.9982251124866647
8,0.5,123,2,0.75,2.356194490192345,0.06246619351243259,0.06400362530275304,0.9759789889549535,0.9999999994755705
8,0.5,123,2,1.0,3.141592653589793,0.06246619351243259,0.06400362550830066,0.9759789858205974,1.0
8,0.5,123,3,0.25,0.7853981633974483,0.031388811486829815,0.032204740451677136,0.974664321047033,0.3715018609372222
8,0.5,123,3,0.5,1.5707963267948966,0.06299070628923602,0.06373587727188998,0.9883084533460621,0.9982251124866647
8,0.5,123,3,0.75,2.356194490192345,0.06317100755626219,0.06400362530275304,0.9869910846057178,0.9999999994755705
8,0.5,123,3,1.0,3.141592653589793,0.06317100755626219,0.06400362550830066,0.9869910814359963,1.0
8,0.5,2023,0,0.25,0.7853981633974483,0.032077234506384306,0.032204740451677136,0.9960407709081167,0.3715018609372222
8,0.5,2023,0,0.5,1.5707963267948966,0.06290875116786047,0.06373587727188998,0.9870225979552917,0.9982251124866647
8,0.5,2023,0,0.75,2.356194490192345,0.06292514219213559,0.06400362530275304,0.983149655890335,0.9999999994755705
8,0.5,2023,0,1.0,3.141592653589793,0.06292514219213559,0.06400362550830066,0.9831496527329502,1.0
8,0.5,2023,1,0.25,0.7853981633974483,0.032831221623039225,0.032204740451677136,1.0194530731369227,0.3715018609372222
8,0.5,2023,1,0.5,1.5707963267948966,0.06369552033306561,0.06373587727188998,0.9993668097066867,0.9982251124866647
8,0.5,2023,1,0.75,2.356194490192345,0.06433477027979478,0.06400362530275304,1.0051738471918636,0.9999999994755705
8,0.5,2023,1,1.0,3.141592653589793,0.06433477027979478,0.06400362550830066,1.0051738439637483,1.0
8,0.5,2023,2,0.25,0.7853981633974483,0.03143798455965513,0.032204740451677136,0.9761912103228245,0.3715018609372222
8,0.5,2023,2,0.5,1.5707963267948966,0.06069596289072104,0.06373587727188998,0.9523045024044933,0.9982251124866647
8,0.5,2023,2,0.75,2.356194490192345,0.061072956449048504,0.06400362530275304,0.954210892901117,0.9999999994755705
8,0.5,2023,2,1.0,3.141592653589793,0.061072956449048504,0.06400362550830066,0.9542108898366691,1.0
8,0.5,2023,3,0.25,0.7853981633974483,0.03247061908898687,0.032204740451677136,1.0082558851144503,0.3715018609372222
8,0.5,2023,3,0.5,1.5707963267948966,0.061515514104476386,0.06373587727188998,0.9651630563121963,0.9982251124866647
8,0.5,2023,3,0.75,2.356194490192345,0.06156468717730171,0.06400362530275304,0.9618937503318827,0.9999999994755705
8,0.5,2023,3,1.0,3.141592653589793,0.06156468717730171,0.06400362550830066,0.9618937472427613,1.0
16,0.5,42,0,0.25,0.7853981633974483,0.015782063054790327,0.015933969317972495,0.990466514642348,0.9982251124866647
16,0.5,42,0,0.5,1.5707963267948966,0.015880012243648607,0.016000906377075165,0.9924445446665593,1.0
16,0.5,42,0,0.75,2.356194490192345,0.015880012243648607,0.016000906377075165,0.9924445446665593,1.0
16,0.5,42,0,1.0,3.141592653589793,0.015880012243648607,0.016000906377075165,0.9924445446665593,1.0
16,0.5,42,1,0.25,0.7853981633974483,0.01616161616161616,0.015933969317972495,1.0142868885398753,0.9982251124866647
16,0.5,42,1,0.5,1.5707963267948966,0.01616569737781859,0.016000906377075165,1.0102988541311337,1.0
16,0.5,42,1,0.75,2.356194490192345,0.01616569737781859,0.016000906377075165,1.0102988541311337,1.0
16,0.5,42,1,1.0,3.141592653589793,0.01616569737781859,0.016000906377075165,1.0102988541311337,1.0
16,0.5,42,2,0.25,0.7853981633974483,0.01577390062238547,0.015933969317972495,0.9899542485370247,0.9982251124866647
16,0.5,42,2,0.5,1.5707963267948966,0.01582287521681461,0.016000906377075165,0.9888736827736445,1.0
16,0.5,42,2,0.75,2.356194490192345,0.01582287521681461,0.016000906377075165,0.9888736827736445,1.0
16,0.5,42,2,1.0,3.141592653589793,0.01582287521681461,0.016000906377075165,0.9888736827736445,1.0
16,0.5,42,3,0.25,0.7853981633974483,0.015741250892766043,0.015933969317972495,0.9879051841157321,0.9982251124866647
16,0.5,42,3,0.5,1.5707963267948966,0.0157208448117539,0.016000906377075165,0.9824971436791534,1.0
16,0.5,42,3,0.75,2.356194490192345,0.0157208448117539,0.016000906377075165,0.9824971436791534,1.0
16,0.5,42,3,1.0,3.141592653589793,0.0157208448117539,0.016000906377075165,0.9824971436791534,1.0
16,0.5,123,0,0.25,0.7853981633974483,0.015880012243648607,0.015933969317972495,0.996613707906226,0.9982251124866647
16,0.5,123,0,0.5,1.5707963267948966,0.015880012243648607,0.016000906377075165,0.9924445446665593,1.0
16,0.5,123,0,0.75,2.356194490192345,0.015880012243648607,0.016000906377075165,0.9924445446665593,1.0
16,0.5,123,0,1.0,3.141592653589793,0.015880012243648607,0.016000906377075165,0.9924445446665593,1.0
16,0.5,123,1,0.25,0.7853981633974483,0.015769819406183043,0.015933969317972495,0.9896981154843633,0.9982251124866647
16,0.5,123,1,0.5,1.5707963267948966,0.015912661973268034,0.016000906377075165,0.9944850371767964,1.0
16,0.5,123,1,0.75,2.356194490192345,0.015912661973268034,0.016000906377075165,0.9944850371767964,1.0
16,0.5,123,1,1.0,3.141592653589793,0.015912661973268034,0.016000906377075165,0.9944850371767964,1.0
16,0.5,123,2,0.25,0.7853981633974483,0.016133047648199162,0.015933969317972495,1.0124939571712441,0.9982251124866647
16,0.5,123,2,0.5,1.5707963267948966,0.0162677277828793,0.016000906377075165,1.0166753932256247,1.0
16,0.5,123,2,0.75,2.356194490192345,0.0162677277828793,0.016000906377075165,1.0166753932256247,1.0
16,0.5,123,2,1.0,3.141592653589793,0.0162677277828793,0.016000906377075165,1.0166753932256247,1.0
16,0.5,123,3,0.25,0.7853981633974483,0.015867768595041323,0.015933969317972495,0.9958453087482413,0.9982251124866647
16,0.5,123,3,0.5,1.5707963267948966,0.015855524946434038,0.016000906377075165,0.9909141752838816,1.0
16,0.5,123,3,0.75,2.356194490192345,0.015855524946434038,0.016000906377075165,0.9909141752838816,1.0
16,0.5,123,3,1.0,3.141592653589793,0.015855524946434038,0.016000906377075165,0.9909141752838816,1.0
16,0.5,2023,0,0.25,0.7853981633974483,0.016177941026425877,0.015933969317972495,1.0153114207505218,0.9982251124866647
16,0.5,2023,0,0.5,1.5707963267948966,0.01616569737781859,0.016000906377075165,1.0102988541311337,1.0
16,0.5,2023,0,0.75,2.356194490192345,0.01616569737781859,0.016000906377075165,1.0102988541311337,1.0
16,0.5,2023,0,1.0,3.141592653589793,0.01616569737781859,0.016000906377075165,1.0102988541311337,1.0
16,0.5,2023,1,0.25,0.7853981633974483,0.015994286297316602,0.015933969317972495,1.0037854333807505,0.9982251124866647
16,0.5,2023,1,0.5,1.5707963267948966,0.016059585756555455,0.016000906377075165,1.0036672534728632,1.0
16,0.5,2023,1,0.75,2.356194490192345,0.016059585756555455,0.016000906377075165,1.0036672534728632,1.0
16,0.5,2023,1,1.0,3.141592653589793,0.016059585756555455,0.016000906377075165,1.0036672534728632,1.0
16,0.5,2023,2,0.25,0.7853981633974483,0.01555759616365677,0.015933969317972495,0.9763791967459609,0.9982251124866647
16,0.5,2023,2,0.5,1.5707963267948966,0.015712682379349047,0.016000906377075165,0.9819870205515944,1.0
16,0.5,2023,2,0.75,2.356194490192345,0.015712682379349047,0.016000906377075165,0.9819870205515944,1.0
16,0.5,2023,2,1.0,3.141592653589793,0.015712682379349047,0.016000906377075165,0.9819870205515944,1.0
16,0.5,2023,3,0.25,0.7853981633974483,0.015982042648709314,0.015933969317972495,1.0030170342227656,0.9982251124866647
16,0.5,2023,3,0.5,1.5707963267948966,0.01594531170288746,0.016000906377075165,0.9965255296870335,1.0
16,0.5,2023,3,0.75,2.356194490192345,0.01594531170288746,0.016000906377075165,0.9965255296870335,1.0
16,0.5,2023,3,1.0,3.141592653589793,0.01594531170288746,0.016000906377075165,0.9965255296870335,1.0
32,0.5,42,0,0.25,0.7853981633974483,0.003972177447685069,0.004000226594268791,0.9929881105675592,1.0
32,0.5,42,0,0.5,1.5707963267948966,0.003972177447685069,0.004000226594268791,0.9929881105675592,1.0
32,0.5,42,0,0.75,2.356194490192345,0.003972177447685069,0.004000226594268791,0.9929881105675592,1.0
32,0.5,42,0,1.0,3.141592653589793,0.003972177447685069,0.004000226594268791,0.9929881105675592,1.0
32,0.5,42,1,0.25,0.7853981633974483,0.0039742139395833945,0.004000226594268791,0.9934972047026872,1.0
32,0.5,42,1,0.5,1.5707963267948966,0.0039742139395833945,0.004000226594268791,0.9934972047026872,1.0
32,0.5,42,1,0.75,2.356194490192345,0.0039742139395833945,0.004000226594268791,0.9934972047026872,1.0
32,0.5,42,1,1.0,3.141592653589793,0.0039742139395833945,0.004000226594268791,0.9934972047026872,1.0
32,0.5,42,2,0.25,0.7853981633974483,0.003965049726040927,0.004000226594268791,0.9912062810946103,1.0
32,0.5,42,2,0.5,1.5707963267948966,0.003965049726040927,0.004000226594268791,0.9912062810946103,1.0
32,0.5,42,2,0.75,2.356194490192345,0.003965049726040927,0.004000226594268791,0.9912062810946103,1.0
32,0.5,42,2,1.0,3.141592653589793,0.003965049726040927,0.004000226594268791,0.9912062810946103,1.0
32,0.5,42,3,0.25,0.7853981633974483,0.004048545893872298,0.004000226594268791,1.0120791406348668,1.0
32,0.5,42,3,0.5,1.5707963267948966,0.004048545893872298,0.004000226594268791,1.0120791406348668,1.0
32,0.5,42,3,0.75,2.356194490192345,0.004048545893872298,0.004000226594268791,1.0120791406348668,1.0
32,0.5,42,3,1.0,3.141592653589793,0.004048545893872298,0.004000226594268791,1.0120791406348668,1.0
32,0.5,123,0,0.25,0.7853981633974483,0.003940611823261014,0.004000226594268791,0.985097151473072,1.0
32,0.5,123,0,0.5,1.5707963267948966,0.003940611823261014,0.004000226594268791,0.985097151473072,1.0
32,0.5,123,0,0.75,2.356194490192345,0.003940611823261014,0.004000226594268791,0.985097151473072,1.0
32,0.5,123,0,1.0,3.141592653589793,0.003940611823261014,0.004000226594268791,0.985097151473072,1.0
32,0.5,123,1,0.25,0.7853981633974483,0.0040322539586856885,0.004000226594268791,1.008006387553841,1.0
32,0.5,123,1,0.5,1.5707963267948966,0.0040322539586856885,0.004000226594268791,1.008006387553841,1.0
32,0.5,123,1,0.75,2.356194490192345,0.0040322539586856885,0.004000226594268791,1.008006387553841,1.0
32,0.5,123,1,1.0,3.141592653589793,0.0040322539586856885,0.004000226594268791,1.008006387553841,1.0
32,0.5,123,2,0.25,0.7853981633974483,0.004047527647923135,0.004000226594268791,1.0118245935673027,1.0
32,0.5,123,2,0.5,1.5707963267948966,0.004047527647923135,0.004000226594268791,1.0118245935673027,1.0
32,0.5,123,2,0.75,2.356194490192345,0.004047527647923135,0.004000226594268791,1.0118245935673027,1.0
32,0.5,123,2,1.0,3.141592653589793,0.004047527647923135,0.004000226594268791,1.0118245935673027,1.0
32,0.5,123,3,0.25,0.7853981633974483,0.00400272482615996,0.004000226594268791,1.000624522594482,1.0
32,0.5,123,3,0.5,1.5707963267948966,0.00400272482615996,0.004000226594268791,1.000624522594482,1.0
32,0.5,123,3,0.75,2.356194490192345,0.00400272482615996,0.004000226594268791,1.000624522594482,1.0
32,0.5,123,3,1.0,3.141592653589793,0.00400272482615996,0.004000226594268791,1.000624522594482,1.0
32,0.5,2023,0,0.25,0.7853981633974483,0.0039813416612275365,0.004000226594268791,0.995279034175636,1.0
32,0.5,2023,0,0.5,1.5707963267948966,0.0039813416612275365,0.004000226594268791,0.995279034175636,1.0
32,0.5,2023,0,0.75,2.356194490192345,0.0039813416612275365,0.004000226594268791,0.995279034175636,1.0
32,0.5,2023,0,1.0,3.141592653589793,0.0039813416612275365,0.004000226594268791,0.995279034175636,1.0
32,0.5,2023,1,0.25,0.7853981633974483,0.0039874511369225145,0.004000226594268791,0.9968063165810206,1.0
32,0.5,2023,1,0.5,1.5707963267948966,0.0039874511369225145,0.004000226594268791,0.9968063165810206,1.0
32,0.5,2023,1,0.75,2.356194490192345,0.0039874511369225145,0.004000226594268791,0.9968063165810206,1.0
32,0.5,2023,1,1.0,3.141592653589793,0.0039874511369225145,0.004000226594268791,0.9968063165810206,1.0
32,0.5,2023,2,0.25,0.7853981633974483,0.004028180974889037,0.004000226594268791,1.0069881992835847,1.0
32,0.5,2023,2,0.5,1.5707963267948966,0.004028180974889037,0.004000226594268791,1.0069881992835847,1.0
32,0.5,2023,2,0.75,2.356194490192345,0.004028180974889037,0.004000226594268791,1.0069881992835847,1.0
32,0.5,2023,2,1.0,3.141592653589793,0.004028180974889037,0.004000226594268791,1.0069881992835847,1.0
32,0.5,2023,3,0.25,0.7853981633974483,0.004036326942482341,0.004000226594268791,1.0090245758240974,1.0
32,0.5,2023,3,0.5,1.5707963267948966,0.004036326942482341,0.004000226594268791,1.0090245758240974,1.0
32,0.5,2023,3,0.75,2.356194490192345,0.004036326942482341,0.004000226594268791,1.0090245758240974,1.0
32,0.5,2023,3,1.0,3.141592653589793,0.004036326942482341,0.004000226594268791,1.0090245758240974,1.0
64,0.5,42,0,0.25,0.7853981633974483,0.001002215249184381,0.0010000566485671978,1.0021584783424777,1.0
64,0.5,42,0,0.5,1.5707963267948966,0.001002215249184381,0.0010000566485671978,1.0021584783424777,1.0
64,0.5,42,0,0.75,2.356194490192345,0.001002215249184381,0.0010000566485671978,1.0021584783424777,1.0
64,0.5,42,0,1.0,3.141592653589793,0.001002215249184381,0.0010000566485671978,1.0021584783424777,1.0
64,0.5,42,1,0.25,0.7853981633974483,0.0009940774953214272,0.0010000566485671978,0.9940211854455074,1.0
64,0.5,42,1,0.5,1.5707963267948966,0.0009940774953214272,0.0010000566485671978,0.9940211854455074,1.0
64,0.5,42,1,0.75,2.356194490192345,0.0009940774953214272,0.0010000566485671978,0.9940211854455074,1.0
64,0.5,42,1,1.0,3.141592653589793,0.0009940774953214272,0.0010000566485671978,0.9940211854455074,1.0
64,0.5,42,2,0.25,0.7853981633974483,0.001007301345348727,0.0010000566485671978,1.0072442864030842,1.0
64,0.5,42,2,0.5,1.5707963267948966,0.001007301345348727,0.0010000566485671978,1.0072442864030842,1.0
64,0.5,42,2,0.75,2.356194490192345,0.001007301345348727,0.0010000566485671978,1.0072442864030842,1.0
64,0.5,42,2,1.0,3.141592653589793,0.001007301345348727,0.0010000566485671978,1.0072442864030842,1.0
64,0.5,42,3,0.25,0.7853981633974483,0.0009874655703077774,0.0010000566485671978,0.9874096349667193,1.0
64,0.5,42,3,0.5,1.5707963267948966,0.0009874655703077774,0.0010000566485671978,0.9874096349667193,1.0
64,0.5,42,3,0.75,2.356194490192345,0.0009874655703077774,0.0010000566485671978,0.9874096349667193,1.0
64,0.5,42,3,1.0,3.141592653589793,0.0009874655703077774,0.0010000566485671978,0.9874096349667193,1.0
64,0.5,123,0,0.25,0.7853981633974483,0.000994586104937862,0.0010000566485671978,0.9945297662515683,1.0
64,0.5,123,0,0.5,1.5707963267948966,0.000994586104937862,0.0010000566485671978,0.9945297662515683,1.0
64,0.5,123,0,0.75,2.356194490192345,0.000994586104937862,0.0010000566485671978,0.9945297662515683,1.0
64,0.5,123,0,1.0,3.141592653589793,0.000994586104937862,0.0010000566485671978,0.9945297662515683,1.0
64,0.5,123,1,0.25,0.7853981633974483,0.0010037410780336846,0.0010000566485671978,1.0036842207606596,1.0
64,0.5,123,1,0.5,1.5707963267948966,0.0010037410780336846,0.0010000566485671978,1.0036842207606596,1.0
64,0.5,123,1,0.75,2.356194490192345,0.0010037410780336846,0.0010000566485671978,1.0036842207606596,1.0
64,0.5,123,1,1.0,3.141592653589793,0.0010037410780336846,0.0010000566485671978,1.0036842207606596,1.0
64,0.5,123,2,0.25,0.7853981633974483,0.0009813622549105622,0.0010000566485671978,0.9813066652939917,1.0
64,0.5,123,2,0.5,1.5707963267948966,0.0009813622549105622,0.0010000566485671978,0.9813066652939917,1.0
64,0.5,123,2,0.75,2.356194490192345,0.0009813622549105622,0.0010000566485671978,0.9813066652939917,1.0
64,0.5,123,2,1.0,3.141592653589793,0.0009813622549105622,0.0010000566485671978,0.9813066652939917,1.0
64,0.5,123,3,0.25,0.7853981633974483,0.0010067927357322922,0.0010000566485671978,1.0067357055970232,1.0
64,0.5,123,3,0.5,1.5707963267948966,0.0010067927357322922,0.0010000566485671978,1.0067357055970232,1.0
64,0.5,123,3,0.75,2.356194490192345,0.0010067927357322922,0.0010000566485671978,1.0067357055970232,1.0
64,0.5,123,3,1.0,3.141592653589793,0.0010067927357322922,0.0010000566485671978,1.0067357055970232,1.0
64,0.5,2023,0,0.25,0.7853981633974483,0.0010019609443761635,0.0010000566485671978,1.0019041879394472,1.0
64,0.5,2023,0,0.5,1.5707963267948966,0.0010019609443761635,0.0010000566485671978,1.0019041879394472,1.0
64,0.5,2023,0,0.75,2.356194490192345,0.0010019609443761635,0.0010000566485671978,1.0019041879394472,1.0
64,0.5,2023,0,1.0,3.141592653589793,0.0010019609443761635,0.0010000566485671978,1.0019041879394472,1.0
64,0.5,2023,1,0.25,0.7853981633974483,0.0010156934040198979,0.0010000566485671978,1.0156358697030845,1.0
64,0.5,2023,1,0.5,1.5707963267948966,0.0010156934040198979,0.0010000566485671978,1.0156358697030845,1.0
64,0.5,2023,1,0.75,2.356194490192345,0.0010156934040198979,0.0010000566485671978,1.0156358697030845,1.0
64,0.5,2023,1,1.0,3.141592653589793,0.0010156934040198979,0.0010000566485671978,1.0156358697030845,1.0
64,0.5,2023,2,0.25,0.7853981633974483,0.0009999265059104253,0.0010000566485671978,0.9998698647152049,1.0
64,0.5,2023,2,0.5,1.5707963267948966,0.0009999265059104253,0.0010000566485671978,0.9998698647152049,1.0
64,0.5,2023,2,0.75,2.356194490192345,0.0009999265059104253,0.0010000566485671978,0.9998698647152049,1.0
64,0.5,2023,2,1.0,3.141592653589793,0.0009999265059104253,0.0010000566485671978,0.9998698647152049,1.0
64,0.5,2023,3,0.25,0.7853981633974483,0.000986194046266691,0.0010000566485671978,0.9861381829515676,1.0
64,0.5,2023,3,0.5,1.5707963267948966,0.000986194046266691,0.0010000566485671978,0.9861381829515676,1.0
64,0.5,2023,3,0.75,2.356194490192345,0.000986194046266691,0.0010000566485671978,0.9861381829515676,1.0
64,0.5,2023,3,1.0,3.141592653589793,0.000986194046266691,0.0010000566485671978,0.9861381829515676,1.0
4,0.75,42,0,0.25,0.7853981633974483,0.02824659275474896,0.028700768806928897,0.9841754743493042,0.04063589902382678
4,0.75,42,0,0.5,1.5707963267948966,0.11390438528352517,0.1153569007174719,0.9874085085078337,0.3164612877703852
4,0.75,42,0,0.75,2.356194490192345,0.20966033472212414,0.2267047899281539,0.9248165192652903,0.7552073593412009
4,0.75,42,0,1.0,3.141592653589793,0.26382317632935526,0.3045389223560929,0.8663036379332513,0.9785035096247751
4,0.75,42,1,0.25,0.7853981633974483,0.028952757573617684,0.028700768806928897,1.0087798612080368,0.04063589902382678
4,0.75,42,1,0.5,1.5707963267948966,0.11475178306616764,0.1153569007174719,0.9947543870584189,0.3164612877703852
4,0.75,42,1,0.75,2.356194490192345,0.21382670715344962,0.2267047899281539,0.9431944831038394,0.7552073593412009
4,0.75,42,1,1.0,3.141592653589793,0.2605748181625591,0.3045389223560929,0.8556371584512038,0.9785035096247751
4,0.75,42,2,0.25,0.7853981633974483,0.029517689428712662,0.028700768806928897,1.0284633706950228,0.04063589902382678
4,0.75,42,2,0.5,1.5707963267948966,0.1122802062001271,0.1153569007174719,0.9733289079525452,0.3164612877703852
4,0.75,42,2,0.75,2.356194490192345,0.21220252807005155,0.2267047899281539,0.9360301921159304,0.7552073593412009
4,0.75,42,2,1.0,3.141592653589793,0.25796200833274485,0.3045389223560929,0.8470575988678177,0.9785035096247751
4,0.75,42,3,0.25,0.7853981633974483,0.028175976272862086,0.028700768806928897,0.9817150356634309,0.04063589902382678
4,0.75,42,3,0.5,1.5707963267948966,0.11220958971824024,0.1153569007174719,0.9727167514066632,0.3164612877703852
4,0.75,42,3,0.75,2.356194490192345,0.21093143139608786,0.2267047899281539,0.9304233556906104,0.7552073593412009
4,0.75,42,3,1.0,3.141592653589793,0.26347009391992093,0.3045389223560929,0.8651442379895506,0.9785035096247751
4,0.75,123,0,0.25,0.7853981633974483,0.028317209236635832,0.028700768806928897,0.9866359130351774,0.04063589902382678
4,0.75,123,0,0.5,1.5707963267948966,0.11559918084881012,0.1153569007174719,1.0021002656090041,0.3164612877703852
4,0.75,123,0,0.75,2.356194490192345,0.20810677212061296,0.2267047899281539,0.9179637191898992,0.7552073593412009
4,0.75,123,0,1.0,3.141592653589793,0.2597980368618035,0.3045389223560929,0.8530864785750619,0.9785035096247751
4,0.75,123,1,0.25,0.7853981633974483,0.030153237765694514,0.028700768806928897,1.0506073188678822,0.04063589902382678
4,0.75,123,1,0.5,1.5707963267948966,0.11213897323635337,0.1153569007174719,0.9721045948607812,0.3164612877703852
4,0.75,123,1,0.75,2.356194490192345,0.21686321587458512,0.2267047899281539,0.9565885923421039,0.7552073593412009
4,0.75,123,1,1.0,3.141592653589793,0.2647411905938846,0.3045389223560929,0.8693180777868735,0.9785035096247751
4,0.75,123,2,0.25,0.7853981633974483,0.02980015535626015,0.028700768806928897,1.0383051254385158,0.04063589902382678
4,0.75,123,2,0.5,1.5707963267948966,0.11552856436692324,0.1153569007174719,1.001488109063122,0.3164612877703852
4,0.75,123,2,0.75,2.356194490192345,0.21785184662100135,0.2267047899281539,0.9609494651173529,0.7552073593412009
4,0.75,123,2,1.0,3.141592653589793,0.26396440929312903,0.3045389223560929,0.8667673979107318,0.9785035096247751
4,0.75,123,3,0.25,0.7853981633974483,0.027893510345314596,0.028700768806928897,0.9718732809199379,0.04063589902382678
4,0.75,123,3,0.5,1.5707963267948966,0.1107972600805028,0.1153569007174719,0.9604736204890211,0.3164612877703852
4,0.75,123,3,0.75,2.356194490192345,0.20224560412400255,0.2267047899281539,0.8921099734509235,0.7552073593412009
4,0.75,123,3,1.0,3.141592653589793,0.25640844573123367,0.3045389223560929,0.8419562391155342,0.9785035096247751
4,0.75,2023,0,0.25,0.7853981633974483,0.029517689428712662,0.028700768806928897,1.0284633706950228,0.04063589902382678
4,0.75,2023,0,0.5,1.5707963267948966,0.1125626721276746,0.1153569007174719,0.9757775341360736,0.3164612877703852
4,0.75,2023,0,0.75,2.356194490192345,0.206976908410423,0.2267047899281539,0.9129798645896147,0.7552073593412009
4,0.75,2023,0,1.0,3.141592653589793,0.2624814631735047,0.3045389223560929,0.8618979181471882,0.9785035096247751
4,0.75,2023,1,0.25,0.7853981633974483,0.02739919497210649,0.028700768806928897,0.954650210118825,0.04063589902382678
4,0.75,2023,1,0.5,1.5707963267948966,0.11468116658428078,0.1153569007174719,0.9941422305125368,0.3164612877703852
4,0.75,2023,1,0.75,2.356194490192345,0.2087423204575948,0.2267047899281539,0.9207671374025592,0.7552073593412009
4,0.75,2023,1,1.0,3.141592653589793,0.2591624885248217,0.3045389223560929,0.8509995586764006,0.9785035096247751
4,0.75,2023,2,0.25,0.7853981633974483,0.02718734552644587,0.028700768806928897,0.9472688940612052,0.04063589902382678
4,0.75,2023,2,0.5,1.5707963267948966,0.11115034248993715,0.1153569007174719,0.9635344032184315,0.3164612877703852
4,0.75,2023,2,0.75,2.356194490192345,0.2107901984323141,0.2267047899281539,0.9298003738655749,0.7552073593412009
4,0.75,2023,2,1.0,3.141592653589793,0.2556316644304781,0.3045389223560929,0.8394055592393924,0.9785035096247751
4,0.75,2023,3,0.25,0.7853981633974483,0.028670291646070194,0.028700768806928897,0.9989381064645437,0.04063589902382678
4,0.75,2023,3,0.5,1.5707963267948966,0.11150342489937151,0.1153569007174719,0.9665951859478421,0.3164612877703852
4,0.75,2023,3,0.75,2.356194490192345,0.2121319115881647,0.2267047899281539,0.9357187012034127,0.7552073593412009
4,0.75,2023,3,1.0,3.141592653589793,0.2540781018289669,0.3045389223560929,0.8343041994871089,0.9785035096247751
8,0.75,42,0,0.25,0.7853981633974483,0.029159632185415268,0.028839225179367975,1.0111101114559942,0.31064319022541365
8,0.75,42,0,0.5,1.5707963267948966,0.0756937501024439,0.07613834540254348,0.9941606913343204,0.9605427394243474
8,0.75,42,0,0.75,2.356194490192345,0.08003737153534725,0.08240486054616647,0.9712700319480201,0.9999558921958319
8,0.75,42,0,1.0,3.141592653589793,0.08011932665672278,0.0824221234551314,0.9720609382302288,0.9999999994589026
8,0.75,42,1,0.25,0.7853981633974483,0.028700683505712272,0.028839225179367975,0.9951960681053658,0.31064319022541365
8,0.75,42,1,0.5,1.5707963267948966,0.07466111557311217,0.07613834540254348,0.9805980833754504,0.9605427394243474
8,0.75,42,1,0.75,2.356194490192345,0.07841466013211165,0.08240486054616647,0.951578093966686,0.9999558921958319
8,0.75,42,1,1.0,3.141592653589793,0.07810323067088462,0.0824221234551314,0.9476003213312275,0.9999999994589026
8,0.75,42,2,0.25,0.7853981633974483,0.02811060663180842,0.028839225179367975,0.9747351552259865,0.31064319022541365
8,0.75,42,2,0.5,1.5707963267948966,0.07428412201478471,0.07613834540254348,0.9756466550730057,0.9605427394243474
8,0.75,42,2,0.75,2.356194490192345,0.07933255749151764,0.08240486054616647,0.9627169679763296,0.9999558921958319
8,0.75,42,2,1.0,3.141592653589793,0.07936533954006786,0.0824221234551314,0.9629130652436104,0.9999999994589026
8,0.75,42,3,0.25,0.7853981633974483,0.02897933091838909,0.028839225179367975,1.0048581658539617,0.31064319022541365
8,0.75,42,3,0.5,1.5707963267948966,0.07362848104378042,0.07613834540254348,0.9670354754165801,0.9605427394243474
8,0.75,42,3,0.75,2.356194490192345,0.07793932042813355,0.08240486054616647,0.9458097484974063,0.9999558921958319
8,0.75,42,3,1.0,3.141592653589793,0.07820157681653526,0.0824221234551314,0.948793522155569,0.9999999994589026
8,0.75,123,0,0.25,0.7853981633974483,0.02871707452998738,0.028839225179367975,0.9957644267964597,0.31064319022541365
8,0.75,123,0,0.5,1.5707963267948966,0.07253028241734825,0.07613834540254348,0.9526117494920674,0.9605427394243474
8,0.75,123,0,0.75,2.356194490192345,0.075710141126719,0.08240486054616647,0.9187581973311293,0.9999558921958319
8,0.75,123,0,1.0,3.141592653589793,0.07580848727236965,0.0824221234551314,0.9197589687632586,0.9999999994589026
8,0.75,123,1,0.25,0.7853981633974483,0.02886459374846334,0.028839225179367975,1.0008796550163046,0.31064319022541365
8,0.75,123,1,0.5,1.5707963267948966,0.07307118621842679,0.07613834540254348,0.9597159727086185,0.9605427394243474
8,0.75,123,1,0.75,2.356194490192345,0.07728367945712927,0.08240486054616647,0.9378534099190896,0.9999558921958319
8,0.75,123,1,1.0,3.141592653589793,0.07746398072415545,0.0824221234551314,0.9398445159730076,0.9999999994589026
8,0.75,123,2,0.25,0.7853981633974483,0.028290907898834598,0.028839225179367975,0.9809871008280191,0.31064319022541365
8,0.75,123,2,0.5,1.5707963267948966,0.07289088495140061,0.07613834540254348,0.9573478983031015,0.9605427394243474
8,0.75,123,2,0.75,2.356194490192345,0.0778245832582078,0.08240486054616647,0.9444173892462009,0.9999558921958319
8,0.75,123,2,1.0,3.141592653589793,0.07787375633103312,0.0824221234551314,0.9448161860744305,0.9999999994589026
8,0.75,123,3,0.25,0.7853981633974483,0.02843842711731056,0.028839225179367975,0.9861023290478639,0.31064319022541365
8,0.75,123,3,0.5,1.5707963267948966,0.07459555147601174,0.07613834540254348,0.9797369654098078,0.9605427394243474
8,0.75,123,3,0.75,2.356194490192345,0.07884082676326444,0.08240486054616647,0.956749714042592,0.9999558921958319
8,0.75,123,3,1.0,3.141592653589793,0.07902112803029061,0.0824221234551314,0.958736862358415,0.9999999994589026
8,0.75,2023,0,0.25,0.7853981633974483,0.028880984772738448,0.028839225179367975,1.0014480137073984,0.31064319022541365
8,0.75,2023,0,0.5,1.5707963267948966,0.07467750659738727,0.07613834540254348,0.9808133628668609,0.9605427394243474
8,0.75,2023,0,0.75,2.356194490192345,0.07997180743824682,0.08240486054616647,0.9704743980901884,0.9999558921958319
8,0.75,2023,0,1.0,3.141592653589793,0.08018489075382321,0.0824221234551314,0.9728564054464565,0.9999999994589026
8,0.75,2023,1,0.25,0.7853981633974483,0.02897933091838909,0.028839225179367975,1.0048581658539617,0.31064319022541365
8,0.75,2023,1,0.5,1.5707963267948966,0.0730875772427019,0.07613834540254348,0.9599312522000292,0.9605427394243474
8,0.75,2023,1,0.75,2.356194490192345,0.07867691652051337,0.08240486054616647,0.9547606293980128,0.9999558921958319
8,0.75,2023,1,1.0,3.141592653589793,0.07864413447196315,0.0824221234551314,0.9541629258651059,0.9999999994589026
8,0.75,2023,2,0.25,0.7853981633974483,0.0287662476028127,0.028839225179367975,0.9974695028697413,0.31064319022541365
8,0.75,2023,2,0.5,1.5707963267948966,0.07353013489812979,0.07613834540254348,0.9657437984681164,0.9605427394243474
8,0.75,2023,2,0.75,2.356194490192345,0.08023406382664852,0.08240486054616647,0.9736569335215151,0.9999558921958319
8,0.75,2023,2,1.0,3.141592653589793,0.08074218557917684,0.0824221234551314,0.9796178767843917,0.9999999994589026
8,0.75,2023,3,0.25,0.7853981633974483,0.0289957219426642,0.028839225179367975,1.0054265245450555,0.31064319022541365
8,0.75,2023,3,0.5,1.5707963267948966,0.07374321821370618,0.07613834540254348,0.9685424318564546,0.9605427394243474
8,0.75,2023,3,0.75,2.356194490192345,0.07956203183136915,0.08240486054616647,0.9655016864787405,0.9999558921958319
8,0.75,2023,3,1.0,3.141592653589793,0.07961120490419446,0.0824221234551314,0.9658960673044642,0.9999999994589026
16,0.75,42,0,0.25,0.7853981633974483,0.018589939802061015,0.01903458635063587,0.9766400729501536,0.9605427392833127
16,0.75,42,0,0.5,1.5707963267948966,0.020095908580757067,0.020605530863904584,0.9752676945566959,0.9999999993127672
16,0.75,42,0,0.75,2.356194490192345,0.020095908580757067,0.02060553098964459,0.9752676886053732,1.0
16,0.75,42,0,1.0,3.141592653589793,0.020095908580757067,0.02060553098964459,0.9752676886053732,1.0
16,0.75,42,1,0.25,0.7853981633974483,0.018724619936741148,0.01903458635063587,0.9837156212283874,0.9605427392833127
16,0.75,42,1,0.5,1.5707963267948966,0.020344862769105194,0.020605530863904584,0.987349605476265,0.9999999993127672
16,0.75,42,1,0.75,2.356194490192345,0.020344862769105194,0.02060553098964459,0.9873495994512156,1.0
16,0.75,42,1,1.0,3.141592653589793,0.020344862769105194,0.02060553098964459,0.9873495994512156,1.0
16,0.75,42,2,0.25,0.7853981633974483,0.01898581777369656,0.01903458635063587,0.9974378966770833,0.9605427392833127
16,0.75,42,2,0.5,1.5707963267948966,0.02052851749821447,0.020605530863904584,0.9962624905808652,0.9999999993127672
16,0.75,42,2,0.75,2.356194490192345,0.02052851749821447,0.02060553098964459,0.9962624845014272,1.0
16,0.75,42,2,1.0,3.141592653589793,0.02052851749821447,0.02060553098964459,0.9962624845014272,1.0
16,0.75,42,3,0.25,0.7853981633974483,0.018896031017243138,0.01903458635063587,0.9927208644915941,0.9605427392833127
16,0.75,42,3,0.5,1.5707963267948966,0.020463218038975616,0.020605530863904584,0.9930934647658963,0.9999999993127672
16,0.75,42,3,0.75,2.356194490192345,0.020463218038975616,0.02060553098964459,0.9930934587057964,1.0
16,0.75,42,3,1.0,3.141592653589793,0.020463218038975616,0.02060553098964459,0.9930934587057964,1.0
16,0.75,123,0,0.25,0.7853981633974483,0.01903887358432813,0.01903458635063587,1.0002252338775997,0.9605427392833127
16,0.75,123,0,0.5,1.5707963267948966,0.020577492092643607,0.020605530863904584,0.9986392599420919,0.9999999993127672
16,0.75,123,0,0.75,2.356194490192345,0.020577492092643607,0.02060553098964459,0.9986392538481501,1.0
16,0.75,123,0,1.0,3.141592653589793,0.020577492092643607,0.02060553098964459,0.9986392538481501,1.0
16,0.75,123,1,0.25,0.7853981633974483,0.01867156412610958,0.01903458635063587,0.980928284027871,0.9605427392833127
16,0.75,123,1,0.5,1.5707963267948966,0.02035710641771248,0.020605530863904584,0.9879437978165717,0.9999999993127672
16,0.75,123,1,0.75,2.356194490192345,0.02035710641771248,0.02060553098964459,0.9879437917878964,1.0
16,0.75,123,1,1.0,3.141592653589793,0.02035710641771248,0.02060553098964459,0.9879437917878964,1.0
16,0.75,123,2,0.25,0.7853981633974483,0.01852872155902459,0.01903458635063587,0.9734239146418654,0.9605427392833127
16,0.75,123,2,0.5,1.5707963267948966,0.0202591572288542,0.020605530863904584,0.9831902590941183,0.9999999993127672
16,0.75,123,2,0.75,2.356194490192345,0.0202591572288542,0.02060553098964459,0.9831902530944502,1.0
16,0.75,123,2,1.0,3.141592653589793,0.0202591572288542,0.02060553098964459,0.9831902530944502,1.0
16,0.75,123,3,0.25,0.7853981633974483,0.018912355882052853,0.01903458635063587,0.9935785067071377,0.9605427392833127
16,0.75,123,3,0.5,1.5707963267948966,0.02072441587593103,0.020605530863904584,1.005769568025772,0.9999999993127672
16,0.75,123,3,0.75,2.356194490192345,0.02072441587593103,0.02060553098964459,1.0057695618883196,1.0
16,0.75,123,3,1.0,3.141592653589793,0.02072441587593103,0.02060553098964459,1.0057695618883196,1.0
16,0.75,2023,0,0.25,0.7853981633974483,0.018667482909907152,0.01903458635063587,0.9807138734739852,0.9605427392833127
16,0.75,2023,0,0.5,1.5707963267948966,0.020120395877971636,0.020605530863904584,0.9764560792373093,0.9999999993127672
16,0.75,2023,0,0.75,2.356194490192345,0.020120395877971636,0.02060553098964459,0.9764560732787347,1.0
16,0.75,2023,0,1.0,3.141592653589793,0.020120395877971636,0.02060553098964459,0.9764560732787347,1.0
16,0.75,2023,1,0.25,0.7853981633974483,0.018667482909907152,0.01903458635063587,0.9807138734739852,0.9605427392833127
16,0.75,2023,1,0.5,1.5707963267948966,0.02037343128252219,0.020605530863904584,0.9887360542703139,0.9999999993127672
16,0.75,2023,1,0.75,2.356194490192345,0.02037343128252219,0.02060553098964459,0.9887360482368039,1.0
16,0.75,2023,1,1.0,3.141592653589793,0.02037343128252219,0.02060553098964459,0.9887360482368039,1.0
16,0.75,2023,2,0.25,0.7853981633974483,0.01940210182634425,0.01903458635063587,1.0193077731734426,0.9605427392833127
16,0.75,2023,2,0.5,1.5707963267948966,0.020614223038465464,0.020605530863904584,1.000421836963012,0.9999999993127672
16,0.75,2023,2,0.75,2.356194490192345,0.020614223038465464,0.02060553098964459,1.0004218308581925,1.0
16,0.75,2023,2,1.0,3.141592653589793,0.020614223038465464,0.02060553098964459,1.0004218308581925,1.0
16,0.75,2023,3,0.25,0.7853981633974483,0.018834812774206712,0.01903458635063587,0.9895047061833059,0.9605427392833127
16,0.75,2023,3,0.5,1.5707963267948966,0.02055300479542904,0.020605530863904584,0.9974508752614786,0.9999999993127672
16,0.75,2023,3,0.75,2.356194490192345,0.02055300479542904,0.02060553098964459,0.9974508691747886,1.0
16,0.75,2023,3,1.0,3.141592653589793,0.02055300479542904,0.02060553098964459,0.9974508691747886,1.0
32,0.75,42,0,0.25,0.7853981633974483,0.0051849083731382644,0.005151382715976146,1.0065080889948526,0.9999999993127672
32,0.75,42,0,0.5,1.5707963267948966,0.0051849083731382644,0.005151382747411147,1.0065080828528934,1.0
32,0.75,42,0,0.75,2.356194490192345,0.0051849083731382644,0.005151382747411147,1.0065080828528934,1.0
32,0.75,42,0,1.0,3.141592653589793,0.0051849083731382644,0.005151382747411147,1.0065080828528934,1.0
32,0.75,42,1,0.25,0.7853981633974483,0.005037262710509622,0.005151382715976146,0.9778467235384007,0.9999999993127672
32,0.75,42,1,0.5,1.5707963267948966,0.005037262710509622,0.005151382747411147,0.9778467175713401,1.0
32,0.75,42,1,0.75,2.356194490192345,0.005037262710509622,0.005151382747411147,0.9778467175713401,1.0
32,0.75,42,1,1.0,3.141592653589793,0.005037262710509622,0.005151382747411147,0.9778467175713401,1.0
32,0.75,42,2,0.25,0.7853981633974483,0.005077992548476144,0.005151382715976146,0.9857533071125942,0.9999999993127672
32,0.75,42,2,0.5,1.5707963267948966,0.005077992548476144,0.005151382747411147,0.9857533010972858,1.0
32,0.75,42,2,0.75,2.356194490192345,0.005077992548476144,0.005151382747411147,0.9857533010972858,1.0
32,0.75,42,2,1.0,3.141592653589793,0.005077992548476144,0.005151382747411147,0.9857533010972858,1.0
32,0.75,42,3,0.25,0.7853981633974483,0.00516352520820584,0.005151382715976146,1.0023571326184009,0.9999999993127672
32,0.75,42,3,0.5,1.5707963267948966,0.00516352520820584,0.005151382747411147,1.002357126501772,1.0
32,0.75,42,3,0.75,2.356194490192345,0.00516352520820584,0.005151382747411147,1.002357126501772,1.0
32,0.75,42,3,1.0,3.141592653589793,0.00516352520820584,0.005151382747411147,1.002357126501772,1.0
32,0.75,123,0,0.25,0.7853981633974483,0.005081047286323633,0.005151382715976146,0.9863463008806589,0.9999999993127672
32,0.75,123,0,0.5,1.5707963267948966,0.005081047286323633,0.005151382747411147,0.9863462948617318,1.0
32,0.75,123,0,0.75,2.356194490192345,0.005081047286323633,0.005151382747411147,0.9863462948617318,1.0
32,0.75,123,0,1.0,3.141592653589793,0.005081047286323633,0.005151382747411147,0.9863462948617318,1.0
32,0.75,123,1,0.25,0.7853981633974483,0.005051518153797905,0.005151382715976146,0.9806140277893685,0.9999999993127672
32,0.75,123,1,0.5,1.5707963267948966,0.005051518153797905,0.005151382747411147,0.9806140218054211,1.0
32,0.75,123,1,0.75,2.356194490192345,0.005051518153797905,0.005151382747411147,0.9806140218054211,1.0
32,0.75,123,1,1.0,3.141592653589793,0.005051518153797905,0.005151382747411147,0.9806140218054211,1.0
32,0.75,123,2,0.25,0.7853981633974483,0.005059664121391209,0.005151382715976146,0.9821953445042071,0.9999999993127672
32,0.75,123,2,0.5,1.5707963267948966,0.005059664121391209,0.005151382747411147,0.9821953385106101,1.0
32,0.75,123,2,0.75,2.356194490192345,0.005059664121391209,0.005151382747411147,0.9821953385106101,1.0
32,0.75,123,2,1.0,3.141592653589793,0.005059664121391209,0.005151382747411147,0.9821953385106101,1.0
32,0.75,123,3,0.25,0.7853981633974483,0.005168616437951656,0.005151382715976146,1.0033454555651753,0.9999999993127672
32,0.75,123,3,0.5,1.5707963267948966,0.005168616437951656,0.005151382747411147,1.0033454494425151,1.0
32,0.75,123,3,0.75,2.356194490192345,0.005168616437951656,0.005151382747411147,1.0033454494425151,1.0
32,0.75,123,3,1.0,3.141592653589793,0.005168616437951656,0.005151382747411147,1.0033454494425151,1.0
32,0.75,2023,0,0.25,0.7853981633974483,0.005105485189103546,0.005151382715976146,0.991090251025175,0.9999999993127672
32,0.75,2023,0,0.5,1.5707963267948966,0.005105485189103546,0.005151382747411147,0.9910902449772991,1.0
32,0.75,2023,0,0.75,2.356194490192345,0.005105485189103546,0.005151382747411147,0.9910902449772991,1.0
32,0.75,2023,0,1.0,3.141592653589793,0.005105485189103546,0.005151382747411147,0.9910902449772991,1.0
32,0.75,2023,1,0.25,0.7853981633974483,0.0051085399269510355,0.005151382715976146,0.9916832447932395,0.9999999993127672
32,0.75,2023,1,0.5,1.5707963267948966,0.0051085399269510355,0.005151382747411147,0.9916832387417451,1.0
32,0.75,2023,1,0.75,2.356194490192345,0.0051085399269510355,0.005151382747411147,0.9916832387417451,1.0
32,0.75,2023,1,1.0,3.141592653589793,0.0051085399269510355,0.005151382747411147,0.9916832387417451,1.0
32,0.75,2023,2,0.25,0.7853981633974483,0.005168616437951656,0.005151382715976146,1.0033454555651753,0.9999999993127672
32,0.75,2023,2,0.5,1.5707963267948966,0.005168616437951656,0.005151382747411147,1.0033454494425151,1.0
32,0.75,2023,2,0.75,2.356194490192345,0.005168616437951656,0.005151382747411147,1.0033454494425151,1.0
32,0.75,2023,2,1.0,3.141592653589793,0.005168616437951656,0.005151382747411147,1.0033454494425151,1.0
32,0.75,2023,3,0.25,0.7853981633974483,0.0051217771242901555,0.005151382715976146,0.9942528844548526,0.9999999993127672
32,0.75,2023,3,0.5,1.5707963267948966,0.0051217771242901555,0.005151382747411147,0.9942528783876775,1.0
32,0.75,2023,3,0.75,2.356194490192345,0.0051217771242901555,0.005151382747411147,0.9942528783876775,1.0
32,0.75,2023,3,1.0,3.141592653589793,0.0051217771242901555,0.005151382747411147,0.9942528783876775,1.0
64,0.75,42,0,0.25,0.7853981633974483,0.0012758472228261962,0.0012878456868527868,0.9906833061219374,1.0
64,0.75,42,0,0.5,1.5707963267948966,0.0012758472228261962,0.0012878456868527868,0.9906833061219374,1.0
64,0.75,42,0,0.75,2.356194490192345,0.0012758472228261962,0.0012878456868527868,0.9906833061219374,1.0
64,0.75,42,0,1.0,3.141592653589793,0.0012758472228261962,0.0012878456868527868,0.9906833061219374,1.0
64,0.75,42,1,0.25,0.7853981633974483,0.001287545244004192,0.0012878456868527868,0.9997667089685807,1.0
64,0.75,42,1,0.5,1.5707963267948966,0.001287545244004192,0.0012878456868527868,0.9997667089685807,1.0
64,0.75,42,1,0.75,2.356194490192345,0.001287545244004192,0.0012878456868527868,0.9997667089685807,1.0
64,0.75,42,1,1.0,3.141592653589793,0.001287545244004192,0.0012878456868527868,0.9997667089685807,1.0
64,0.75,42,2,0.25,0.7853981633974483,0.0012928856449767553,0.0012878456868527868,1.0039134798333527,1.0
64,0.75,42,2,0.5,1.5707963267948966,0.0012928856449767553,0.0012878456868527868,1.0039134798333527,1.0
64,0.75,42,2,0.75,2.356194490192345,0.0012928856449767553,0.0012878456868527868,1.0039134798333527,1.0
64,0.75,42,2,1.0,3.141592653589793,0.0012928856449767553,0.0012878456868527868,1.0039134798333527,1.0
64,0.75,42,3,0.25,0.7853981633974483,0.001279153185333021,0.0012878456868527868,0.9932503547525104,1.0
64,0.75,42,3,0.5,1.5707963267948966,0.001279153185333021,0.0012878456868527868,0.9932503547525104,1.0
64,0.75,42,3,0.75,2.356194490192345,0.001279153185333021,0.0012878456868527868,0.9932503547525104,1.0
64,0.75,42,3,1.0,3.141592653589793,0.001279153185333021,0.0012878456868527868,0.9932503547525104,1.0
64,0.75,123,0,0.25,0.7853981633974483,0.0012918684257438862,0.0012878456868527868,1.0031236187162533,1.0
64,0.75,123,0,0.5,1.5707963267948966,0.0012918684257438862,0.0012878456868527868,1.0031236187162533,1.0
64,0.75,123,0,0.75,2.356194490192345,0.0012918684257438862,0.0012878456868527868,1.0031236187162533,1.0
64,0.75,123,0,1.0,3.141592653589793,0.0012918684257438862,0.0012878456868527868,1.0031236187162533,1.0
64,0.75,123,1,0.25,0.7853981633974483,0.0012804247093741075,0.0012878456868527868,0.9942376811488847,1.0
64,0.75,123,1,0.5,1.5707963267948966,0.0012804247093741075,0.0012878456868527868,0.9942376811488847,1.0
64,0.75,123,1,0.75,2.356194490192345,0.0012804247093741075,0.0012878456868527868,0.9942376811488847,1.0
64,0.75,123,1,1.0,3.141592653589793,0.0012804247093741075,0.0012878456868527868,0.9942376811488847,1.0
64,0.75,123,2,0.25,0.7853981633974483,0.001285765110346671,0.0012878456868527868,0.9983844520136568,1.0
64,0.75,123,2,0.5,1.5707963267948966,0.001285765110346671,0.0012878456868527868,0.9983844520136568,1.0
64,0.75,123,2,0.75,2.356194490192345,0.001285765110346671,0.0012878456868527868,0.9983844520136568,1.0
64,0.75,123,2,1.0,3.141592653589793,0.001285765110346671,0.0012878456868527868,0.9983844520136568,1.0
64,0.75,123,3,0.25,0.7853981633974483,0.0012847478911138016,0.0012878456868527868,0.9975945908965572,1.0
64,0.75,123,3,0.5,1.5707963267948966,0.0012847478911138016,0.0012878456868527868,0.9975945908965572,1.0
64,0.75,123,3,0.75,2.356194490192345,0.0012847478911138016,0.0012878456868527868,0.9975945908965572,1.0
64,0.75,123,3,1.0,3.141592653589793,0.0012847478911138016,0.0012878456868527868,0.9975945908965572,1.0
64,0.75,2023,0,0.25,0.7853981633974483,0.0013061094950040548,0.0012878456868527868,1.0141816743556449,1.0
64,0.75,2023,0,0.5,1.5707963267948966,0.0013061094950040548,0.0012878456868527868,1.0141816743556449,1.0
64,0.75,2023,0,0.75,2.356194490192345,0.0013061094950040548,0.0012878456868527868,1.0141816743556449,1.0
64,0.75,2023,0,1.0,3.141592653589793,0.0013061094950040548,0.0012878456868527868,1.0141816743556449,1.0
64,0.75,2023,1,0.25,0.7853981633974483,0.001292631340168538,0.0012878456868527868,1.0037160145540776,1.0
64,0.75,2023,1,0.5,1.5707963267948966,0.001292631340168538,0.0012878456868527868,1.0037160145540776,1.0
64,0.75,2023,1,0.75,2.356194490192345,0.001292631340168538,0.0012878456868527868,1.0037160145540776,1.0
64,0.75,2023,1,1.0,3.141592653589793,0.001292631340168538,0.0012878456868527868,1.0037160145540776,1.0
64,0.75,2023,2,0.25,0.7853981633974483,0.0012933942545931899,0.0012878456868527868,1.0043084103919022,1.0
64,0.75,2023,2,0.5,1.5707963267948966,0.0012933942545931899,0.0012878456868527868,1.0043084103919022,1.0
64,0.75,2023,2,0.75,2.356194490192345,0.0012933942545931899,0.0012878456868527868,1.0043084103919022,1.0
64,0.75,2023,2,1.0,3.141592653589793,0.0012933942545931899,0.0012878456868527868,1.0043084103919022,1.0
64,0.75,2023,3,0.25,0.7853981633974483,0.0012837306718809325,0.0012878456868527868,0.9968047297794579,1.0
64,0.75,2023,3,0.5,1.5707963267948966,0.0012837306718809325,0.0012878456868527868,0.9968047297794579,1.0
64,0.75,2023,3,0.75,2.356194490192345,0.0012837306718809325,0.0012878456868527868,0.9968047297794579,1.0
64,0.75,2023,3,1.0,3.141592653589793,0.0012837306718809325,0.0012878456868527868,0.9968047297794579,1.0
