shape_y,shape_x,p,sigma_phys,seed,realization,margin_px,n_meas_px,n_pred_discrete_px,ratio_discrete,charge_imbalance
255,255,8,0.1,42,0,12,0.050264650283553876,0.04968421624893512,1.0116824633342425,0.0018804061677322342
255,255,8,0.1,42,1,12,0.050132325141776936,0.04968421624893512,1.009019139812866,0.0022624434389140182
255,255,8,0.1,42,2,12,0.04950850661625709,0.04968421624893512,0.9964634717835205,0.0003818251240931522
255,255,8,0.1,42,3,12,0.04952741020793951,0.04968421624893512,0.9968439465722885,0.0007633587786259278
255,255,8,0.1,123,0,12,0.04945179584120983,0.04968421624893512,0.9953220474172163,0.0
255,255,8,0.1,123,1,12,0.049697542533081285,0.04968421624893512,1.000268219671201,0.0003803727653099907
255,255,8,0.1,123,2,12,0.049130434782608694,0.04968421624893512,0.9888539760081595,0.00038476337052711256
255,255,8,0.1,123,3,12,0.04948960302457467,0.04968421624893512,0.9960829969947524,0.0007639419404125023
257,257,8,0.1,42,0,12,0.04977333531510107,0.04968421624893511,1.0017937098115717,0.0011198208286673818
257,257,8,0.1,42,1,12,0.049866230677764564,0.04968421624893511,1.0036634255820298,0.002980625931445636
257,257,8,0.1,42,2,12,0.04847280023781213,0.04968421624893511,0.975617689025155,0.0034495975469528302
257,257,8,0.1,42,3,12,0.050627972651605235,0.04968421624893511,1.0189950948997883,0.0003669724770641642
257,257,8,0.1,123,0,12,0.04776679548156956,0.04968421624893511,0.9614078491696718,0.00038895371450798684
257,257,8,0.1,123,1,12,0.050033442330558855,0.04968421624893511,1.0070289139688549,0.0011139992573337973
257,257,8,0.1,123,2,12,0.050293549346016646,0.04968421624893511,1.0122641181261383,0.0018470631695603932
257,257,8,0.1,123,3,12,0.0490115933412604,0.04968421624893511,0.9864620404938133,0.0015163002274450152
255,257,8,0.1,42,0,12,0.05080584707646177,0.04968421624893512,1.0225751941402657,0.003319808188860218
255,257,8,0.1,42,1,12,0.050299850074962515,0.04968421624893512,1.012390933630569,0.0
255,257,8,0.1,42,2,12,0.049587706146926536,0.04968421624893512,0.9980575299502555,0.0015117157974301226
255,257,8,0.1,42,3,12,0.050974512743628186,0.04968421624893512,1.0259699476434978,0.003676470588235254
255,257,8,0.1,123,0,12,0.04878185907046477,0.04968421624893512,0.9818381521014797,0.00345754898194393
255,257,8,0.1,123,1,12,0.04979385307346327,0.04968421624893512,1.0022066731208727,0.0033872788859616297
255,257,8,0.1,123,2,12,0.05069340329835082,0.04968421624893512,1.0203120251381108,0.0003696857670979764
255,257,8,0.1,123,3,12,0.050543478260869565,0.04968421624893512,1.0172944664685712,0.00037078235076004487
257,255,8,0.1,42,0,12,0.04840704647676162,0.04968421624893512,0.9742942554276304,0.004258614014711616
257,255,8,0.1,42,1,12,0.049175412293853075,0.04968421624893512,0.9897592436090215,0.0022865853658536476
257,255,8,0.1,42,2,12,0.049943778110944526,0.04968421624893512,1.0052242317904123,0.002626641651031894
257,255,8,0.1,42,3,12,0.04990629685157421,0.04968421624893512,1.0044698421230274,0.0011265490048817418
257,255,8,0.1,123,0,12,0.050843328335832084,0.04968421624893512,1.0233295838076506,0.0018429782528565962
257,255,8,0.1,123,1,12,0.05076836581709145,0.04968421624893512,1.0218208044728807,0.004060538944259912
257,255,8,0.1,123,2,12,0.04932533733133433,0.04968421624893512,0.992776802278561,0.0015197568389058148
257,255,8,0.1,123,3,12,0.04831334332833583,0.04968421624893512,0.9724082812591681,0.0038789759503490657
253,259,8,0.1,42,0,12,0.05064477432898486,0.04968421624893513,1.0193332642148765,0.005181347150259094
253,259,8,0.1,42,1,12,0.04944519418203629,0.04968421624893513,0.9951891750550866,0.000758150113722571
253,259,8,0.1,42,2,12,0.050682261208576995,0.04968421624893513,1.02008776700112,0.0007396449704141853
253,259,8,0.1,42,3,12,0.048901634427950216,0.04968421624893513,0.9842488846545568,0.001149865848984296
253,259,8,0.1,123,0,12,0.04997001049632629,0.04968421624893513,1.0057522140624948,0.0007501875468867056
253,259,8,0.1,123,1,12,0.050419853051432,0.04968421624893513,1.014806247497416,0.0007434944237918745
253,259,8,0.1,123,2,12,0.049670115459589145,0.04968421624893513,0.9997161917725473,0.003018867924528307
253,259,8,0.1,123,3,12,0.05085095216674164,0.04968421624893513,1.0234830295392154,0.005528934758569833
255,255,8,0.25,42,0,12,0.052362948960302455,0.05281757919086086,0.9913924447594321,0.0007220216606498609
255,255,8,0.25,42,1,12,0.054725897920604914,0.05281757919086086,1.0361303709669878,0.00449050086355783
255,255,8,0.25,42,2,12,0.05304347826086957,0.05281757919086086,1.0042769675072083,0.0028510334996435876
255,255,8,0.25,42,3,12,0.05291115311909263,0.05281757919086086,1.0017716436395852,0.0003572704537334639
255,255,8,0.25,123,0,12,0.05300567107750473,0.05281757919086086,1.0035611606878874,0.002139800285306696
255,255,8,0.25,123,1,12,0.05243856332703214,0.05281757919086086,0.992824058398074,0.003604902667627982
255,255,8,0.25,123,2,12,0.05402646502835539,0.05281757919086086,1.0228879448095514,0.0027991602519243904
255,255,8,0.25,123,3,12,0.0524007561436673,0.05281757919086086,0.9921082515787532,0.0007215007215007628
257,257,8,0.25,42,0,12,0.052541617122473246,0.05281757919086051,0.9947751852202454,0.0007072135785007314
257,257,8,0.25,42,1,12,0.05218861474435196,0.05281757919086051,0.988091759294084,0.00035599857600570814
257,257,8,0.25,42,2,12,0.052077140309155764,0.05281757919086051,0.985981203738454,0.0010702818408847364
257,257,8,0.25,42,3,12,0.05395362663495838,0.05281757919086051,1.0215088889248913,0.0006887052341598032
257,257,8,0.25,123,0,12,0.05293177764565993,0.05281757919086051,1.00216212966495,0.001053001053001089
257,257,8,0.25,123,1,12,0.05397220570749108,0.05281757919086051,1.021860648184163,0.0024096385542168213
257,257,8,0.25,123,2,12,0.052523038049940546,0.05281757919086051,0.9944234259609738,0.0031835868411743667
257,257,8,0.25,123,3,12,0.054343787158145064,0.05281757919086051,1.0288958333695961,0.0003418803418803536
255,257,8,0.25,42,0,12,0.05236131934032984,0.052817579190860706,0.991361591017223,0.0028632784538296435
255,257,8,0.25,42,1,12,0.05348575712143928,0.052817579190860706,1.012650673143577,0.0007007708479326794
255,257,8,0.25,42,2,12,0.05346701649175412,0.052817579190860706,1.0122958551081378,0.0017525411847178218
255,257,8,0.25,42,3,12,0.052998500749625185,0.052817579190860706,1.0034254042221569,0.001414427157001386
255,257,8,0.25,123,0,12,0.052998500749625185,0.052817579190860706,1.0034254042221569,0.0
255,257,8,0.25,123,1,12,0.05206146926536732,0.052817579190860706,0.9856845024501952,0.0014398848092153005
255,257,8,0.25,123,2,12,0.05292353823088456,0.052817579190860706,1.0020061320804001,0.0014164305949008213
255,257,8,0.25,123,3,12,0.05346701649175412,0.052817579190860706,1.0122958551081378,0.00035050823694351247
257,255,8,0.25,42,0,12,0.05284857571214393,0.05281757919086069,1.0005868599386434,0.0
257,255,8,0.25,42,1,12,0.051630434782608696,0.05281757919086069,0.977523687635093,0.0025408348457350263
257,255,8,0.25,42,2,12,0.05282983508245877,0.05281757919086069,1.000232041903204,0.0031926214969846987
257,255,8,0.25,42,3,12,0.05382308845577211,0.05281757919086069,1.0190373977814835,0.0
257,255,8,0.25,123,0,12,0.05286731634182908,0.05281757919086069,1.0009416779740825,0.00106345267635593
257,255,8,0.25,123,1,12,0.05230509745127436,0.05281757919086069,0.9902971369109054,0.0046578287352203405
257,255,8,0.25,123,2,12,0.05219265367316342,0.05281757919086069,0.9881682286982701,0.0017953321364452227
257,255,8,0.25,123,3,12,0.0529047976011994,0.05281757919086069,1.001651314044961,0.001062699256110483
253,259,8,0.25,42,0,12,0.0533625730994152,0.0528175791908607,1.0103184189223273,0.0003512469265894173
253,259,8,0.25,42,1,12,0.052013045434098064,0.0528175791908607,0.9847676896766626,0.0010810810810810913
253,259,8,0.25,42,2,12,0.05278152646573699,0.0528175791908607,0.9993174104971106,0.0028409090909090958
253,259,8,0.25,42,3,12,0.050944669365722,0.0528175791908607,0.9645400290238448,0.0022075055187638177
253,259,8,0.25,123,0,12,0.05343754685859949,0.0528175791908607,1.01173790388042,0.0003507541213609509
253,259,8,0.25,123,1,12,0.05259409206777628,0.0528175791908607,0.9957686981018795,0.00071275837491089
253,259,8,0.25,123,2,12,0.052875243664717346,0.0528175791908607,1.0010917666947263,0.0010634526763559124
253,259,8,0.25,123,3,12,0.05248163142899985,0.0528175791908607,0.9936394706647408,0.004999999999999959
255,255,8,0.5,42,0,12,0.06376181474480151,0.06400362558287157,0.9962219196823943,0.0020753038837830196
255,255,8,0.5,42,1,12,0.06338374291115312,0.06400362558287157,0.9903148819137468,0.002087682672233858
255,255,8,0.5,42,2,12,0.06281663516068053,0.06400362558287157,0.9814543252607757,0.0009027986758952442
255,255,8,0.5,42,3,12,0.06245746691871456,0.06400362558287157,0.9758426393805606,0.00181598062954
255,255,8,0.5,123,0,12,0.06226843100189036,0.06400362558287157,0.9728891204962369,0.001214329083181556
255,255,8,0.5,123,1,12,0.06359168241965973,0.06400362558287157,0.9935637526865029,0.0023781212841854113
255,255,8,0.5,123,2,12,0.06275992438563327,0.06400362558287157,0.9805682695954785,0.0012048192771083922
255,255,8,0.5,123,3,12,0.06243856332703213,0.06400362558287157,0.9755472874921282,0.0009082652134423494
257,257,8,0.5,42,0,12,0.06287158145065398,0.06400362543488457,0.9823128146798138,0.0017730496453901316
257,257,8,0.5,42,1,12,0.06337321640903686,0.06400362543488457,0.9901504169245995,0.00029316915860452483
257,257,8,0.5,42,2,12,0.06380053507728894,0.06400362543488457,0.9968268929108987,0.0005824111822947199
257,257,8,0.5,42,3,12,0.06201694411414982,0.06400362543488457,0.9689598627072159,0.0029958058717794995
257,257,8,0.5,123,0,12,0.06270436979785969,0.06400362543488457,0.9797002805982186,0.002666666666666647
257,257,8,0.5,123,1,12,0.06266721165279429,0.06400362543488457,0.9791197174689752,0.0008894159501926265
257,257,8,0.5,123,2,12,0.06209126040428062,0.06400362543488457,0.9701209889657026,0.001795332136445192
257,257,8,0.5,123,3,12,0.06352184898929845,0.06400362543488457,0.9924726694415732,0.0002924831822169233
255,257,8,0.5,42,0,12,0.061450524737631185,0.06400362550861616,0.9601100601614939,0.001524855138761801
255,257,8,0.5,42,1,12,0.06285607196401799,0.06400362550861616,0.9820704915467064,0.0017889087656528882
255,257,8,0.5,42,2,12,0.0636431784107946,0.06400362550861616,0.9943683331224255,0.0005889281507656221
255,257,8,0.5,42,3,12,0.06366191904047976,0.06400362550861616,0.9946611388742282,0.002060641742714159
255,257,8,0.5,123,0,12,0.06336206896551724,0.06400362550861616,0.989976246845383,0.002661934338952987
255,257,8,0.5,123,1,12,0.06263118440779611,0.06400362550861616,0.9785568225250726,0.0011968880909634153
255,257,8,0.5,123,2,12,0.06291229385307347,0.06400362550861616,0.982948908802115,0.001489425081918363
255,257,8,0.5,123,3,12,0.06323088455772113,0.06400362550861616,0.9879266065827631,0.0017783046828690448
257,255,8,0.5,42,0,12,0.06238755622188905,0.06400362550864622,0.9747503477511777,0.0039050765995795
257,255,8,0.5,42,1,12,0.06362443778110945,0.06400362550864622,0.9940755273701558,0.0032400589101619238
257,255,8,0.5,42,2,12,0.06368065967016492,0.06400362550864622,0.994953944625564,0.0
257,255,8,0.5,42,3,12,0.06319340329835083,0.06400362550864622,0.9873409950786938,0.0017793594306049188
257,255,8,0.5,123,0,12,0.06233133433283358,0.06400362550864622,0.9738719304957697,0.0006013229104029021
257,255,8,0.5,123,1,12,0.062481259370314846,0.06400362550864622,0.9762143765101914,0.0005998800239951611
257,255,8,0.5,123,2,12,0.06321214392803598,0.06400362550864622,0.9876338008304965,0.0014823599169878285
257,255,8,0.5,123,3,12,0.061825337331334336,0.06400362550864622,0.9659661751970969,0.0009093664746893235
253,259,8,0.5,42,0,12,0.06445868945868946,0.06400362551123137,1.007109971409014,0.0014539110206454784
253,259,8,0.5,42,1,12,0.06316539211276054,0.06400362551123137,0.9869033450562306,0.002967359050445095
253,259,8,0.5,42,2,12,0.06153471285050233,0.06400362551123137,0.9614254248722863,0.0021321961620469473
253,259,8,0.5,42,3,12,0.06162843004948268,0.06400362551123137,0.9628896731587199,0.0012165450121654241
253,259,8,0.5,123,0,12,0.06275303643724696,0.06400362551123137,0.9804606525959227,0.0005973715651135432
253,259,8,0.5,123,1,12,0.0629967011545959,0.06400362551123137,0.9842676981406502,0.0008925914906277977
253,259,8,0.5,123,2,12,0.06284675363622733,0.06400362551123137,0.9819249008823565,0.0008947211452430743
253,259,8,0.5,123,3,12,0.06226570700254911,0.06400362551123137,0.9728465615064682,0.0018061408789885223
255,255,8,0.75,42,0,12,0.0785633270321361,0.08242212429217798,0.9531825066002566,0.0014436958614052358
255,255,8,0.75,42,1,12,0.0794328922495274,0.08242212429217798,0.9637326498398167,0.0014278914802475394
255,255,8,0.75,42,2,12,0.07916824196597354,0.08242212429217798,0.9605217366799507,0.0009551098376312946
255,255,8,0.75,42,3,12,0.08011342155009452,0.08242212429217798,0.9719892836794725,0.0004719207173194741
255,255,8,0.75,123,0,12,0.07954631379962193,0.08242212429217798,0.9651087554797594,0.00047528517110264517
255,255,8,0.75,123,1,12,0.08018903591682419,0.08242212429217798,0.9729066874394342,0.0014144271570014522
255,255,8,0.75,123,2,12,0.0795085066162571,0.08242212429217798,0.9646500535997785,0.0014265335235378411
255,255,8,0.75,123,3,12,0.08039697542533081,0.08242212429217798,0.975429547779329,0.0007053844345167873
257,257,8,0.75,42,0,12,0.07886816290130796,0.08242212341713645,0.9568809881560322,0.0011778563015311656
257,257,8,0.75,42,1,12,0.07734467895362664,0.08242212341713645,0.9383970680079062,0.001681479702137849
257,257,8,0.75,42,2,12,0.07938837693222354,0.08242212341713645,0.9631925706456362,0.0007020828457757381
257,257,8,0.75,42,3,12,0.07951843043995244,0.08242212341713645,0.9647704662680372,0.001869158878504737
257,257,8,0.75,123,0,12,0.07788347205707491,0.08242212341713645,0.9449340641578532,0.0009541984732824753
257,257,8,0.75,123,1,12,0.07916542806183115,0.08242212341713645,0.9604876067215201,0.00023468669326449993
257,257,8,0.75,123,2,12,0.08234244946492271,0.08242212341713645,0.9990333426401731,0.002256317689530679
257,257,8,0.75,123,3,12,0.07849658145065398,0.08242212341713645,0.9523727149491722,0.000710059171597569
255,257,8,0.75,42,0,12,0.07781109445277361,0.082422123853123,0.9440559259481557,0.0019267822736030442
255,257,8,0.75,42,1,12,0.07949775112443778,0.082422123853123,0.9645195659614829,0.0028288543140028155
255,257,8,0.75,42,2,12,0.07745502248875562,0.082422123853123,0.9397358241675644,0.0002419549963707262
255,257,8,0.75,42,3,12,0.07709895052473763,0.082422123853123,0.9354157223869732,0.00048614487117162186
255,257,8,0.75,123,0,12,0.07899175412293853,0.082422123853123,0.9583804739574847,0.0011862396204033085
255,257,8,0.75,123,1,12,0.07732383808095952,0.082422123853123,0.9381442077220835,0.001938923897237084
255,257,8,0.75,123,2,12,0.07867316341829085,0.082422123853123,0.9545151197327452,0.0009528346831824928
255,257,8,0.75,123,3,12,0.07807346326836581,0.082422123853123,0.9472391588391177,0.000480076812289979
257,255,8,0.75,42,0,12,0.07895427286356822,0.08242212385327372,0.9579257263998815,0.0002373605506765277
257,255,8,0.75,42,1,12,0.08004122938530735,0.08242212385327372,0.9711134055195569,0.0011706860220088845
257,255,8,0.75,42,2,12,0.07807346326836581,0.08242212385327372,0.9472391588373856,0.004320691310609633
257,255,8,0.75,42,3,12,0.07947901049475263,0.08242212385327372,0.9642921921817939,0.002593727894364561
257,255,8,0.75,123,0,12,0.08082833583208396,0.08242212385327372,0.9806631041924254,0.0030141432877347912
257,255,8,0.75,123,1,12,0.07833583208395802,0.08242212385327372,0.9504223917283418,0.001913875598086086
257,255,8,0.75,123,2,12,0.07934782608695652,0.08242212385327372,0.9627005757363156,0.0018894662257912633
257,255,8,0.75,123,3,12,0.079404047976012,0.08242212385327372,0.963382697070092,0.004012272834552723
253,259,8,0.75,42,0,12,0.0805405608037187,0.08242212386865005,0.9771716260560106,0.0011636025133813825
253,259,8,0.75,42,1,12,0.07763532763532764,0.08242212386865005,0.9419234058934132,0.0004828585224529556
253,259,8,0.75,42,2,12,0.07950967161493477,0.08242212386865005,0.9646641930950889,0.0014144271570014277
253,259,8,0.75,42,3,12,0.07694182036287299,0.08242212386865005,0.9335093146287929,0.0007308160779537219
253,259,8,0.75,123,0,12,0.07977207977207977,0.08242212386865005,0.9678479033033235,0.0018796992481202605
253,259,8,0.75,123,1,12,0.07769155795471586,0.08242212386865005,0.9426056295094635,0.00024125452352228853
253,259,8,0.75,123,2,12,0.07748538011695906,0.08242212386865005,0.940104142917279,0.00096758587324623
253,259,8,0.75,123,3,12,0.07829134802819013,0.08242212386865005,0.9498826814139996,0.00023940627244431077
