route,sigma_phys,p_pixels_per_wavelength,n_fields,n_seeds,n_pred_discrete_px,n_pred_continuum_px,n_meas_px_mean,n_meas_px_ci95_low,n_meas_px_ci95_high,ratio_discrete_mean,ratio_discrete_seedblock_ci95_low,ratio_discrete_seedblock_ci95_high,ratio_discrete_seedblock_ci99_low,ratio_discrete_seedblock_ci99_high,ratio_continuum_mean,ratio_continuum_seedblock_ci95_low,ratio_continuum_seedblock_ci95_high,ratio_continuum_seedblock_ci99_low,ratio_continuum_seedblock_ci99_high,fd_over_discrete_mean,fft_over_discrete_mean,contour_over_discrete_mean,naive_contour_over_discrete_mean,half_shift_rel_mean,irregular_shift_rel_mean,charge_imbalance_mean
certified,0.1,4,48,6,0.19873686499574048,0.1987368649957405,0.2022117670597651,0.20148131988424392,0.20294221423528627,1.0174849395158725,1.0138641446835441,1.0211057343482004,1.0127361025474562,1.0222337764842884,1.017484939515872,1.0138641446835441,1.0211057343482004,1.0127361025474562,1.0222337764842884,0.8498507580547597,0.9969718235994139,0.985424122245152,2.234485729200402,0.006742894464981052,0.00704427786727177,0.0020317052784298534
certified,0.1,6,48,6,0.08832749555366244,0.08832749555366244,0.08939004847362815,0.08907161552622783,0.08970848142102847,1.0120296960001562,1.0098461301369095,1.0142132618634034,1.009165850139083,1.01489354186123,1.0120296960001562,1.0098461301369095,1.0142132618634034,1.009165850139083,1.01489354186123,0.9333899394967125,1.001825667310079,1.0026201834743635,2.4437828122563694,0.005186419902223107,0.004693424685449324,0.0018371277568745067
certified,0.1,8,48,6,0.04968421624893512,0.049684216248935126,0.04984442186125545,0.04965479682377271,0.05003404689873819,1.0032244769952219,1.0007412792609462,1.005707674729498,0.9999676503186234,1.0064813036718208,1.0032244769952219,1.000741279260946,1.0057076747294977,0.9999676503186232,1.0064813036718205,0.9614853454008243,1.0004555505739008,1.0010663546531937,2.4872428721886797,0.004637081896676073,0.004134753287378523,0.00174265210574121
certified,0.1,12,48,6,0.022081873888415607,0.02208187388841561,0.022113232975639524,0.02204336729758194,0.02218309865369711,1.0014201279919623,0.998721307883569,1.0041189481003556,0.9978805027728217,1.004959753211103,1.0014201279919621,0.9987213078835688,1.0041189481003554,0.9978805027728215,1.0049597532111028,0.9843810816645884,1.0018066207268121,1.0018656697095847,2.5133899374513966,0.00226036788755696,0.002728017760460331,0.0016803626322273756
certified,0.1,16,48,6,0.01242105406223378,0.012421054062233781,0.012411403598272286,0.012358591929685745,0.012464215266858826,0.9992230559569952,0.9934794280058459,1.0049666839081446,0.9916900268817993,1.006756085032191,0.9992230559569949,0.9934794280058454,1.0049666839081444,0.991690026881799,1.0067560850321908,0.984256467391055,0.9940501366976726,0.9998322840469855,2.5315412264339283,0.0017711235648742816,0.002088401837796953,0.0018508243160239753
certified,0.1,24,48,6,0.005520468472103903,0.005520468472103903,0.005522683071007586,0.005503243656297324,0.005542122485717847,1.0004011614077453,0.9969727387057427,1.0038295841097484,0.9959046292305385,1.0048976935849525,1.0004011614077453,0.9969727387057427,1.0038295841097484,0.9959046292305385,1.0048976935849525,0.9939589528559841,0.9983141505299368,0.9989655910048834,2.5326743210263136,0.0013715758091566086,0.0014556321689915338,0.0019003599745736142
certified,0.1,32,48,6,0.003105263515558445,0.0031052635155584454,0.003112756653134178,0.003103389557191336,0.0031221237490770205,1.0024130440261156,0.9992017703605335,1.0056243176916972,0.9982013126784403,1.0066247753737907,1.0024130440261156,0.9992017703605335,1.0056243176916975,0.9982013126784401,1.0066247753737907,0.9974186350791122,0.9999098556540768,1.000192822270512,2.544497098049676,0.001199475908529202,0.0010052931948026714,0.002124381613808282
certified,0.1,48,48,6,0.0013801171180259754,0.0013801171180259756,0.0013791912784594934,0.0013744198325924674,0.0013839627243265194,0.9993291586964691,0.9956732975054567,1.0029850198874815,0.9945343306050596,1.0041239867878786,0.9993291586964689,0.9956732975054567,1.0029850198874815,0.9945343306050596,1.0041239867878786,1.000578338390349,1.0016837733787785,0.9994247347114281,2.5411887394503525,0.0007810047217470015,0.0006148722419856579,0.0017876057833931286
certified,0.1,64,48,6,0.0007763158788896112,0.0007763158788896113,0.0007759263540056864,0.0007731225886400697,0.0007787301193713031,0.9994982391903643,0.9965044035880438,1.0024920747926847,0.995571687744057,1.0034247906366716,0.999498239190364,0.9965044035880436,1.0024920747926844,0.9955716877440568,1.0034247906366713,1.0009076249279427,1.001527164295616,0.998065080902346,2.522986446733245,0.0005866121884711317,0.0006278953003548663,0.00237431609604914
certified,0.25,4,48,6,0.21127031672360821,0.21127031676338237,0.2089365157827837,0.20824118807081915,0.20963184349474823,0.9889534839677564,0.9857529602797233,0.9921540076557895,0.9847558517041656,0.9931511162313472,0.9889534837815742,0.9857529600941436,0.9921540074690048,0.9847558515187735,0.9931511160443749,0.8327082622017424,0.9985411132902255,0.9521027457818857,2.1719234583615767,0.008944230818719682,0.008502216243829743,0.002087045253692857
certified,0.25,6,48,6,0.0938979185615301,0.09389791856150327,0.09377208436601071,0.0934803327705775,0.09406383596144392,0.9986598830150116,0.9949152965758316,1.0024044694541918,0.9937486877285406,1.0035710783014826,0.9986598830152968,0.9949152965761157,1.002404469454478,0.9937486877288245,1.0035710783017693,0.9234709747211279,1.0011725943111998,0.9866814766058515,2.417014505635923,0.005156933868569964,0.005691259701202261,0.0017408782488281165
certified,0.25,8,48,6,0.0528175791908607,0.05281757919084559,0.052790366995033526,0.05261150528797813,0.05296922870208892,0.9994847890372096,0.9955313321896514,1.003438245884768,0.9942996507181043,1.0046699273563149,0.9994847890374956,0.9955313321899361,1.0034382458850548,0.9942996507183888,1.0046699273566022,0.9524155270984104,0.9963420294270556,0.9938147511960032,2.4750846598328318,0.004832295651681914,0.0047307174886767585,0.0016478268990066658
certified,0.25,12,48,6,0.023474479640382524,0.023474479640375818,0.023407360452190842,0.02333693930025068,0.023477781604131005,0.9971407592747564,0.9956455383627205,0.9986359801867923,0.9951797090988039,0.9991018094507089,0.9971407592750414,0.9956455383630052,0.9986359801870777,0.9951797090990885,0.9991018094509944,0.9841949907756213,1.0041829727026823,0.9951612691255951,2.5188915430318035,0.0025254795671936824,0.002349078656226695,0.0015047281645133752
certified,0.25,16,48,6,0.013204394797715175,0.013204394797711398,0.013199843553378906,0.013149722964280967,0.013249964142476846,0.999655323518723,0.9965061306908137,1.0028045163466328,0.9955250140108983,1.003785633026548,0.999655323519009,0.9965061306910985,1.0028045163469195,0.995525014011183,1.003785633026835,0.9874959627660886,0.9987714671330523,1.0015741960591338,2.531121664193517,0.0019558060763151808,0.0020712030770262024,0.0017781452525680922
certified,0.25,24,48,6,0.005868619910095631,0.0058686199100939545,0.005872176503655776,0.005855206600852769,0.005889146406458782,1.0006060357655853,0.9968548596456336,1.004357211885537,0.9956861978133165,1.005525873717854,1.0006060357658713,0.9968548596459185,1.0043572118858242,0.995686197813601,1.0055258737181416,0.9977037368017055,1.002762057054303,1.0034418889417618,2.5411688050849235,0.0014947835777864738,0.001367991622426199,0.0018817800734223053
certified,0.25,32,48,6,0.0033010986994287937,0.0033010986994278495,0.0033001775481520026,0.0032911064246511365,0.0033092486716528686,0.9997209561540977,0.9988768036579914,1.000565108650204,0.9986138117932246,1.0008281005149708,0.9997209561543837,0.9988768036582771,1.0005651086504903,0.9986138117935103,1.0008281005152573,1.0005916054415314,1.0033943899186735,0.9997852179626827,2.530385827197724,0.0013752377711004507,0.0011050905702291616,0.0017348452055891243
certified,0.25,48,48,6,0.0014671549775239078,0.0014671549775234886,0.0014700274681250809,0.0014638489316331675,0.0014762060046169942,1.0019578644691107,0.9987397795260248,1.0051759494121968,0.9977371998214527,1.0061785291167689,1.001957864469397,0.99873977952631,1.005175949412484,0.9977371998217377,1.0061785291170562,1.0012949772137305,1.0025397766093416,1.0042119373329108,2.559624963115042,0.000718856965067766,0.0008735994818547277,0.001568902320329459
certified,0.25,64,48,6,0.0008252746748571984,0.0008252746748569624,0.000827756852730475,0.0008250491049791503,0.0008304646004817998,1.0030076990714711,0.9986418731895674,1.0073735249533744,0.9972817200238482,1.0087336781190936,1.0030076990717578,0.9986418731898533,1.0073735249536628,0.9972817200241336,1.0087336781193823,1.0022244029686134,1.0029239902790446,1.0017044997236033,2.538555293231715,0.0005777179742404596,0.0006041031366704935,0.002082678811351669
certified,0.5,4,48,6,0.255640279001267,0.25601447675574845,0.23246945837158392,0.23154916136190073,0.2333897553812671,0.9093616204762153,0.904181831663879,0.9145414092885515,0.9025680920550551,0.9161551488973755,0.9080324726846296,0.9028602547931524,0.9132046905761071,0.901248873870234,0.9148160714990254,0.7768669672110898,1.0005682341684863,0.8610552373107296,1.9580601660421053,0.010323497082662546,0.009617023760985659,0.0017726084281970006
certified,0.5,6,48,6,0.11378422305088183,0.11378421189144375,0.11011264892949923,0.10975514539410941,0.11047015246488906,0.9677321334809244,0.965391321818209,0.9700729451436397,0.964662052607865,0.9708022143539837,0.9677322283916915,0.9653914164993997,0.9700730402839828,0.9646621472175324,0.9708023095658501,0.8944865509484476,1.0023106740323804,0.9525603190460866,2.3244969256736705,0.007476023540153673,0.0068778717883288916,0.0012382910216451987
certified,0.5,8,48,6,0.06400362550830066,0.06400361918893711,0.06270215596605964,0.06253039051830861,0.06287392141381068,0.9796656903119931,0.9755396450402151,0.9837917355837712,0.9742541944313,0.9850771861926862,0.9796657870387677,0.9755397413596067,0.9837918327179287,0.9742542906237734,0.985077283453762,0.9391766018213299,1.0012479120158697,0.9706970213539089,2.4238668171751305,0.004217790322436187,0.004355873422480589,0.0012723744843830104
certified,0.5,12,48,6,0.028446055781466955,0.028446052972860937,0.02818231244081827,0.02809336548920827,0.028271259392428267,0.99072829840893,0.9870509445469144,0.9944056522709459,0.9859052817027725,0.9955513151150879,0.9907283962279655,0.9870510420028681,0.9944057504530627,0.9859053790456096,0.9955514134103212,0.9734297005948719,1.0014791581721287,0.9902706970164944,2.5079003940829856,0.002898364880030088,0.002044293592461916,0.0013027797108408764
certified,0.5,16,48,6,0.016000906377075165,0.01600090479723428,0.0159368091691324,0.01588837972081244,0.01598523861745236,0.9959941514291591,0.9938951887148989,0.9980931141434194,0.9932412664427439,0.9987470364155744,0.9959942497681159,0.9938952868466157,0.9980932126896161,0.993241364509896,0.9987471350263358,0.9854325164557816,1.0013239142274306,0.9941130723962844,2.517702068503618,0.002608155253467479,0.0027548200069376703,0.0014423828950775512
certified,0.5,24,48,6,0.007111513945366739,0.007111513243215234,0.007099196206616924,0.007074381991717491,0.0071240104215163575,0.9982679161083782,0.9953032619759891,1.0012325702407674,0.994379637486028,1.0021561947307283,0.9982680146718336,0.9953033602467308,1.0012326690969362,0.9943797356655762,1.0021562936780908,0.9932754831659807,1.0003648932905442,0.998326289073486,2.538194495352009,0.0016624912101148076,0.0016732189360894895,0.0011135103053961425
certified,0.5,32,48,6,0.004000226594268791,0.00400022619930857,0.003988978505846259,0.0039768816689465395,0.004001075342745978,0.9971881371823668,0.9945481902009808,0.9998280841637527,0.9937257267447659,1.0006505476199676,0.9971882356392109,0.9945482883971711,0.9998281828812506,0.9937258248597507,1.000650646418671,0.994111270860621,0.9981110808034228,0.9973366229717792,2.5505616169922942,0.0010848449792885402,0.0009781330024274712,0.0015331088761616721
certified,0.5,48,48,6,0.0017778784863416845,0.0017778783108038086,0.0017793472593003975,0.0017736763094899457,0.0017850182091108493,1.0008261379897423,0.9965327790682429,1.0051194969112422,0.9951952026539264,1.0064570733255587,1.0008262368057825,0.9965328774603806,1.005119596151185,0.9951953009139992,1.0064571726975664,0.9974736444173617,0.999264980915052,1.0005558635803473,2.5455503776467245,0.0007523371231087976,0.0009112307332163391,0.0014891441322577193
certified,0.5,64,48,6,0.0010000566485671978,0.0010000565498271424,0.0010021516729823265,0.0009988149225366124,0.0010054884234280406,1.00209490574172,0.9983568708941151,1.0058329405893252,0.9971923031653347,1.0069975083181055,1.0020950046830315,0.9983569694663533,1.0058330398997093,0.9971924016225899,1.0069976077434726,0.9980826702347675,0.9990837222572434,1.0037583887948769,2.548074601831449,0.0007399902218560885,0.0006986089286783662,0.0013531382927315146
certified,0.75,4,48,6,0.3170384905899861,0.32968834649821965,0.26212396723395237,0.26118001818189485,0.2630679162860099,0.8267890966366838,0.8236865515781626,0.8298916416952049,0.8227199677983041,0.8308582254750634,0.7950659160934822,0.7920824129979422,0.7980494191890226,0.7911529161993749,0.79897891598759,0.7147770771367149,0.9979100754486183,0.7553876843578949,1.7122974673993048,0.014934779063188587,0.012134014730033208,0.0012205761742630223
certified,0.75,6,48,6,0.14651886019531757,0.1465281539992087,0.1354225765674301,0.13494492251081275,0.13590023062404744,0.9242671993687671,0.9221253722311821,0.9264090265063524,0.9214580957432018,0.9270763029943326,0.9242085761085983,0.9220668848201373,0.9263502673970593,0.9213996506553328,0.9270175015618638,0.8490661951069325,0.9995720431521321,0.8966522924161815,2.1835562080857387,0.00808017277369776,0.006614714708340325,0.0011689105020780742
certified,0.75,8,48,6,0.08242212384907707,0.08242208662455491,0.07891356193348521,0.0786433133647274,0.07918381050224303,0.9574317943806404,0.9554522091573832,0.9594113796038972,0.954835478398746,0.9600281103625343,0.9574322267882934,0.9554526406709908,0.9594118129055961,0.9548359096338177,0.9600285439427692,0.9138951455664504,1.0024037155996142,0.9451559123472171,2.3577731037464504,0.005069536758748009,0.004464248001428281,0.001061089752843083
certified,0.75,12,48,6,0.0366320550927015,0.03663203849980218,0.035929216827350376,0.03580306124055856,0.03605537241414219,0.9808135726053994,0.9773110587858748,0.984316086424924,0.9762198665605163,0.9854072786502824,0.9808140168760854,0.9773115014700572,0.9843165322821136,0.9762203087504309,0.9854077250017399,0.9583186636331297,0.9985471411265547,0.9750289145032848,2.4662063438636794,0.0037510199538421996,0.0032005120571534777,0.0009785839856507655
certified,0.75,16,48,6,0.02060553098964459,0.02060552165613873,0.020465088596401726,0.02039564072946045,0.020534536463343002,0.993184238090567,0.9897102619089924,0.9966582142721416,0.9886279604547388,0.9977405157263952,0.9931846879646863,0.9897107102095345,0.9966586657198381,0.9886284082650402,0.9977409676643324,0.9762232208634423,0.9991599691054821,0.9922269282148036,2.508465476011305,0.0029460168168515244,0.0026501445604421876,0.0010411401760772084
certified,0.75,24,48,6,0.009158013773175376,0.009158009624950544,0.009125737328872376,0.00909718644217093,0.009154288215573821,0.9964756064904008,0.9938137880167818,0.9991374249640196,0.9929845105967935,0.9999667023840079,0.9964760578553834,0.9938142381760635,0.9991378775347033,0.9929849603804446,0.9999671553303222,0.9902293715208532,1.0005366255003196,0.9965456598171327,2.532567868012987,0.0017893791238833806,0.001548157973771046,0.0009466431131358792
certified,0.75,32,48,6,0.005151382747411147,0.005151380414034682,0.005146236240527343,0.005130028827581754,0.005162443653472932,0.999000946515498,0.9953343438670795,1.0026675491639168,0.9941920305145584,1.003809862516438,0.9990013990243615,0.9953347947151137,1.0026680033336097,0.9941924808451686,1.0038103172035548,0.9912411141067944,0.9970261653398386,0.997975561464477,2.5338541194529567,0.0013036511562502656,0.0014193233289698192,0.0010998113025346681
certified,0.75,48,48,6,0.002289503443293843,0.002289502406237636,0.0022805904177081596,0.0022724901829090046,0.0022886906525073146,0.9961070049438927,0.991462096053318,1.0007519138344674,0.9900149958475631,1.0021990140402222,0.9961074561419127,0.9914625451473734,1.0007523671364515,0.9900154442861381,1.002199467997687,0.9964157164344908,0.9989842821068919,0.9972140054120956,2.544693663631914,0.0007519949776380649,0.0008239930345035571,0.0011189882651524475
certified,0.75,64,48,6,0.0012878456868527868,0.0012878451035086705,0.0012899187555475535,0.0012859946793228531,0.0012938428317722538,1.0016097182418127,0.9980165423908153,1.0052028940928102,0.9968971048225471,1.006322331661078,1.0016101719323491,0.9980169944537816,1.0052033494109163,0.9968975563784516,1.0063227874862464,0.9996170810437318,1.00107176991769,1.0011983322433233,2.5442002522169944,0.000703016579520982,0.0005888408171548189,0.001116413134599623
pcg64,0.1,4,24,6,0.19873686499574048,0.1987368649957405,0.2018336746463291,0.20082659373088957,0.20284075556176862,1.0155824620190874,1.0120597440531487,1.0191051799850261,1.0109622573180117,1.0202026667201631,1.0155824620190874,1.0120597440531487,1.0191051799850261,1.0109622573180117,1.0202026667201631,0.8473645184076619,0.9939985913084822,0.9847578849894686,2.2413405702977673,0.0059363855371257655,0.00710414574238243,0.002604316965293526
pcg64,0.1,6,24,6,0.08832749555366244,0.08832749555366244,0.08866966267530631,0.08822383387716919,0.08911549147344343,1.003873846071363,0.9973950792662379,1.0103526128764875,0.9953766489810372,1.0123710431616884,1.003873846071363,0.9973950792662379,1.0103526128764875,0.9953766489810372,1.0123710431616884,0.9355568646287075,1.0041202715926196,0.9962532678131985,2.4391484864764506,0.0038892307380363252,0.004050890466852933,0.0020680618228071297
pcg64,0.1,8,24,6,0.04968421624893512,0.049684216248935126,0.05002608904697121,0.04982938335647204,0.05022279473747038,1.0068809135747092,1.0024068926701155,1.011354934479303,1.0010130318379413,1.012748795311477,1.0068809135747092,1.0024068926701155,1.011354934479303,1.0010130318379413,1.012748795311477,0.9551911311549778,0.9939670091527902,1.003100762975615,2.49572415553283,0.003962298529047218,0.0033370902472531234,0.002308110699401312
pcg64,0.1,12,24,6,0.022081873888415607,0.02208187388841561,0.02210309185974141,0.021972078830368065,0.02223410488911475,1.0009608772984129,0.9950238277581548,1.006897926838671,0.9931741670191211,1.0087475875777048,1.0009608772984129,0.9950238277581547,1.006897926838671,0.9931741670191211,1.0087475875777048,0.9816631103017557,0.9992495469397462,1.0023729018188778,2.529936671395096,0.0024489890475822783,0.0023953113184594665,0.0015179066784689525
pcg64,0.1,16,24,6,0.01242105406223378,0.012421054062233781,0.012465564738292011,0.012417706412322184,0.012513423064261838,1.0035834862190613,0.999047515548201,1.0081194568899217,0.9976343545485483,1.0095326178895745,1.0035834862190613,0.999047515548201,1.0081194568899217,0.9976343545485483,1.0095326178895743,0.9926761258933499,1.0026139682827828,1.0033507473981662,2.5295971727535087,0.0022181087305568224,0.0020266533912155333,0.002334520509256778
pcg64,0.1,24,24,6,0.005520468472103903,0.005520468472103903,0.005527890942048019,0.00550436131712542,0.0055514205669706185,1.0013445362439117,0.9972843446266344,1.005404727861189,0.9960194104237938,1.0066696620640296,1.0013445362439117,0.9972843446266344,1.005404727861189,0.9960194104237938,1.0066696620640296,0.9989417308691707,1.0034081874801646,0.9992663771845308,2.5299125570131884,0.0010940672844763622,0.0013450700880731205,0.0018845261911854382
pcg64,0.1,32,24,6,0.003105263515558445,0.0031052635155584454,0.003112226316702322,0.0030962230567165273,0.0031282295766881167,1.0022422577372232,0.9983531316804813,1.006131383793965,0.9971414921737651,1.0073430233006813,1.002242257737223,0.9983531316804811,1.0061313837939647,0.9971414921737649,1.007343023300681,1.0011285459764663,1.003576122638488,1.0048518722315019,2.556356497950377,0.0009618674972876008,0.001309700895129293,0.0017338473889359069
pcg64,0.1,48,24,6,0.0013801171180259754,0.0013801171180259756,0.0013790970598206952,0.0013727557359735072,0.0013854383836678832,0.9992608901143555,0.996754616530899,1.001767163697812,0.9959737984128822,1.0025479818158287,0.9992608901143553,0.996754616530899,1.001767163697812,0.9959737984128822,1.0025479818158287,0.9998512163607277,1.0009597922379847,0.9974859069793998,2.5630483394431525,0.0007099899294447687,0.0006307604808966741,0.0020785134774002002
pcg64,0.1,64,24,6,0.0007763158788896112,0.0007763158788896113,0.00077693297720488,0.0007730265889519479,0.0007808393654578121,1.0007949062128567,0.9962304977981538,1.0053593146275597,0.9948084771489504,1.0067813352767632,1.0007949062128567,0.9962304977981536,1.0053593146275592,0.9948084771489503,1.0067813352767627,0.9954515387287088,0.9960540888932476,1.0009450466049348,2.5455894003042725,0.0005979496939151788,0.0005462951919881489,0.0016820753742064428
pcg64,0.25,4,24,6,0.21127031672360821,0.21127031676338237,0.2085716639597015,0.20734355004957553,0.20979977786982748,0.9872265408328177,0.9801932741377847,0.9942598075278507,0.9780020919378144,0.996450989727821,0.9872265406469604,0.9801932739532516,0.9942598073406695,0.9780020917536938,0.9964509895402274,0.8343467765943652,1.0005239299294366,0.9538296889168244,2.1760597657089704,0.006502333130357994,0.009949572804796117,0.001774456277636483
pcg64,0.25,6,24,6,0.0938979185615301,0.09389791856150327,0.09363646769586033,0.09315118649465451,0.09412174889706615,0.9972155840121371,0.9930213999590223,1.0014097680652518,0.9917147210231766,1.0027164470010976,0.9972155840124222,0.993021399959306,1.001409768065538,0.9917147210234599,1.002716447001384,0.9204452201896376,0.9974502365749993,0.9874235017816403,2.4079246972325117,0.004149157545162749,0.005892360290492768,0.001899630303942819
pcg64,0.25,8,24,6,0.0528175791908607,0.05281757919084559,0.05284876001901359,0.052583348405927245,0.05311417163209994,1.0005903494372623,0.996479469635897,1.0047012292386281,0.9951987437602051,1.0059819551143199,1.0005903494375488,0.9964794696361817,1.0047012292389155,0.9951987437604896,1.0059819551146076,0.9514752335279505,0.9955676427144372,0.9930389193363172,2.470946889914505,0.0030354717918895523,0.004437731194313164,0.001758982141508481
pcg64,0.25,12,24,6,0.023474479640382524,0.023474479640375818,0.023410236291027623,0.02331519172542779,0.023505280856627456,0.9972632684370825,0.9935762717684024,1.0009502651057625,0.9924276047517703,1.0020989321223948,0.9972632684373673,0.9935762717686861,1.0009502651060485,0.9924276047520536,1.002098932122681,0.9820479585930343,1.0019259448983118,0.9960897596190127,2.5152291638633226,0.003492055219469012,0.00358316007710967,0.0014596241178044481
pcg64,0.25,16,24,6,0.013204394797715175,0.013204394797711398,0.013202564364180526,0.013134552984487022,0.01327057574387403,0.9998613769458812,0.9954205388829617,1.0043022150088008,0.9940370160139523,1.0056857378778101,0.9998613769461673,0.9954205388832466,1.0043022150090881,0.9940370160142368,1.005685737878098,0.9901954347696234,1.0014580608537642,0.9982258278678131,2.5318557295277677,0.0014864375018386097,0.002349712698927285,0.0014328679473164605
pcg64,0.25,24,24,6,0.005868619910095631,0.0058686199100939545,0.0058610437358519495,0.005836474173127371,0.005885613298576528,0.9987090364753989,0.9936376043628853,1.0037804685879126,0.9920576227902903,1.0053604501605076,0.9987090364756842,0.9936376043631691,1.0037804685881995,0.9920576227905736,1.005360450160795,0.9959371487454733,1.000939248118037,0.9962140001208492,2.5360115392180447,0.001522206358811052,0.001546873706460297,0.0015196001897250788
pcg64,0.25,32,24,6,0.0033010986994287937,0.0033010986994278495,0.003301365501759359,0.003284493114535113,0.003318237888983605,1.0000808222821729,0.9971622178490934,1.002999426715252,0.9962529399331806,1.0039087046311646,1.0000808222824589,0.9971622178493788,1.002999426715539,0.9962529399334658,1.0039087046314519,0.9942864981878099,0.9971032503792336,1.0019958241780007,2.5466697694931177,0.001725544740990119,0.001337789477134519,0.0013752169805502812
pcg64,0.25,48,24,6,0.0014671549775239078,0.0014671549775234886,0.0014660420197039061,0.0014578010845992565,0.0014742829548085557,0.9992414176845313,0.9927498086525428,1.0057330267165199,0.9907273774300633,1.0077554579389993,0.9992414176848169,0.9927498086528264,1.005733026716807,0.9907273774303462,1.0077554579392871,1.0017573383402187,1.0029876077873687,0.993795680395351,2.529647720584506,0.0007495765554483315,0.0008780546545801195,0.0015410145288383024
pcg64,0.25,64,24,6,0.0008252746748571984,0.0008252746748569624,0.0008253568511029241,0.0008210493138904294,0.0008296643883154188,1.0000995744183474,0.9956487104258088,1.0045504384108859,0.9942620640240981,1.0059370848125966,1.0000995744186334,0.9956487104260937,1.0045504384111734,0.9942620640243826,1.0059370848128846,1.0027291985610214,1.0034252608713623,0.9991366192351939,2.530184002839501,0.0006639848713872657,0.0006375690768153912,0.001831797039365023
pcg64,0.5,4,24,6,0.255640279001267,0.25601447675574845,0.23455852929407053,0.23317841593217897,0.2359386426559621,0.9175335366181009,0.9102355062079942,0.9248315670282076,0.9079618380786793,0.9271052351575225,0.9161924445305957,0.9089050811211454,0.9234798079400459,0.9066347362472933,0.925750152813898,0.7783744494229522,1.0022084561751148,0.8585115845398046,1.9572775036510517,0.014364151999627386,0.014346813073523873,0.0016591459371124535
pcg64,0.5,6,24,6,0.11378422305088183,0.11378421189144375,0.11026630634934854,0.10975505342528026,0.11077755927341683,0.9690825616486377,0.9659257224110084,0.972239400886267,0.9649422235269769,0.9732228997702985,0.9690826566918487,0.9659258171446109,0.9722394962390865,0.9649423181641222,0.9732229952195751,0.8919471901834115,0.9989329242270837,0.9520791948405855,2.3277445140608037,0.003328368780993085,0.005696432039950149,0.0014760447429345881
pcg64,0.5,8,24,6,0.06400362550830066,0.06400361918893711,0.06267995978735379,0.06240392474685317,0.06295599482785441,0.9793188946651904,0.9751153349170818,0.9835224544132986,0.9738057350261703,0.9848320543042101,0.9793189913577242,0.9751154311945797,0.9835225515208691,0.9738058311743655,0.9848321515410833,0.938469892858461,1.0004880726130885,0.969363191943129,2.4130788049007426,0.0058161400900388445,0.005272933651632355,0.0009932506613224324
pcg64,0.5,12,24,6,0.028446055781466955,0.028446052972860937,0.02831641734657551,0.028232017426731638,0.028400817266419385,0.9954426569403022,0.9929286994451739,0.9979566144354305,0.9921454874394786,0.9987398264411258,0.9954427552248073,0.9929287974814648,0.9979567129681498,0.9921455853984394,0.9987399250511751,0.9728001055452378,1.0009343652399907,0.9923565080145734,2.506144481763174,0.0029375985381075854,0.002774397998081647,0.0011104773765773436
pcg64,0.5,16,24,6,0.016000906377075165,0.01600090479723428,0.0159796619392579,0.015910747400625355,0.016048576477890444,0.9986722978488455,0.9943337273080607,1.0030108683896302,0.9929820654197099,1.004362530277981,0.9986723964522275,0.9943338254830764,1.0030109674213787,0.9929821634612699,1.004362629443185,0.9826711687607954,0.9984963462002794,0.9969718874236478,2.52834026122626,0.0026647933367867794,0.002091296943653966,0.0014666514244759978
pcg64,0.5,24,24,6,0.007111513945366739,0.007111513243215234,0.007120442810934054,0.0070868871737444486,0.007153998448123659,1.0012555505952614,0.9966794211563628,1.00583168003416,0.9952537488754643,1.0072573523150585,1.0012556494536993,0.9966795195629791,1.00583177934442,0.9952538471413176,1.0072574517660815,0.9947429333302525,1.001792448788582,0.9978805318853898,2.5228583254282215,0.0016334256233112342,0.0017994561084602137,0.0016743808178078777
pcg64,0.5,32,24,6,0.004000226594268791,0.00400022619930857,0.004003361229878187,0.0039867618230975095,0.004019960636658865,1.0007836145117097,0.9972426691247187,1.0043245598987003,0.9961395037195847,1.0054277253038344,1.0007837133235515,0.9972427675869471,1.0043246590601556,0.9961396020728926,1.0054278245742099,0.9949744367518609,0.998937431007009,0.9991608769559887,2.5444312751151266,0.0009106246255487172,0.0006991812621515351,0.001453574040740154
pcg64,0.5,48,24,6,0.0017778784863416845,0.0017778783108038086,0.0017764170596337653,0.0017687320606381393,0.0017841020586293914,0.9991779940422552,0.9945230549492474,1.0038329331352631,0.9930728298796154,1.005283158204895,0.9991780926955668,0.9945231531429557,1.0038330322481774,0.9930729279301365,1.0052832574609967,0.9973308078829515,0.9991103430817162,0.9986586432163591,2.552407928347846,0.000951778168649667,0.0008400512904293747,0.0013083660153039823
pcg64,0.5,64,24,6,0.0010000566485671978,0.0010000565498271424,0.000998760942206096,0.0009943761612930804,0.0010031457231191115,0.9987043670346493,0.9939528009204245,1.0034559331488742,0.9924724721425005,1.004936261926798,0.9987044656411976,0.9939528990578295,1.0034560322245658,0.992472570133746,1.0049363611486493,1.0010706610601698,1.0020793393823735,0.9984076948977804,2.5404882714743775,0.0008891574405643863,0.000972658258803944,0.0014207339712919563
pcg64,0.75,4,24,6,0.3170384905899861,0.32968834649821965,0.2634141892050938,0.26196592863288287,0.2648624497773047,0.8308587033545948,0.8259654509449366,0.835751955764253,0.8244409804470986,0.837276426262091,0.7989793755312983,0.794273872972559,0.8036848780900373,0.7928078950855119,0.8051508559770845,0.7173052278455831,1.0014526520922944,0.7551371042407143,1.7112580239502606,0.012148710028497213,0.009216450252487516,0.0015944177739454473
pcg64,0.75,6,24,6,0.14651886019531757,0.1465281539992087,0.1353056227417958,0.13487105302569866,0.13574019245789296,0.923468982501134,0.9200495425014179,0.9268884225008498,0.918984231546192,0.9279537334560757,0.9234104098692631,0.9199911867534968,0.9268296329850295,0.9189259433674773,0.927894876371049,0.8493970910835329,0.9998970257008588,0.8953106087450534,2.186740583887467,0.004954427667827678,0.004751524777049173,0.001067474044674455
pcg64,0.75,8,24,6,0.08242212384907707,0.08242208662455491,0.07896307648598296,0.0786372072505981,0.07928894572136781,0.9580325378483575,0.9544894523527112,0.9615756233440038,0.9533856202064745,0.9626794554902405,0.9580329705273262,0.9544898834315061,0.9615760576231465,0.9533860507867425,0.96267989026791,0.9111108822845533,0.9990747458097581,0.9473517332981839,2.3656863452867265,0.004596729472143842,0.0033444084444550926,0.0011152275339982168
pcg64,0.75,12,24,6,0.0366320550927015,0.03663203849980218,0.035949801779024175,0.03575230178346007,0.03614730177458828,0.9813755108210334,0.9745924037139763,0.9881586179280905,0.9724791575940798,0.990271864047987,0.9813759553462557,0.9745928451667129,0.9881590655257985,0.9724795980895974,0.9902723126029139,0.96019706073814,1.0005753479095616,0.9784831817699762,2.460198563234769,0.00416740043727977,0.004017188998898958,0.0012970218151329913
pcg64,0.75,16,24,6,0.02060553098964459,0.02060552165613873,0.020318164813114308,0.020239056039766574,0.020397273586462043,0.9860539300503978,0.9816259124643614,0.9904819476364339,0.9802463837565235,0.9918614763442718,0.9860543766947627,0.9816263571030054,0.99048239628652,0.9802468277702943,0.9918619256192311,0.9740625354881393,0.996891922409808,0.985534011755802,2.499816676444063,0.003077019750253517,0.0026782849247995633,0.0012631180615812938
pcg64,0.75,24,24,6,0.009158013773175376,0.009158009624950544,0.009100037617433719,0.009073847851822319,0.009126227383045119,0.9936693526371979,0.9897935058126364,0.9975451994617599,0.9885860033902145,0.9987527018841817,0.9936698027310559,0.9897939541508852,0.9975456513112265,0.9885864511815113,0.9987531542806004,0.9879120216133911,0.9981641312515935,0.9921199378812445,2.519579157080101,0.002132386101493888,0.0014560901784173824,0.0013733015593627698
pcg64,0.75,32,24,6,0.005151382747411147,0.005151380414034682,0.005151009268414045,0.0051269528010833895,0.005175065735744701,0.9999274992724448,0.9971147970450011,1.0027402014998883,0.9962385124788344,1.003616486066055,0.9999279522010011,0.997115248699512,1.0027406557024903,0.9962389637364222,1.00361694066558,0.9947371084863101,1.0005266132227106,1.0015005799531278,2.542164268179706,0.001674827106701445,0.0017332603718861201,0.0010789066448425872
pcg64,0.75,48,24,6,0.002289503443293843,0.002289502406237636,0.002288269236770233,0.002276976423748548,0.002299562049791918,0.9994609282955111,0.9944295269255482,1.0044923296654737,0.9928620167484417,1.0060598398425804,0.9994613810127287,0.9944299773637353,1.0044927846617222,0.9928624664766071,1.0060602955488505,0.9981940712157615,1.0007742036639917,1.0040700008768761,2.5433850162382763,0.0014144564626961044,0.0009718615745005289,0.0011677700430534944
pcg64,0.75,64,24,6,0.0012878456868527868,0.0012878451035086705,0.001287354515398029,0.0012800142776051328,0.0012946947531909253,0.9996186100091244,0.9925315892215939,1.006705630796655,0.9903236601789737,1.0089135598392753,0.9996190627977658,0.9925320388000883,1.0067060867954432,0.9903241087573615,1.00891401683817,0.9964570871370808,0.997897621598531,1.0028438762372804,2.562523384589707,0.0007596342353048661,0.000943498728725367,0.001165249366820295
