p,sigma_phys,seed,realization,shape_yx,modes,n_meas_px,n_pred_mode_px,ratio
4,0.1,42,0,128x128,3000,0.12393192571146106,0.14451699498081244,0.8575595259776577
4,0.1,42,1,128x128,3000,0.12259021255561048,0.14197963082471257,0.8634352113998649
4,0.1,123,0,128x128,3000,0.13410069910317068,0.15718431344497172,0.8531430151273821
4,0.1,123,1,128x128,3000,0.12223713014617611,0.1421472635333028,0.8599330518771326
8,0.1,42,0,256x256,3000,0.00924453769116032,0.03726415810344958,0.2480812169564229
8,0.1,42,1,256x256,3000,0.00999852480781524,0.03803343687419356,0.26288775429073663
8,0.1,123,0,256x256,3000,0.009047845399859037,0.03852301409500377,0.23486857434222663
8,0.1,123,1,256x256,3000,0.010227999147666738,0.04015340782335674,0.25472306591415234
16,0.1,42,0,256x256,3000,0.0005602142819628508,0.009415554506333986,0.0594988092932802
16,0.1,42,1,256x256,3000,0.0006127343708968681,0.009706704698304482,0.06312485956267913
16,0.1,123,0,256x256,3000,0.0005076941930288335,0.008644508400604226,0.05873025619286196
16,0.1,123,1,256x256,3000,0.0005252008893401727,0.009509743493223328,0.05522766094736755
32,0.1,42,0,256x256,3000,4.0217981459510544e-05,0.0022372961263987523,0.017976154781194357
32,0.1,42,1,256x256,3000,6.032697218926582e-05,0.0024288771005701545,0.02483739180344064
32,0.1,123,0,256x256,3000,4.0217981459510544e-05,0.002310958665361257,0.01740315915742419
32,0.1,123,1,256x256,3000,4.0217981459510544e-05,0.0023137458272578424,0.017382195133842884
4,0.25,42,0,128x128,3000,0.21121389732363532,0.3454827903334776,0.6113586645510212
4,0.25,42,1,128x128,3000,0.210295883059106,0.33734301893994506,0.6233888690506548
4,0.25,123,0,128x128,3000,0.20860108749382106,0.3380305076175365,0.617107281126951
4,0.25,123,1,128x128,3000,0.20881293693948166,0.32765649907026945,0.6372922177096798
8,0.25,42,0,256x256,3000,0.020144568834106442,0.0833650950572857,0.2416427261345263
8,0.25,42,1,256x256,3000,0.021734498188791817,0.084531968297228,0.2571157235138525
8,0.25,123,0,256x256,3000,0.020619908538084545,0.07947552427133357,0.259449795734434
8,0.25,123,1,256x256,3000,0.020177350882656656,0.08254161328098551,0.2444506483532078
16,0.25,42,0,256x256,3000,0.0014705624901524834,0.022417489861188942,0.0655988917250921
16,0.25,42,1,256x256,3000,0.0012779888307277534,0.020653231395345015,0.06187839598871663
16,0.25,123,0,256x256,3000,0.0014355490975298051,0.02147052040491508,0.06686140207394209
16,0.25,123,1,256x256,3000,0.001207962045482397,0.02032223308857202,0.059440418787523944
32,0.25,42,0,256x256,3000,0.00020108990729755273,0.005310321021899088,0.03786774970256667
32,0.25,42,1,256x256,3000,8.043596291902109e-05,0.005376514593492302,0.014960614636177172
32,0.25,123,0,256x256,3000,0.00016087192583804218,0.005544487905281458,0.02901474916823283
32,0.25,123,1,256x256,3000,6.032697218926582e-05,0.005493895261408345,0.010980728484765683
4,0.5,42,0,128x128,3000,0.2549254996116094,0.822995337612466,0.30975327314873474
4,0.5,42,1,128x128,3000,0.2597980368618035,0.8399851979465961,0.3092888273470752
4,0.5,123,0,128x128,3000,0.2535131699738719,0.8507977264091876,0.29797114179398476
4,0.5,123,1,128x128,3000,0.267848315796907,0.8868056896961105,0.30203720940118567
8,0.5,42,0,256x256,3000,0.048582995951417005,0.20729836595069842,0.23436265755694116
8,0.5,42,1,256x256,3000,0.04899277155829468,0.2225082235218562,0.22018409379589646
8,0.5,123,0,256x256,3000,0.04677998328115524,0.20258224232941843,0.23091847904954294
8,0.5,123,1,256x256,3000,0.049271418970971495,0.21308281049260516,0.23123131733181929
16,0.5,42,0,256x256,3000,0.003046165158173001,0.04906439647255362,0.06208504286559422
16,0.5,42,1,256x256,3000,0.002661017839323541,0.05004049169597197,0.05317729201165585
16,0.5,123,0,256x256,3000,0.003781446403249243,0.05062364487214543,0.07469723708752356
16,0.5,123,1,256x256,3000,0.003011151765550323,0.05178682040077609,0.05814513697205471
32,0.5,42,0,256x256,3000,0.00016087192583804218,0.013821823766660893,0.011638979671125265
32,0.5,42,1,256x256,3000,0.00016087192583804218,0.012714172172210257,0.012652961094050992
32,0.5,123,0,256x256,3000,0.0003820708238653502,0.013063387193344824,0.029247454600442157
32,0.5,123,1,256x256,3000,0.00014076293510828692,0.012703137117453646,0.011080958491338631
4,0.75,42,0,128x128,3000,0.2747687310218205,1.5255287009845966,0.18011377356878377
4,0.75,42,1,128x128,3000,0.2677776993150201,1.5559901345579203,0.17209472821696242
4,0.75,123,0,128x128,3000,0.25845632370595295,1.4959594482279934,0.1727696054943881
4,0.75,123,1,128x128,3000,0.26961372784407883,1.4956916178278605,0.1802602385614952
8,0.75,42,0,256x256,3000,0.08539723647330721,0.3715743961732586,0.22982540603655582
8,0.75,42,1,256x256,3000,0.08313527512334246,0.3638494908206437,0.22848808977534954
8,0.75,123,0,256x256,3000,0.08575783900735957,0.38812827171690045,0.2209523120488143
8,0.75,123,1,256x256,3000,0.08310249307479224,0.36952774692497725,0.2248883710799232
16,0.75,42,0,256x256,3000,0.006249890583148054,0.0997004624249186,0.062686675980612
16,0.75,42,1,256x256,3000,0.005672169604873864,0.09154307133962143,0.0619617576936033
16,0.75,123,0,256x256,3000,0.005532116034383152,0.09853814617854069,0.056141872451705585
16,0.75,123,1,256x256,3000,0.006670051294620193,0.1012465091931149,0.06587932115168449
32,0.75,42,0,256x256,3000,0.0003016348609463291,0.023535922187246358,0.012815935511113262
32,0.75,42,1,256x256,3000,0.000442397796054616,0.023434390509582237,0.018878143891718505
32,0.75,123,0,256x256,3000,0.00040217981459510547,0.022951696579147536,0.01752287954871714
32,0.75,123,1,256x256,3000,0.000221198898027308,0.02494643827897563,0.0088669530918059
