p_pixels_per_wavelength,sigma_exp_rad_per_pixel_at_P4,sigma_physical,sigma_over_k0,kappa0_physical,dx_physical,physical_box_wavelengths,seed,realization,rng_route,control_family,n,margin_pixels,spectral_prediction_discrete_cell,corrected_real_component_ratio,direct_complex_fourier_ratio,direct_minus_corrected,corrected_charge_imbalance,direct_charge_imbalance
4,0.1,0.1,0.06366197723675814,1.5707963267948966,1.0,24,42,0,numpy_PCG64_SeedSequence,independent_construction,96,4,0.19873686499574048,0.9685958675761003,1.0138014399818482,0.04520557240574796,0.0034317089910775567,0.005901639344262295
4,0.1,0.1,0.06366197723675814,1.5707963267948966,1.0,24,7,0,numpy_PCG64_SeedSequence,independent_construction,96,4,0.19873686499574048,1.0257676209127815,1.0231084695947963,-0.00265915131798522,0.0032404406999351912,0.001949317738791423
4,0.1,0.1,0.06366197723675814,1.5707963267948966,1.0,24,123,0,numpy_PCG64_SeedSequence,independent_construction,96,4,0.19873686499574048,1.0197845304473148,1.011142288663863,-0.008642241783451743,0.001303780964797914,0.0046022353714661405
4,0.1,0.1,0.06366197723675814,1.5707963267948966,1.0,24,2023,0,numpy_PCG64_SeedSequence,independent_construction,96,4,0.19873686499574048,0.9965169564149446,0.9931930172674631,-0.003323939147481525,0.00333555703802535,0.0
4,0.1,0.1,0.06366197723675814,1.5707963267948966,1.0,24,314159,0,numpy_PCG64_SeedSequence,independent_construction,96,4,0.19873686499574048,1.0350746505257298,1.0184549547883222,-0.016619695737407625,0.0019267822736030828,0.0026109660574412533
4,0.1,0.1,0.06366197723675814,1.5707963267948966,1.0,24,271828,0,numpy_PCG64_SeedSequence,independent_construction,96,4,0.19873686499574048,0.9845507754840114,1.0091479251753743,0.02459714969136295,0.008777852802160702,0.002635046113306983
4,0.5,0.5,0.3183098861837907,1.5707963267948966,1.0,24,42,0,numpy_PCG64_SeedSequence,independent_construction,96,4,0.2556383198212349,0.9359528920632894,0.8992589907179036,-0.03669390134538575,0.0027609055770292656,0.004597701149425287
4,0.5,0.5,0.3183098861837907,1.5707963267948966,1.0,24,7,0,numpy_PCG64_SeedSequence,independent_construction,96,4,0.2556383198212349,0.90804485442032,0.904427145836972,-0.0036177085833479783,0.001707455890722823,0.001142857142857143
4,0.5,0.5,0.3183098861837907,1.5707963267948966,1.0,24,123,0,numpy_PCG64_SeedSequence,independent_construction,96,4,0.2556383198212349,0.9064944078845995,0.9111457474917609,0.004651339607161464,0.0034207525655644243,0.0005672149744753262
4,0.5,0.5,0.3183098861837907,1.5707963267948966,1.0,24,2023,0,numpy_PCG64_SeedSequence,independent_construction,96,4,0.2556383198212349,0.9411210471823578,0.9064944078845995,-0.03462663929775833,0.0060406370126304225,0.0011402508551881414
4,0.5,0.5,0.3183098861837907,1.5707963267948966,1.0,24,314159,0,numpy_PCG64_SeedSequence,independent_construction,96,4,0.2556383198212349,0.9147634560751089,0.9121793785155746,-0.00258407755953427,0.0011299435028248588,0.0028328611898017
4,0.5,0.5,0.3183098861837907,1.5707963267948966,1.0,24,271828,0,numpy_PCG64_SeedSequence,independent_construction,96,4,0.2556383198212349,0.8889226804797669,0.9157970870989226,0.026874406619155744,0.0,0.001128668171557562
4,0.75,0.75,0.477464829275686,1.5707963267948966,1.0,24,42,0,numpy_PCG64_SeedSequence,independent_construction,96,4,0.31702778093217676,0.8038895840794926,0.818475450042573,0.014585865963080424,0.002592016588906169,0.003054989816700611
4,0.75,0.75,0.477464829275686,1.5707963267948966,1.0,24,7,0,numpy_PCG64_SeedSequence,independent_construction,96,4,0.31702778093217676,0.8080569743546584,0.8026393669969427,-0.005417607357715681,0.0005157297576070139,0.004153686396677051
4,0.75,0.75,0.477464829275686,1.5707963267948966,1.0,24,123,0,numpy_PCG64_SeedSequence,independent_construction,96,4,0.31702778093217676,0.8034728450519759,0.8401458794734354,0.03667303442145953,0.001037344398340249,0.00496031746031746
4,0.75,0.75,0.477464829275686,1.5707963267948966,1.0,24,2023,0,numpy_PCG64_SeedSequence,independent_construction,96,4,0.31702778093217676,0.8380621843358526,0.8459802258586676,0.007918041522815056,0.002486325211337643,0.0
4,0.75,0.75,0.477464829275686,1.5707963267948966,1.0,24,314159,0,numpy_PCG64_SeedSequence,independent_construction,96,4,0.31702778093217676,0.8447300087761179,0.8222261012902222,-0.022503907485895702,0.0014800197335964479,0.0005068423720223011
4,0.75,0.75,0.477464829275686,1.5707963267948966,1.0,24,271828,0,numpy_PCG64_SeedSequence,independent_construction,96,4,0.31702778093217676,0.828477186702971,0.8305608818405539,0.002083695137582886,0.001006036217303823,0.006522829904666332
8,0.1,0.1,0.06366197723675814,1.5707963267948966,0.5,24,42,0,numpy_PCG64_SeedSequence,independent_construction,192,8,0.04968421624893513,1.0199929644959291,0.9963333338761783,-0.02365963061975085,0.010309278350515464,0.005277044854881266
8,0.1,0.1,0.06366197723675814,1.5707963267948966,0.5,24,7,0,numpy_PCG64_SeedSequence,independent_construction,192,8,0.04968421624893513,0.9871323664129419,0.9963333338761783,0.009200967463236398,0.002663115845539281,0.00395778364116095
8,0.1,0.1,0.06366197723675814,1.5707963267948966,0.5,24,123,0,numpy_PCG64_SeedSequence,independent_construction,192,8,0.04968421624893513,1.0160496927259708,1.015392480764311,-0.0006572119616596872,0.00258732212160414,0.001941747572815534
8,0.1,0.1,0.06366197723675814,1.5707963267948966,0.5,24,2023,0,numpy_PCG64_SeedSequence,independent_construction,192,8,0.04968421624893513,1.028536719997506,1.012763632917672,-0.015773087079834047,0.0006389776357827476,0.0006489292667099286
8,0.1,0.1,0.06366197723675814,1.5707963267948966,0.5,24,314159,0,numpy_PCG64_SeedSequence,independent_construction,192,8,0.04968421624893513,1.0160496927259708,0.9904184262212405,-0.025631266504730243,0.007761966364812419,0.0046449900464499
8,0.1,0.1,0.06366197723675814,1.5707963267948966,0.5,24,271828,0,numpy_PCG64_SeedSequence,independent_construction,192,8,0.04968421624893513,1.0015910295694563,1.010134785071033,0.0085437555015766,0.0013123359580052493,0.004554326610279766
8,0.5,0.5,0.3183098861837907,1.5707963267948966,0.5,24,42,0,numpy_PCG64_SeedSequence,independent_construction,192,8,0.06400363415276204,0.9938211182428794,0.9892295422345704,-0.004591576008309062,0.002053388090349076,0.0005157297576070139
8,0.5,0.5,0.3183098861837907,1.5707963267948966,0.5,24,7,0,numpy_PCG64_SeedSequence,independent_construction,192,8,0.06400363415276204,0.9820870906660899,1.0081060213798407,0.026018930713750832,0.0025974025974025974,0.0020242914979757085
8,0.5,0.5,0.3183098861837907,1.5707963267948966,0.5,24,123,0,numpy_PCG64_SeedSequence,independent_construction,192,8,0.06400363415276204,0.9861684915623645,1.0030042702594975,0.01683577869713293,0.0005173305742369374,0.004069175991861648
8,0.5,0.5,0.3183098861837907,1.5707963267948966,0.5,24,2023,0,numpy_PCG64_SeedSequence,independent_construction,192,8,0.06400363415276204,0.9754548142096434,0.9764751644337122,0.0010203502240687667,0.0010460251046025104,0.00522466039707419
8,0.5,0.5,0.3183098861837907,1.5707963267948966,0.5,24,314159,0,numpy_PCG64_SeedSequence,independent_construction,192,8,0.06400363415276204,0.9621902612967509,0.9601495608486136,-0.0020407004481373114,0.0010604453870625664,0.005313496280552604
8,0.5,0.5,0.3183098861837907,1.5707963267948966,0.5,24,271828,0,numpy_PCG64_SeedSequence,independent_construction,192,8,0.06400363415276204,0.9774955146577808,0.9667818373050598,-0.010713677352720996,0.0,0.00474934036939314
8,0.75,0.75,0.477464829275686,1.5707963267948966,0.5,24,42,0,numpy_PCG64_SeedSequence,independent_construction,192,8,0.08242217500581656,0.9642738864243684,0.9452578032081113,-0.01901608321625714,0.0024650780608052587,0.002514668901927913
8,0.75,0.75,0.477464829275686,1.5707963267948966,0.5,24,7,0,numpy_PCG64_SeedSequence,independent_construction,192,8,0.08242217500581656,0.9496156556118369,0.9595198656203041,0.009904210008467196,0.00041718815185648727,0.0008257638315441783
8,0.75,0.75,0.477464829275686,1.5707963267948966,0.5,24,123,0,numpy_PCG64_SeedSequence,independent_construction,192,8,0.08242217500581656,0.9543696764159011,0.946842476809466,-0.007527199606435109,0.0029057700290577005,0.0016736401673640166
8,0.75,0.75,0.477464829275686,1.5707963267948966,0.5,24,2023,0,numpy_PCG64_SeedSequence,independent_construction,192,8,0.08242217500581656,0.9563505184175946,0.9460501400087887,-0.010300378408805821,0.0,0.0
8,0.75,0.75,0.477464829275686,1.5707963267948966,0.5,24,314159,0,numpy_PCG64_SeedSequence,independent_construction,192,8,0.08242217500581656,0.9591236972199654,0.9852708116423189,0.026147114422353512,0.0012391573729863693,0.0004020908725371934
8,0.75,0.75,0.477464829275686,1.5707963267948966,0.5,24,271828,0,numpy_PCG64_SeedSequence,independent_construction,192,8,0.08242217500581656,0.9401076140037082,0.9615007076219975,0.021393093618289227,0.0037926675094816687,0.0012360939431396785
16,0.1,0.1,0.06366197723675814,1.5707963267948966,0.25,24,42,0,numpy_PCG64_SeedSequence,independent_construction,384,16,0.01242105406223378,1.021377515353673,1.0311796028330749,0.009802087479401811,0.0006397952655150352,0.0012674271229404308
16,0.1,0.1,0.06366197723675814,1.5707963267948966,0.25,24,7,0,numpy_PCG64_SeedSequence,independent_construction,384,16,0.01242105406223378,0.9991594504003622,1.008961537879764,0.009802087479401811,0.004578155657292348,0.0038860103626943004
16,0.1,0.1,0.06366197723675814,1.5707963267948966,0.25,24,123,0,numpy_PCG64_SeedSequence,independent_construction,384,16,0.01242105406223378,0.9952386154086015,1.0070011203838836,0.011762504975282084,0.0006565988181221273,0.005840363400389357
16,0.1,0.1,0.06366197723675814,1.5707963267948966,0.25,24,2023,0,numpy_PCG64_SeedSequence,independent_construction,384,16,0.01242105406223378,1.0200705703564195,1.024644877846807,0.0045743074903874525,0.0019218449711723255,0.003826530612244898
16,0.1,0.1,0.06366197723675814,1.5707963267948966,0.25,24,314159,0,numpy_PCG64_SeedSequence,independent_construction,384,16,0.01242105406223378,1.0050407028880033,0.9991594504003622,-0.005881252487641042,0.0,0.009810333551340745
16,0.1,0.1,0.06366197723675814,1.5707963267948966,0.25,24,271828,0,numpy_PCG64_SeedSequence,independent_construction,384,16,0.01242105406223378,0.9815156929374388,0.9828226379346925,0.0013069449972537006,0.0,0.0026595744680851063
16,0.5,0.5,0.3183098861837907,1.5707963267948966,0.25,24,42,0,numpy_PCG64_SeedSequence,independent_construction,384,16,0.016000908538190514,1.0079500051338603,1.0165736337635913,0.008623628629730984,0.001509813789632612,0.000998003992015968
16,0.5,0.5,0.3183098861837907,1.5707963267948966,0.25,24,7,0,numpy_PCG64_SeedSequence,independent_construction,384,16,0.016000908538190514,1.0089645496785347,1.0013554655934778,-0.007609084085056894,0.003519356460532931,0.002026342451874367
16,0.5,0.5,0.3183098861837907,1.5707963267948966,0.25,24,123,0,numpy_PCG64_SeedSequence,independent_construction,384,16,0.016000908538190514,0.9851227528786898,0.997804559687118,0.012681806808428231,0.0020597322348094747,0.0035587188612099642
16,0.5,0.5,0.3183098861837907,1.5707963267948966,0.25,24,2023,0,numpy_PCG64_SeedSequence,independent_construction,384,16,0.016000908538190514,1.0282408960273453,0.9886736587850498,-0.039567237242295494,0.0014800197335964479,0.005643919958953309
16,0.5,0.5,0.3183098861837907,1.5707963267948966,0.25,24,314159,0,numpy_PCG64_SeedSequence,independent_construction,384,16,0.016000908538190514,0.9988191042317921,0.9917172924190725,-0.007101811812719627,0.0045708481462671405,0.0025575447570332483
16,0.5,0.5,0.3183098861837907,1.5707963267948966,0.25,24,271828,0,numpy_PCG64_SeedSequence,independent_construction,384,16,0.016000908538190514,0.9739627628872731,0.9754845797042846,0.0015218168170114676,0.0010416666666666667,0.0005200208008320333
16,0.75,0.75,0.477464829275686,1.5707963267948966,0.25,24,42,0,numpy_PCG64_SeedSequence,independent_construction,384,16,0.020605543779108757,1.005663069103647,0.9855734425763121,-0.020089626527334925,0.0027418723070896985,0.0
16,0.75,0.75,0.477464829275686,1.5707963267948966,0.25,24,7,0,numpy_PCG64_SeedSequence,independent_construction,384,16,0.020605543779108757,0.9981786984366006,0.9926638989977244,-0.005514799438876117,0.0023677979479084454,0.0007936507936507937
16,0.75,0.75,0.477464829275686,1.5707963267948966,0.25,24,123,0,numpy_PCG64_SeedSequence,independent_construction,384,16,0.020605543779108757,0.9745438436985595,1.0005421839104047,0.025998340211845217,0.0008084074373484236,0.0007874015748031496
16,0.75,0.75,0.477464829275686,1.5707963267948966,0.25,24,2023,0,numpy_PCG64_SeedSequence,independent_construction,384,16,0.020605543779108757,1.0151170109988632,0.9804525573830698,-0.0346644536157934,0.0011641443538998836,0.002008838891120932
16,0.75,0.75,0.477464829275686,1.5707963267948966,0.25,24,314159,0,numpy_PCG64_SeedSequence,independent_construction,384,16,0.020605543779108757,0.9725742724703895,1.0005421839104047,0.027967911440015203,0.0036452004860267314,0.0
16,0.75,0.75,0.477464829275686,1.5707963267948966,0.25,24,271828,0,numpy_PCG64_SeedSequence,independent_construction,384,16,0.020605543779108757,0.9997543554191366,1.0032995836298428,0.0035452282107062416,0.0015760441292356187,0.0019630938358853552
32,0.1,0.1,0.06366197723675814,1.5707963267948966,0.125,24,42,0,numpy_PCG64_SeedSequence,independent_construction,768,32,0.003105263515558446,0.9656930212077804,1.0060931341058117,0.04040011289803125,0.009446693657219974,0.0012953367875647669
32,0.1,0.1,0.06366197723675814,1.5707963267948966,0.125,24,7,0,numpy_PCG64_SeedSequence,independent_construction,768,32,0.003105263515558446,0.989151151277605,0.9839382334843106,-0.005212917793294358,0.0013175230566534915,0.0026490066225165563
32,0.1,0.1,0.06366197723675814,1.5707963267948966,0.125,24,123,0,numpy_PCG64_SeedSequence,independent_construction,768,32,0.003105263515558446,0.9793769304151781,0.9754672420702073,-0.003909688344970852,0.001996007984031936,0.0033400133600534404
32,0.1,0.1,0.06366197723675814,1.5707963267948966,0.125,24,2023,0,numpy_PCG64_SeedSequence,independent_construction,768,32,0.003105263515558446,0.98002854513934,0.9995769868641938,0.019548441724853816,0.003989361702127659,0.001303780964797914
32,0.1,0.1,0.06366197723675814,1.5707963267948966,0.125,24,314159,0,numpy_PCG64_SeedSequence,independent_construction,768,32,0.003105263515558446,0.9911059954500905,1.0073963635541354,0.01629036810404494,0.003287310979618672,0.00129366106080207
32,0.1,0.1,0.06366197723675814,1.5707963267948966,0.125,24,271828,0,numpy_PCG64_SeedSequence,independent_construction,768,32,0.003105263515558446,0.9898027660017669,0.9819833893118253,-0.007819376689941593,0.0019749835418038184,0.0033178500331785005
32,0.5,0.5,0.3183098861837907,1.5707963267948966,0.125,24,42,0,numpy_PCG64_SeedSequence,independent_construction,768,32,0.0040002271345476285,1.0020494962669761,1.0374576056757032,0.03540810940872707,0.002523977788995457,0.0034129692832764505
32,0.5,0.5,0.3183098861837907,1.5707963267948966,0.125,24,7,0,numpy_PCG64_SeedSequence,independent_construction,768,32,0.0040002271345476285,0.9959795346540514,0.9904154031755371,-0.0055641314785143114,0.0005078720162519045,0.006128702757916241
32,0.5,0.5,0.3183098861837907,1.5707963267948966,0.125,24,123,0,numpy_PCG64_SeedSequence,independent_construction,768,32,0.0040002271345476285,0.9974970250572827,0.9868745922346646,-0.0106224328226181,0.0030425963488843813,0.006663249615581753
32,0.5,0.5,0.3183098861837907,1.5707963267948966,0.125,24,2023,0,numpy_PCG64_SeedSequence,independent_construction,768,32,0.0040002271345476285,1.0025553264013864,0.9802988004873295,-0.022256525914056913,0.008072653884964682,0.0010319917440660474
32,0.5,0.5,0.3183098861837907,1.5707963267948966,0.125,24,314159,0,numpy_PCG64_SeedSequence,independent_construction,768,32,0.0040002271345476285,0.978275479949688,0.9969911949228722,0.01871571497318425,0.001034126163391934,0.0015220700152207
32,0.5,0.5,0.3183098861837907,1.5707963267948966,0.125,24,271828,0,numpy_PCG64_SeedSequence,independent_construction,768,32,0.0040002271345476285,0.9833337812937918,0.9969911949228722,0.013657413629080462,0.00205761316872428,0.0015220700152207
32,0.75,0.75,0.477464829275686,1.5707963267948966,0.125,24,42,0,numpy_PCG64_SeedSequence,independent_construction,768,32,0.005151385944777189,0.972558875661584,1.001625659506074,0.029066783844489907,0.0016155088852988692,0.000784313725490196
32,0.75,0.75,0.477464829275686,1.5707963267948966,0.125,24,7,0,numpy_PCG64_SeedSequence,independent_construction,768,32,0.005151385944777189,0.9886634450889367,0.9607750443732773,-0.027888400715659345,0.0003972983710766786,0.0008176614881439084
32,0.75,0.75,0.477464829275686,1.5707963267948966,0.125,24,123,0,numpy_PCG64_SeedSequence,independent_construction,768,32,0.005151385944777189,1.023229350201303,0.9925913888517056,-0.030637961349597398,0.00038387715930902113,0.0019786307874950534
32,0.75,0.75,0.477464829275686,1.5707963267948966,0.125,24,2023,0,numpy_PCG64_SeedSequence,independent_construction,768,32,0.005151385944777189,0.9984833044958589,1.005160808892566,0.006677504396707223,0.0055074744295830055,0.0035169988276670576
32,0.75,0.75,0.477464829275686,1.5707963267948966,0.125,24,314159,0,numpy_PCG64_SeedSequence,independent_construction,768,32,0.005151385944777189,1.0338347983607792,1.0012328651297973,-0.03260193323098193,0.0,0.0051000392310710085
32,0.75,0.75,0.477464829275686,1.5707963267948966,0.125,24,271828,0,numpy_PCG64_SeedSequence,independent_construction,768,32,0.005151385944777189,0.9753084362955223,0.9878778563363829,0.01256942004086059,0.0012082158679017317,0.0019880715705765406
