p_pixels_per_wavelength,sigma_exp_rad_per_pixel_at_P4,sigma_physical,sigma_over_k0,kappa0_physical,dx_physical,physical_box_wavelengths,seed,realization,rng_route,n,n_physical_kappa0,nyquist_over_k0,margin_pixels,roi_cells,spectral_prediction_discrete_cell,spectral_prediction_cont_full_cell,spectral_prediction_cont_trunc_cell,spectral_prediction_discrete_physical,spectral_prediction_cont_full_physical,spectral_prediction_cont_trunc_physical,spectrum_power_sum,spectrum_power_above_nyquist_master_reference,winding_density,winding_abs_density,winding_plus_density,winding_minus_density,winding_charge_sum_density,winding_charge_imbalance,winding_abs_charge_max,winding_zero_vertex_samples,winding_edge_phase_max_abs,ratio_discrete,ratio_cont_full,ratio_cont_trunc,ratio_abs_discrete,ratio_abs_cont_full,fd_forward_prediction_cell,fd_central_prediction_cell,fd_forward_over_discrete,fd_central_over_discrete,contour_density,ratio_contour_discrete,ratio_contour_cont_full,shift_0p5_0p5_density,shift_0p5_0p5_rel_delta,shift_0p37_0p13_density,shift_0p37_0p13_rel_delta,shift_minus0p23_0p41_density,shift_minus0p23_0p41_rel_delta,control_family
4,0.1,0.1,0.06366197723675814,1.5707963267948966,1.0,24,42,0,numpy_PCG64_SeedSequence,96,4.0,2.0,4,7569,0.19873686499574048,0.19873686499574048,0.1987368649957405,0.19873686499574048,0.19873686499574048,0.1987368649957405,577.5271544749827,,0.20214030915576695,0.20214030915576695,0.10159862597436914,0.1005416831813978,0.0010569427929713305,0.00522875816993464,1.0,0.0,3.1412640874586777,1.0171253791293298,1.0171253791293298,1.0171253791293295,1.0171253791293298,1.0171253791293298,0.16613080237721198,0.10121865868948553,0.8359334961873967,0.5093099294469345,0.19659135949266746,0.9892042902904853,0.9892042902904853,0.2042541947417096,0.010457516339869303,0.20359360549610253,0.007189542483660163,0.20412207689258818,0.00980392156862742,detector_shift_fd
4,0.1,0.1,0.06366197723675814,1.5707963267948966,1.0,24,7,0,numpy_PCG64_SeedSequence,96,4.0,2.0,4,7569,0.19873686499574048,0.19873686499574048,0.1987368649957405,0.19873686499574048,0.19873686499574048,0.1987368649957405,577.5271544749827,,0.20200819130664552,0.20200819130664552,0.10120227242700489,0.10080591887964065,0.00039635354736424893,0.001962066710268149,1.0,0.0,3.1413266801930155,1.0164605912998335,1.0164605912998335,1.0164605912998332,1.0164605912998335,1.0164605912998335,0.1703235752926959,0.10433543466353459,0.85703060323683,0.5249928575947438,0.19540229885057472,0.9832211998250188,0.9832211998250188,0.19963007002246003,0.011772400261608886,0.2010833663627956,0.004578155657292306,0.1993658343242172,0.013080444735120954,detector_shift_fd
4,0.1,0.1,0.06366197723675814,1.5707963267948966,1.0,24,123,0,numpy_PCG64_SeedSequence,96,4.0,2.0,4,7569,0.19873686499574048,0.19873686499574048,0.1987368649957405,0.19873686499574048,0.19873686499574048,0.1987368649957405,577.5271544749827,,0.19883736292773155,0.19883736292773155,0.09948474038842647,0.09935262253930506,0.0001321178491214163,0.000664451827242525,1.0,0.0,3.1413913303610683,1.0005056833919224,1.0005056833919224,1.0005056833919224,1.0005056833919224,1.0005056833919224,0.17933027076047872,0.10753559515947131,0.9023503050846772,0.5410953582355046,0.19249570616990355,0.9685958675761003,0.9685958675761003,0.19883736292773155,0.0,0.19976218787158145,0.004651162790697632,0.19883736292773155,0.0,detector_shift_fd
4,0.1,0.1,0.06366197723675814,1.5707963267948966,1.0,24,2023,0,numpy_PCG64_SeedSequence,96,4.0,2.0,4,7569,0.19873686499574048,0.19873686499574048,0.1987368649957405,0.19873686499574048,0.19873686499574048,0.1987368649957405,577.5271544749827,,0.1938168846611177,0.1938168846611177,0.09697450125511957,0.09684238340599816,0.0001321178491214163,0.0006816632583503749,1.0,0.0,3.140724107230726,0.9752437458710631,0.9752437458710631,0.975243745871063,0.9752437458710631,0.9752437458710631,0.17317306569610577,0.10514186420191231,0.8713686094415215,0.5290506328766221,0.18694675650680406,0.9406747787372559,0.9406747787372559,0.19645924164354606,0.013633265167007599,0.1938168846611177,0.0,0.19685559519091028,0.015678254942058604,detector_shift_fd
4,0.1,0.1,0.06366197723675814,1.5707963267948966,1.0,24,314159,0,numpy_PCG64_SeedSequence,96,4.0,2.0,4,7569,0.19873686499574048,0.19873686499574048,0.1987368649957405,0.19873686499574048,0.19873686499574048,0.1987368649957405,577.5271544749827,,0.20095124851367419,0.20095124851367419,0.10027744748315498,0.10067380103051922,-0.00039635354736424893,0.0019723865877712033,1.0,0.0,3.141525630299425,1.011142288663863,1.011142288663863,1.0111422886638628,1.011142288663863,1.011142288663863,0.17448684626469546,0.10648675136059718,0.8779792630241764,0.5358178079486134,0.19566653454881755,0.9845507754840114,0.9845507754840114,0.20068701281543136,0.0013149243918474372,0.20557537323292377,0.02301117685733077,0.20306513409961685,0.010519395134779773,detector_shift_fd
4,0.1,0.1,0.06366197723675814,1.5707963267948966,1.0,24,271828,0,numpy_PCG64_SeedSequence,96,4.0,2.0,4,7569,0.19873686499574048,0.19873686499574048,0.1987368649957405,0.19873686499574048,0.19873686499574048,0.1987368649957405,577.5271544749827,,0.2057074910820452,0.2057074910820452,0.10252345091821904,0.10318404016382614,-0.0006605892456070815,0.0032113037893384713,1.0,0.0,3.1414731611179167,1.0350746505257298,1.0350746505257298,1.0350746505257296,1.0350746505257298,1.0350746505257298,0.16705674788774708,0.10303050431548344,0.8405926494378766,0.5184267363666609,0.19923371647509577,1.0025000468804113,1.0025000468804113,0.2026687805522526,0.014771997430957083,0.20689655172413793,0.005780346820809176,0.20729290527150218,0.007707129094412279,detector_shift_fd
4,0.5,0.5,0.3183098861837907,1.5707963267948966,1.0,24,42,0,numpy_PCG64_SeedSequence,96,4.0,2.0,4,7569,0.2556383198212349,0.2560144767557485,0.2549549036834244,0.2556383198212349,0.2560144767557485,0.2549549036834244,2886.1328193602603,,0.23133835381159995,0.23133835381159995,0.11679217862333201,0.11454617518826793,0.002246003435064077,0.009708737864077669,1.0,0.0,3.141540605068029,0.9049439613488789,0.9036143453415296,0.907369697422455,0.9049439613488789,0.9036143453415296,0.19812420451703175,0.09713257707001499,0.7750176290298647,0.37996094301487643,0.21931562954155107,0.8579137497653564,0.8566532343043628,0.2294887039239001,0.007995431182181658,0.22843176113092878,0.012564249000571159,0.2277711718853217,0.015419760137064581,detector_shift_fd
4,0.5,0.5,0.3183098861837907,1.5707963267948966,1.0,24,7,0,numpy_PCG64_SeedSequence,96,4.0,2.0,4,7569,0.2556383198212349,0.2560144767557485,0.2549549036834244,0.2556383198212349,0.2560144767557485,0.2549549036834244,2886.1328193602603,,0.24177566389219182,0.24177566389219182,0.12101994979521734,0.1207557140969745,0.0002642356982428326,0.001092896174863388,1.0,0.0,3.141513778122526,0.9457723867895192,0.9443827823957733,0.9483075649817776,0.9457723867895192,0.9443827823957733,0.199543127614272,0.09713243278979644,0.7805681392125028,0.3799603786228923,0.2293565860747787,0.8971917286702763,0.8958735028628758,0.2382084819659136,0.014754098360655669,0.2390011890606421,0.01147540983606547,0.24177566389219182,0.0,detector_shift_fd
4,0.5,0.5,0.3183098861837907,1.5707963267948966,1.0,24,123,0,numpy_PCG64_SeedSequence,96,4.0,2.0,4,7569,0.2556383198212349,0.2560144767557485,0.2549549036834244,0.2556383198212349,0.2560144767557485,0.2549549036834244,2886.1328193602603,,0.238340599815035,0.238340599815035,0.1191702999075175,0.1191702999075175,0.0,0.0,1.0,0.0,3.1414495413166734,0.9323351834799414,0.9309653220994399,0.9348343427470638,0.9323351834799414,0.9309653220994399,0.19759141068895555,0.09607863942225338,0.7729334585954448,0.3758381743763616,0.22433610780816488,0.8775527392178163,0.8762633685836192,0.2437574316290131,0.02272727272727282,0.2405866032500991,0.009423503325942415,0.24071872109922052,0.009977827050997892,detector_shift_fd
4,0.5,0.5,0.3183098861837907,1.5707963267948966,1.0,24,2023,0,numpy_PCG64_SeedSequence,96,4.0,2.0,4,7569,0.2556383198212349,0.2560144767557485,0.2549549036834244,0.2556383198212349,0.2560144767557485,0.2549549036834244,2886.1328193602603,,0.23213106090632846,0.23213106090632846,0.11573523583036067,0.11639582507596777,-0.0006605892456070815,0.0028457598178713715,1.0,0.0,3.141389209876219,0.90804485442032,0.9067106823329912,0.9104789025535429,0.90804485442032,0.9067106823329912,0.19946017815211928,0.09847565917760072,0.780243659446673,0.38521478018813327,0.22010833663627957,0.8610146428367974,0.8597495712958244,0.23807636411679217,0.025611838360842264,0.23252741445369268,0.0017074558907227218,0.22882811467829303,0.014228799089356932,detector_shift_fd
4,0.5,0.5,0.3183098861837907,1.5707963267948966,1.0,24,314159,0,numpy_PCG64_SeedSequence,96,4.0,2.0,4,7569,0.2556383198212349,0.2560144767557485,0.2549549036834244,0.2556383198212349,0.2560144767557485,0.2549549036834244,2886.1328193602603,,0.23437706434139252,0.23437706434139252,0.11705641432157485,0.11732065001981767,-0.0002642356982428326,0.0011273957158962795,1.0,0.0,3.141096647318017,0.9168307181227362,0.9154836371421322,0.919288317091625,0.9168307181227362,0.9154836371421322,0.19524000450874668,0.09506942945679914,0.763735282899981,0.37189037043929934,0.22314704716607214,0.8729013996106547,0.871618863096427,0.23199894305720703,0.010146561443066507,0.2341128286431497,0.0011273957158962524,0.23133835381159995,0.012965050732807197,detector_shift_fd
4,0.5,0.5,0.3183098861837907,1.5707963267948966,1.0,24,271828,0,numpy_PCG64_SeedSequence,96,4.0,2.0,4,7569,0.2556383198212349,0.2560144767557485,0.2549549036834244,0.2556383198212349,0.2560144767557485,0.2549549036834244,2886.1328193602603,,0.2372836570220637,0.2372836570220637,0.1182454749636676,0.11903818205839609,-0.0007927070947284979,0.0033407572383073497,1.0,0.0,3.141516783516159,0.9282006593846868,0.9268368727774914,0.9306887359056135,0.9282006593846868,0.9268368727774914,0.2004542432002492,0.09643456521163697,0.7841322198503913,0.37723047655403386,0.22460034350640773,0.87858637024163,0.8772954809141065,0.23252741445369268,0.020044543429844196,0.23781212841854935,0.002227171492204846,0.23345223939754262,0.016146993318485542,detector_shift_fd
4,0.75,0.75,0.477464829275686,1.5707963267948966,1.0,24,42,0,numpy_PCG64_SeedSequence,96,4.0,2.0,4,7569,0.31702778093217676,0.3296883464982196,0.30466230730441946,0.31702778093217676,0.3296883464982196,0.30466230730441946,4265.0298465957,,0.2617254591095257,0.2617254591095257,0.13066455278108072,0.13106090632844497,-0.00039635354736424893,0.001514386673397274,1.0,0.0,3.1412709229984572,0.825560013510355,0.7938571741750632,0.8590674095040214,0.825560013510355,0.7938571741750632,0.23118084567716868,0.09365841522689208,0.7292132096354871,0.295426523667744,0.2390011890606421,0.7538809007775024,0.7249306552663752,0.2666138195270181,0.018677435638566404,0.26634958382877527,0.01766784452296814,0.2701810014532963,0.0323069156991417,detector_shift_fd
4,0.75,0.75,0.477464829275686,1.5707963267948966,1.0,24,7,0,numpy_PCG64_SeedSequence,96,4.0,2.0,4,7569,0.31702778093217676,0.3296883464982196,0.30466230730441946,0.31702778093217676,0.3296883464982196,0.30466230730441946,4265.0298465957,,0.26436781609195403,0.26436781609195403,0.13277843836702338,0.13158937772493065,0.0011890606420927466,0.004497751124437781,1.0,0.0,3.1402083069161977,0.8338947940606867,0.8018718856760735,0.8677404777473734,0.8338947940606867,0.8018718856760735,0.2273718360181825,0.09215825267326755,0.7171984592316382,0.2906945643763106,0.24283260668516315,0.7659663325754833,0.73655198694284,0.2701810014532963,0.021989005497251263,0.26027216276919013,0.015492253873063461,0.27110582639714625,0.025487256371814055,detector_shift_fd
4,0.75,0.75,0.477464829275686,1.5707963267948966,1.0,24,123,0,numpy_PCG64_SeedSequence,96,4.0,2.0,4,7569,0.31702778093217676,0.3296883464982196,0.30466230730441946,0.31702778093217676,0.3296883464982196,0.30466230730441946,4265.0298465957,,0.2553838023516977,0.2553838023516977,0.1272294887039239,0.12815431364777383,-0.0009248249438499141,0.0036213140196585617,1.0,0.0,3.1414681020613378,0.8055565401895589,0.7746218665726387,0.8382520457199764,0.8055565401895589,0.7746218665726387,0.2283968534597316,0.09203396349301038,0.7204316693892312,0.2903025193009809,0.22816752543268595,0.7197083005211423,0.6920703381122333,0.2658211124322896,0.0408691153647181,0.2574976879376404,0.008277289187791016,0.26397146254458975,0.03362648732540083,detector_shift_fd
4,0.75,0.75,0.477464829275686,1.5707963267948966,1.0,24,2023,0,numpy_PCG64_SeedSequence,96,4.0,2.0,4,7569,0.31702778093217676,0.3296883464982196,0.30466230730441946,0.31702778093217676,0.3296883464982196,0.30466230730441946,4265.0298465957,,0.26595323028141105,0.26595323028141105,0.13277843836702338,0.13317479191438764,-0.00039635354736424893,0.0014903129657228018,1.0,0.0,3.141393120095699,0.8388956623908858,0.8066807125766796,0.8729443186933847,0.8388956623908858,0.8066807125766796,0.22549342043906492,0.09100989832523268,0.711273377292149,0.287072312898354,0.239926014004492,0.7567980739701184,0.7277358042917288,0.2652926410358039,0.002483854942871537,0.2650284053375611,0.003477396920019943,0.2648962874884397,0.00397416790859425,detector_shift_fd
4,0.75,0.75,0.477464829275686,1.5707963267948966,1.0,24,314159,0,numpy_PCG64_SeedSequence,96,4.0,2.0,4,7569,0.31702778093217676,0.3296883464982196,0.30466230730441946,0.31702778093217676,0.3296883464982196,0.30466230730441946,4265.0298465957,,0.26767076231998943,0.26767076231998943,0.13409961685823754,0.1335711454617519,0.0005284713964856652,0.0019743336623889436,1.0,0.0,3.141521352536063,0.8443132697486013,0.8118902750523362,0.8785818130515635,0.8443132697486013,0.8118902750523362,0.224308773207497,0.09219167214674112,0.7075366472551642,0.2907999793445992,0.243096842383406,0.7667998106305165,0.7373534580929411,0.2668780552252609,0.0029615004935834477,0.26212181265688994,0.020730503455083926,0.26701017307438235,0.002467917077986172,detector_shift_fd
4,0.75,0.75,0.477464829275686,1.5707963267948966,1.0,24,271828,0,numpy_PCG64_SeedSequence,96,4.0,2.0,4,7569,0.31702778093217676,0.3296883464982196,0.30466230730441946,0.31702778093217676,0.3296883464982196,0.30466230730441946,4265.0298465957,,0.26066851631655436,0.26066851631655436,0.13026819923371646,0.1304003170828379,-0.0001321178491214163,0.0005068423720223011,1.0,0.0,3.141444938607221,0.8222261012902222,0.790651289574659,0.8555981822066805,0.8222261012902222,0.790651289574659,0.23127443384775126,0.09333774071578115,0.7295084145866348,0.29441502079513127,0.23860483551327785,0.7526306836949526,0.7237284485412238,0.2656889945831682,0.01926001013684751,0.2594794556744616,0.004561581348200653,0.26212181265688994,0.005575266092245337,detector_shift_fd
8,0.1,0.1,0.06366197723675814,1.5707963267948966,0.5,24,42,0,numpy_PCG64_SeedSequence,192,8.0,4.0,8,30625,0.04968421624893513,0.04968421624893512,0.049684216248935126,0.19873686499574053,0.19873686499574048,0.1987368649957405,577.5271544749826,,0.04995918367346939,0.04995918367346939,0.024914285714285715,0.025044897959183673,-0.00013061224489795917,0.00261437908496732,1.0,0.0,3.1414583987604696,1.0055343013394147,1.0055343013394151,1.005534301339415,1.0055343013394147,1.0055343013394151,0.04935079666132849,0.04378407068381508,0.9932892251749309,0.8812470838715,0.049893877551020406,1.0042198774160953,1.0042198774160955,0.0496,0.007189542483660183,0.049893877551020406,0.0013071895424837203,0.04982857142857143,0.0026143790849673014,detector_shift_fd
8,0.1,0.1,0.06366197723675814,1.5707963267948966,0.5,24,7,0,numpy_PCG64_SeedSequence,192,8.0,4.0,8,30625,0.04968421624893513,0.04968421624893512,0.049684216248935126,0.19873686499574053,0.19873686499574048,0.1987368649957405,577.5271544749826,,0.0486530612244898,0.0486530612244898,0.0243265306122449,0.0243265306122449,0.0,0.0,1.0,0.0,3.1410842496534004,0.9792458228730249,0.9792458228730252,0.9792458228730251,0.9792458228730249,0.9792458228730252,0.0491508059821913,0.04348265349244682,0.989263989511855,0.8751804249982261,0.04845714285714286,0.9753025511030664,0.9753025511030666,0.048914285714285716,0.005369127516778485,0.048751020408163266,0.0020134228187918962,0.04858775510204082,0.0013422818791946926,detector_shift_fd
8,0.1,0.1,0.06366197723675814,1.5707963267948966,0.5,24,123,0,numpy_PCG64_SeedSequence,192,8.0,4.0,8,30625,0.04968421624893513,0.04968421624893512,0.049684216248935126,0.19873686499574053,0.19873686499574048,0.1987368649957405,577.5271544749826,,0.050906122448979595,0.050906122448979595,0.0256,0.025306122448979593,0.0002938775510204082,0.005772931366260423,1.0,0.0,3.141389889389002,1.0245934482275476,1.0245934482275478,1.0245934482275476,1.0245934482275476,1.0245934482275478,0.046986586871888225,0.04168404425436557,0.9457044997242011,0.8389796076386526,0.05067755102040816,1.0199929644959291,1.0199929644959296,0.05097142857142857,0.0012828736369466835,0.0508734693877551,0.0006414368184734098,0.050906122448979595,0.0,detector_shift_fd
8,0.1,0.1,0.06366197723675814,1.5707963267948966,0.5,24,2023,0,numpy_PCG64_SeedSequence,192,8.0,4.0,8,30625,0.04968421624893513,0.04968421624893512,0.049684216248935126,0.19873686499574053,0.19873686499574048,0.1987368649957405,577.5271544749826,,0.05028571428571429,0.05028571428571429,0.025306122448979593,0.024979591836734694,0.00032653061224489796,0.006493506493506494,1.0,0.0,3.1412957100403145,1.0121064209560122,1.0121064209560127,1.0121064209560124,1.0121064209560122,1.0121064209560127,0.049045490720222906,0.043512100613814525,0.9871442969833318,0.8757731106354547,0.050057142857142856,1.007505937224394,1.0075059372243942,0.05035102040816326,0.0012987012987012204,0.05035102040816326,0.0012987012987012204,0.050253061224489796,0.0006493506493506792,detector_shift_fd
8,0.1,0.1,0.06366197723675814,1.5707963267948966,0.5,24,314159,0,numpy_PCG64_SeedSequence,192,8.0,4.0,8,30625,0.04968421624893513,0.04968421624893512,0.049684216248935126,0.19873686499574053,0.19873686499574048,0.1987368649957405,577.5271544749826,,0.04986122448979592,0.04986122448979592,0.024881632653061224,0.024979591836734694,-9.79591836734694e-05,0.0019646365422396855,1.0,0.0,3.1415097400327947,1.0035626654544356,1.0035626654544358,1.0035626654544358,1.0035626654544356,1.0035626654544358,0.04633106258097932,0.04114226915255897,0.9325106860666705,0.8280752371421529,0.04979591836734694,1.002248241531116,1.0022482415311162,0.04969795918367347,0.003274394237066154,0.050024489795918364,0.0032743942370660147,0.04976326530612245,0.0019646365422397757,detector_shift_fd
8,0.1,0.1,0.06366197723675814,1.5707963267948966,0.5,24,271828,0,numpy_PCG64_SeedSequence,192,8.0,4.0,8,30625,0.04968421624893513,0.04968421624893512,0.049684216248935126,0.19873686499574053,0.19873686499574048,0.1987368649957405,577.5271544749826,,0.049893877551020406,0.049893877551020406,0.024718367346938774,0.02517551020408163,-0.00045714285714285713,0.009162303664921465,1.0,0.0,3.141349169951608,1.0042198774160953,1.0042198774160955,1.0042198774160953,1.0042198774160953,1.0042198774160955,0.04764894847024829,0.04228941973073741,0.9590359286641567,0.8511640702723934,0.04963265306122449,0.9989621817228173,0.9989621817228176,0.05028571428571429,0.00785340314136134,0.04979591836734694,0.0019633507853402655,0.050024489795918364,0.0026178010471204004,detector_shift_fd
8,0.5,0.5,0.3183098861837907,1.5707963267948966,0.5,24,42,0,numpy_PCG64_SeedSequence,192,8.0,4.0,8,30625,0.06400363415276204,0.06400361918893713,0.06400361918893711,0.25601453661104817,0.2560144767557485,0.25601447675574845,2887.8462397432722,,0.06484897959183673,0.06484897959183673,0.032391836734693875,0.03245714285714286,-6.530612244897959e-05,0.0010070493454179255,1.0,0.0,3.141491644490182,1.013207772500184,1.0132080093846587,1.013208009384659,1.013207772500184,1.0132080093846587,0.06032976237199208,0.04977203149306267,0.942599012862281,0.7776438346339555,0.06422857142857143,1.0035144453715317,1.00351467998974,0.06481632653061224,0.0005035246727089859,0.06491428571428572,0.0010070493454179719,0.06442448979591836,0.006545820745216603,detector_shift_fd
8,0.5,0.5,0.3183098861837907,1.5707963267948966,0.5,24,7,0,numpy_PCG64_SeedSequence,192,8.0,4.0,8,30625,0.06400363415276204,0.06400361918893713,0.06400361918893711,0.25601453661104817,0.2560144767557485,0.25601447675574845,2887.8462397432722,,0.06373877551020408,0.06373877551020408,0.03180408163265306,0.03193469387755102,-0.00013061224489795917,0.0020491803278688526,1.0,0.0,3.140476561008777,0.9958618186910169,0.9958620515200675,0.9958620515200677,0.9958618186910169,0.9958620515200675,0.06019444931315144,0.0497105178321818,0.940484866366823,0.7766827382572395,0.06344489795918368,0.9912702426827078,0.9912704744382639,0.06377142857142858,0.0005122950819672367,0.06377142857142858,0.0005122950819672367,0.064,0.004098360655737676,detector_shift_fd
8,0.5,0.5,0.3183098861837907,1.5707963267948966,0.5,24,123,0,numpy_PCG64_SeedSequence,192,8.0,4.0,8,30625,0.06400363415276204,0.06400361918893713,0.06400361918893711,0.25601453661104817,0.2560144767557485,0.25601447675574845,2887.8462397432722,,0.06288979591836735,0.06288979591836735,0.031412244897959185,0.03147755102040816,-6.530612244897959e-05,0.0010384215991692627,1.0,0.0,3.1412204466895037,0.9825972657781242,0.9825974955059682,0.9825974955059684,0.9825972657781242,0.9825974955059682,0.05984846058485623,0.04953118144025166,0.9350790994463164,0.7738807662394929,0.06246530612244898,0.9759649893216779,0.9759652174989185,0.0636734693877551,0.012461059190031062,0.0637061224489796,0.012980269989615718,0.06315102040816327,0.004153686396677021,detector_shift_fd
8,0.5,0.5,0.3183098861837907,1.5707963267948966,0.5,24,2023,0,numpy_PCG64_SeedSequence,192,8.0,4.0,8,30625,0.06400363415276204,0.06400361918893713,0.06400361918893711,0.25601453661104817,0.2560144767557485,0.25601447675574845,2887.8462397432722,,0.061551020408163265,0.061551020408163265,0.03088979591836735,0.03066122448979592,0.00022857142857142857,0.003713527851458886,1.0,0.0,3.1412077157179383,0.9616800861847165,0.9616803110221962,0.9616803110221964,0.9616800861847165,0.9616803110221962,0.060215252969784215,0.04987395518723121,0.9408099050448319,0.7792363019292542,0.06102857142857143,0.9535172843921672,0.9535175073212121,0.06262857142857142,0.017506631299734652,0.06249795918367347,0.015384615384615417,0.06275918367346939,0.019628647214854113,detector_shift_fd
8,0.5,0.5,0.3183098861837907,1.5707963267948966,0.5,24,314159,0,numpy_PCG64_SeedSequence,192,8.0,4.0,8,30625,0.06400363415276204,0.06400361918893713,0.06400361918893711,0.25601453661104817,0.2560144767557485,0.25601447675574845,2887.8462397432722,,0.06217142857142857,0.06217142857142857,0.030922448979591836,0.031248979591836736,-0.00032653061224489796,0.005252100840336135,1.0,0.0,3.141314548028302,0.9713734133133688,0.9713736404171149,0.9713736404171152,0.9713734133133688,0.9713736404171149,0.05979611104748512,0.049572097116209884,0.9342611843690856,0.7745200373761999,0.06161632653061225,0.9627004364087852,0.9627006614848194,0.061877551020408164,0.0047268907563025155,0.06259591836734694,0.006827731092437066,0.06246530612244898,0.0047268907563025155,detector_shift_fd
8,0.5,0.5,0.3183098861837907,1.5707963267948966,0.5,24,271828,0,numpy_PCG64_SeedSequence,192,8.0,4.0,8,30625,0.06400363415276204,0.06400361918893713,0.06400361918893711,0.25601453661104817,0.2560144767557485,0.25601447675574845,2887.8462397432722,,0.06220408163265306,0.06220408163265306,0.031085714285714286,0.031118367346938774,-3.265306122448979e-05,0.0005249343832020997,1.0,0.0,3.141571169505008,0.9718835884254031,0.9718838156484265,0.9718838156484267,0.9718835884254031,0.9718838156484265,0.06034426136548384,0.04979943741336125,0.9428255467721706,0.7780720278242541,0.06181224489795918,0.9657614870809911,0.9657617128726883,0.06230204081632653,0.00157480314960626,0.06210612244897959,0.0015748031496063716,0.06223673469387755,0.0005249343832020123,detector_shift_fd
8,0.75,0.75,0.477464829275686,1.5707963267948966,0.5,24,42,0,numpy_PCG64_SeedSequence,192,8.0,4.0,8,30625,0.08242217500581656,0.0824220866245549,0.08242208613135431,0.3296887000232662,0.3296883464982196,0.32968834452541723,4345.034731096155,,0.0790530612244898,0.0790530612244898,0.039738775510204084,0.03931428571428571,0.00042448979591836735,0.0053696819496076,1.0,0.0,3.1414747263501703,0.9591236972199654,0.9591247256889828,0.9591247314282318,0.9591236972199654,0.9591247256889828,0.07698399532132921,0.05874427137557621,0.9340204297677953,0.7127241106101678,0.0780734693877551,0.9472386452098047,0.9472396609344724,0.07882448979591837,0.0028913672036348192,0.07928163265306122,0.0028913672036348192,0.07879183673469388,0.003304419661296961,detector_shift_fd
8,0.75,0.75,0.477464829275686,1.5707963267948966,0.5,24,7,0,numpy_PCG64_SeedSequence,192,8.0,4.0,8,30625,0.08242217500581656,0.0824220866245549,0.08242208613135431,0.3296887000232662,0.3296883464982196,0.32968834452541723,4345.034731096155,,0.07787755102040816,0.07787755102040816,0.03882448979591837,0.039053061224489795,-0.00022857142857142857,0.0029350104821802936,1.0,0.0,3.1413703969361153,0.9448616348077726,0.9448626479835704,0.9448626536374776,0.9448616348077726,0.9448626479835704,0.07436254512166907,0.05687319299987054,0.9022152729701841,0.6900229579704367,0.07702857142857143,0.9345612563989667,0.9345622585296615,0.07791020408163266,0.0004192872117400612,0.07771428571428571,0.002096436058700306,0.07771428571428571,0.002096436058700306,detector_shift_fd
8,0.75,0.75,0.477464829275686,1.5707963267948966,0.5,24,123,0,numpy_PCG64_SeedSequence,192,8.0,4.0,8,30625,0.08242217500581656,0.0824220866245549,0.08242208613135431,0.3296887000232662,0.3296883464982196,0.32968834452541723,4345.034731096155,,0.07846530612244898,0.07846530612244898,0.039379591836734694,0.039085714285714286,0.0002938775510204082,0.003745318352059925,1.0,0.0,3.1412172689532682,0.951992666013869,0.9519936868362766,0.9519936925328547,0.951992666013869,0.9519936868362766,0.07598531348643732,0.05804202597801128,0.9219037653528922,0.7042040078888386,0.07771428571428571,0.9428807928060791,0.9428818038578186,0.07875918367346939,0.0037453183520599204,0.07813877551020408,0.004161464835622153,0.07888979591836735,0.005409904286308853,detector_shift_fd
8,0.75,0.75,0.477464829275686,1.5707963267948966,0.5,24,2023,0,numpy_PCG64_SeedSequence,192,8.0,4.0,8,30625,0.08242217500581656,0.0824220866245549,0.08242208613135431,0.3296887000232662,0.3296883464982196,0.32968834452541723,4345.034731096155,,0.0793795918367347,0.0793795918367347,0.03980408163265306,0.039575510204081635,0.00022857142857142857,0.002879473467708762,1.0,0.0,3.1414729508100994,0.9630853812233523,0.9630864139404862,0.9630864197034414,0.9630853812233523,0.9630864139404862,0.07545013663135097,0.05756835707288762,0.9154106479964456,0.6984571454080775,0.07817142857142857,0.9484271504108208,0.9484281674099235,0.07993469387755102,0.006993006993006965,0.0793795918367347,0.0,0.07941224489795919,0.000411353352529842,detector_shift_fd
8,0.75,0.75,0.477464829275686,1.5707963267948966,0.5,24,314159,0,numpy_PCG64_SeedSequence,192,8.0,4.0,8,30625,0.08242217500581656,0.0824220866245549,0.08242208613135431,0.3296887000232662,0.3296883464982196,0.32968834452541723,4345.034731096155,,0.0793795918367347,0.0793795918367347,0.039575510204081635,0.03980408163265306,-0.00022857142857142857,0.002879473467708762,1.0,0.0,3.1412333162304993,0.9630853812233523,0.9630864139404862,0.9630864197034414,0.9630853812233523,0.9630864139404862,0.07408575450263669,0.05658059423931039,0.8988570672565779,0.6864729574937507,0.07853061224489796,0.9527850028145464,0.9527860244865773,0.08016326530612244,0.009872480460715684,0.08003265306122449,0.008227067050596492,0.08022857142857143,0.010695187165775367,detector_shift_fd
8,0.75,0.75,0.477464829275686,1.5707963267948966,0.5,24,271828,0,numpy_PCG64_SeedSequence,192,8.0,4.0,8,30625,0.08242217500581656,0.0824220866245549,0.08242208613135431,0.3296887000232662,0.3296883464982196,0.32968834452541723,4345.034731096155,,0.0793469387755102,0.0793469387755102,0.03964081632653061,0.03970612244897959,-6.530612244897959e-05,0.0008230452674897119,1.0,0.0,3.1408087068500112,0.9626892128230136,0.9626902451153359,0.9626902508759204,0.9626892128230136,0.9626902451153359,0.0744968897420825,0.056957836581029694,0.9038452302044351,0.6910499095299313,0.07797551020408164,0.9460501400087887,0.9460511544590215,0.08003265306122449,0.008641975308642023,0.07888979591836735,0.005761316872427899,0.07882448979591837,0.0065843621399176485,detector_shift_fd
16,0.1,0.1,0.06366197723675814,1.5707963267948966,0.25,24,42,0,numpy_PCG64_SeedSequence,384,16.0,8.0,16,123201,0.01242105406223378,0.01242105406223378,0.012421054062233781,0.19873686499574048,0.19873686499574048,0.1987368649957405,577.5271544749827,,0.01241061355021469,0.01241061355021469,0.006185014732023279,0.006225598818191411,-4.058408616813175e-05,0.0032701111837802484,1.0,0.0,3.141006382433334,0.9991594504003622,0.9991594504003622,0.9991594504003621,0.9991594504003622,0.9991594504003622,0.012952203354694498,0.012547700986284728,1.0427620143829563,1.010196149490728,0.012402496732981064,0.9985059779017355,0.9985059779017355,0.012378146281280185,0.002616088947024261,0.012353795829579305,0.004578155657292421,0.012402496732981064,0.0006540222367561002,detector_shift_fd
16,0.1,0.1,0.06366197723675814,1.5707963267948966,0.25,24,7,0,numpy_PCG64_SeedSequence,384,16.0,8.0,16,123201,0.01242105406223378,0.01242105406223378,0.012421054062233781,0.19873686499574048,0.19873686499574048,0.1987368649957405,577.5271544749827,,0.012215809936607657,0.012215809936607657,0.006128197011387894,0.006087612925219763,4.058408616813175e-05,0.0033222591362126247,1.0,0.0,3.1413682869439903,0.9834761104333192,0.9834761104333192,0.9834761104333191,0.9834761104333192,0.9834761104333192,0.012078406931160983,0.011726013365203835,0.9724140053367439,0.9440433401587699,0.012199576302140405,0.9821691654360657,0.9821691654360657,0.01214275858150502,0.0059800664451827605,0.012167109033205899,0.003986710963455173,0.012167109033205899,0.003986710963455173,detector_shift_fd
16,0.1,0.1,0.06366197723675814,1.5707963267948966,0.25,24,123,0,numpy_PCG64_SeedSequence,384,16.0,8.0,16,123201,0.01242105406223378,0.01242105406223378,0.012421054062233781,0.19873686499574048,0.19873686499574048,0.1987368649957405,577.5271544749827,,0.012321328560644799,0.012321328560644799,0.006136313828621521,0.006185014732023279,-4.87009034017581e-05,0.003952569169960474,1.0,0.0,3.1412782126981313,0.9919712529154675,0.9919712529154675,0.9919712529154673,0.9919712529154675,0.9919712529154675,0.012395960816215214,0.012025102052133496,0.9979797812735667,0.9681225113330618,0.012321328560644799,0.9919712529154675,0.9919712529154675,0.012321328560644799,0.0,0.012329445377878426,0.0006587615283267966,0.012313211743411174,0.0006587615283266559,detector_shift_fd
16,0.1,0.1,0.06366197723675814,1.5707963267948966,0.25,24,2023,0,numpy_PCG64_SeedSequence,384,16.0,8.0,16,123201,0.01242105406223378,0.01242105406223378,0.012421054062233781,0.19873686499574048,0.19873686499574048,0.1987368649957405,577.5271544749827,,0.012394379915747437,0.012394379915747437,0.006225598818191411,0.0061687810975560265,5.681772063538445e-05,0.0045841519318926,1.0,0.0,3.1415130216440526,0.9978525054031085,0.9978525054031085,0.9978525054031084,0.9978525054031085,0.9978525054031085,0.012383856671369995,0.01202187107129361,0.997005295148269,0.9678623900242181,0.012394379915747437,0.9978525054031085,0.9978525054031085,0.012483664905317327,0.007203667321545511,0.012475548088083701,0.006548788474132371,0.012459314453616447,0.005239030779305813,detector_shift_fd
16,0.1,0.1,0.06366197723675814,1.5707963267948966,0.25,24,314159,0,numpy_PCG64_SeedSequence,384,16.0,8.0,16,123201,0.01242105406223378,0.01242105406223378,0.012421054062233781,0.19873686499574048,0.19873686499574048,0.1987368649957405,577.5271544749827,,0.012646001249989854,0.012646001249989854,0.006314883807761301,0.006331117442228553,-1.62336344672527e-05,0.0012836970474967907,1.0,0.0,3.140943358727823,1.0181101528605392,1.0181101528605392,1.018110152860539,1.0181101528605392,1.0181101528605392,0.012231895680068671,0.011868407586786086,0.9847711489526284,0.9555072804064177,0.012637884432756227,1.0174566803619123,1.0174566803619123,0.012654118067223481,0.000641848523748445,0.012662234884457106,0.0012836970474967527,0.012662234884457106,0.0012836970474967527,detector_shift_fd
16,0.1,0.1,0.06366197723675814,1.5707963267948966,0.25,24,271828,0,numpy_PCG64_SeedSequence,384,16.0,8.0,16,123201,0.01242105406223378,0.01242105406223378,0.012421054062233781,0.19873686499574048,0.19873686499574048,0.1987368649957405,577.5271544749827,,0.012240160388308536,0.012240160388308536,0.006111963376920642,0.006128197011387894,-1.62336344672527e-05,0.001326259946949602,1.0,0.0,3.1413169928845845,0.9854365279291996,0.9854365279291996,0.9854365279291994,0.9854365279291996,0.9854365279291996,0.01172419036968173,0.011377545482974125,0.9438965735870305,0.9159887257529582,0.01223204357107491,0.9847830554305728,0.9847830554305728,0.012280744474476668,0.003315649867373978,0.012272627657243042,0.0026525198938992674,0.012272627657243042,0.0026525198938992674,detector_shift_fd
16,0.5,0.5,0.3183098861837907,1.5707963267948966,0.25,24,42,0,numpy_PCG64_SeedSequence,384,16.0,8.0,16,123201,0.016000908538190514,0.016000904797234282,0.01600090479723428,0.2560145366110482,0.2560144767557485,0.25601447675574845,2887.8462397432722,,0.015527471367927209,0.015527471367927209,0.007727210006412286,0.007800261361514922,-7.305135510263716e-05,0.004704652378463147,1.0,0.0,3.141512653447438,0.9704118569809134,0.9704120838598511,0.9704120838598513,0.9704118569809134,0.9704120838598511,0.01583243270150014,0.015075435416977702,0.9894708580898227,0.9421612142208101,0.015527471367927209,0.9704118569809134,0.9704120838598511,0.015495004098992703,0.0020909566126503373,0.01556805545409534,0.0026136957658128377,0.015511237733459955,0.0010454783063252244,detector_shift_fd
16,0.5,0.5,0.3183098861837907,1.5707963267948966,0.25,24,7,0,numpy_PCG64_SeedSequence,384,16.0,8.0,16,123201,0.016000908538190514,0.016000904797234282,0.01600090479723428,0.2560145366110482,0.2560144767557485,0.25601447675574845,2887.8462397432722,,0.016241751284486326,0.016241751284486326,0.008133050868093603,0.008108700416392724,2.435045170087905e-05,0.0014992503748125937,1.0,0.0,3.141585580384445,1.0150518169465799,1.0150520542621861,1.0150520542621864,1.0150518169465799,1.0150520542621861,0.015728061639363453,0.015001347261087313,0.9829480370957787,0.937530967399915,0.016233634467252702,1.014544544674243,1.0145447818712505,0.01625798491895358,0.0009995002498751398,0.016136232660449185,0.006496751624187768,0.016233634467252702,0.0004997501249373562,detector_shift_fd
16,0.5,0.5,0.3183098861837907,1.5707963267948966,0.25,24,123,0,numpy_PCG64_SeedSequence,384,16.0,8.0,16,123201,0.016000908538190514,0.016000904797234282,0.01600090479723428,0.2560145366110482,0.2560144767557485,0.25601447675574845,2887.8462397432722,,0.01611999902598193,0.01611999902598193,0.008011298609589207,0.008108700416392724,-9.74018068035162e-05,0.006042296072507553,1.0,0.0,3.1403346276773445,1.0074427328615232,1.0074429683981518,1.007442968398152,1.0074427328615232,1.0074429683981518,0.015747629859716828,0.015010367946993466,0.984170981424638,0.9380947282566579,0.016095648574281054,1.005920916044512,1.005921151225345,0.016184933563850944,0.004028197381671798,0.01611999902598193,0.0,0.016136232660449185,0.0010070493454180033,detector_shift_fd
16,0.5,0.5,0.3183098861837907,1.5707963267948966,0.25,24,2023,0,numpy_PCG64_SeedSequence,384,16.0,8.0,16,123201,0.016000908538190514,0.016000904797234282,0.01600090479723428,0.2560145366110482,0.2560144767557485,0.25601447675574845,2887.8462397432722,,0.015998246767477537,0.015998246767477537,0.008011298609589207,0.007986948157888328,2.435045170087905e-05,0.0015220700152207,1.0,0.0,3.1409109384627527,0.9998336487764664,0.9998338825341174,0.9998338825341176,0.9998336487764664,0.9998338825341174,0.01604177605793956,0.01528215417250598,1.0025540749546504,0.9550804028428116,0.015998246767477537,0.9998336487764664,0.9998338825341174,0.015892728143440393,0.006595636732623109,0.01601448040194479,0.0010147133434805452,0.015933312229608525,0.004058853373921964,detector_shift_fd
16,0.5,0.5,0.3183098861837907,1.5707963267948966,0.25,24,314159,0,numpy_PCG64_SeedSequence,384,16.0,8.0,16,123201,0.016000908538190514,0.016000904797234282,0.01600090479723428,0.2560145366110482,0.2560144767557485,0.25601447675574845,2887.8462397432722,,0.01611999902598193,0.01611999902598193,0.008059999512990966,0.008059999512990966,0.0,0.0,1.0,0.0,3.1409384248925396,1.0074427328615232,1.0074429683981518,1.007442968398152,1.0074427328615232,1.0074429683981518,0.01563695527023133,0.014905672327580007,0.9772542123410987,0.9315516235845965,0.01610376539151468,1.006428188316849,1.0064284236162806,0.01611999902598193,0.0,0.016136232660449185,0.0010070493454180033,0.01610376539151468,0.001007049345417788,detector_shift_fd
16,0.5,0.5,0.3183098861837907,1.5707963267948966,0.25,24,271828,0,numpy_PCG64_SeedSequence,384,16.0,8.0,16,123201,0.016000908538190514,0.016000904797234282,0.01600090479723428,0.2560145366110482,0.2560144767557485,0.25601447675574845,2887.8462397432722,,0.015527471367927209,0.015527471367927209,0.007743443640879539,0.00778402772704767,-4.058408616813175e-05,0.0026136957658128594,1.0,0.0,3.141329555781567,0.9704118569809134,0.9704120838598511,0.9704120838598513,0.9704118569809134,0.9704120838598511,0.015831903428543386,0.01510369461466629,0.9894377804082968,0.9439273137907901,0.015519354550693582,0.9699045847085762,0.9699048114689155,0.015600522723029845,0.004704652378463063,0.01559240590579622,0.004181913225300563,0.015462536830058198,0.004181913225300563,detector_shift_fd
16,0.75,0.75,0.477464829275686,1.5707963267948966,0.25,24,42,0,numpy_PCG64_SeedSequence,384,16.0,8.0,16,123201,0.020605543779108757,0.020605521656138725,0.020605521656138735,0.3296887004657401,0.3296883464982196,0.32968834649821976,4345.034731741177,,0.020194641277262358,0.020194641277262358,0.010113554273098433,0.010081087004163927,3.24672689345054e-05,0.001607717041800643,1.0,0.0,3.1415621404246163,0.9800586431374357,0.9800596953703447,0.9800596953703441,0.9800586431374357,0.9800596953703447,0.019783102636154824,0.018481303627105653,0.960086414036412,0.896909289326458,0.020194641277262358,0.9800586431374357,0.9800596953703447,0.020162174008327854,0.0016077170418005956,0.020113473104926095,0.0040192926045015745,0.020137823556626976,0.0028135048231509993,detector_shift_fd
16,0.75,0.75,0.477464829275686,1.5707963267948966,0.25,24,7,0,numpy_PCG64_SeedSequence,384,16.0,8.0,16,123201,0.020605543779108757,0.020605521656138725,0.020605521656138735,0.3296887004657401,0.3296883464982196,0.32968834649821976,4345.034731741177,,0.020300159901299502,0.020300159901299502,0.010170371993733817,0.010129787907565685,4.058408616813175e-05,0.001999200319872051,1.0,0.0,3.141364493113213,0.985179528330678,0.9851805860615884,0.985180586061588,0.985179528330678,0.9851805860615884,0.020158146682687,0.018826549090021003,0.9782875375084564,0.9136642687929734,0.020267692632364998,0.983603871348142,0.9836049273873597,0.02021899172896324,0.003998400639744069,0.020227108546196866,0.0035985605757696284,0.020300159901299502,0.0,detector_shift_fd
16,0.75,0.75,0.477464829275686,1.5707963267948966,0.25,24,123,0,numpy_PCG64_SeedSequence,384,16.0,8.0,16,123201,0.020605543779108757,0.020605521656138725,0.020605521656138735,0.3296887004657401,0.3296883464982196,0.32968834649821976,4345.034731741177,,0.020559898052775544,0.020559898052775544,0.010284007435004586,0.01027589061777096,8.11681723362635e-06,0.00039478878799842083,1.0,0.0,3.14131143097975,0.9977847841909665,0.9977858554554192,0.9977858554554188,0.9977847841909665,0.9977858554554192,0.02048962014929587,0.019107920160652558,0.9943741533319583,0.9273193838264735,0.02055178123554192,0.9973908699453327,0.9973919407868621,0.02043814579427115,0.005921831819976264,0.020503080332140163,0.002763521515988822,0.02037321125640214,0.009080142123963537,detector_shift_fd
16,0.75,0.75,0.477464829275686,1.5707963267948966,0.25,24,2023,0,numpy_PCG64_SeedSequence,384,16.0,8.0,16,123201,0.020605543779108757,0.020605521656138725,0.020605521656138735,0.3296887004657401,0.3296883464982196,0.32968834649821976,4345.034731741177,,0.020178407642795108,0.020178407642795108,0.010072970186930302,0.010105437455864806,-3.24672689345054e-05,0.0016090104585679806,1.0,0.0,3.1413127288614575,0.9792708146461678,0.9792718660332304,0.9792718660332298,0.9792708146461678,0.9792718660332304,0.01976703688604176,0.018453532856737058,0.959306733078448,0.8955615563733121,0.020137823556626976,0.9773012434179977,0.9773022926904443,0.020316393535766756,0.00683829444891393,0.020300159901299502,0.006033789219629878,0.020227108546196866,0.0024135156878519856,detector_shift_fd
16,0.75,0.75,0.477464829275686,1.5707963267948966,0.25,24,314159,0,numpy_PCG64_SeedSequence,384,16.0,8.0,16,123201,0.020605543779108757,0.020605521656138725,0.020605521656138735,0.3296887004657401,0.3296883464982196,0.32968834649821976,4345.034731741177,,0.020446262611504777,0.020446262611504777,0.010227189714369202,0.010219072897135575,8.11681723362635e-06,0.0003969829297340214,1.0,0.0,3.141557125693748,0.9922699847520904,0.9922710500956183,0.9922710500956178,0.9922699847520904,0.9922710500956183,0.020066511012908312,0.018733585595282147,0.9738404008174271,0.9091526919214564,0.020405678525336646,0.9903004135239203,0.9903014767528323,0.020430028977037523,0.0007939658594681042,0.02048684669767291,0.0019849146486700907,0.020413795342570273,0.0015879317189360386,detector_shift_fd
16,0.75,0.75,0.477464829275686,1.5707963267948966,0.25,24,271828,0,numpy_PCG64_SeedSequence,384,16.0,8.0,16,123201,0.020605543779108757,0.020605521656138725,0.020605521656138735,0.3296887004657401,0.3296883464982196,0.32968834649821976,4345.034731741177,,0.020324510353000383,0.020324510353000383,0.010170371993733817,0.010154138359266564,1.62336344672527e-05,0.0007987220447284345,1.0,0.0,3.1413954548530874,0.9863612710675802,0.9863623300672602,0.9863623300672597,0.9863612710675802,0.9863623300672602,0.020291426481877976,0.01894723768688059,0.9847556899930371,0.919521362308843,0.02030827671853313,0.9855734425763121,0.9855745007301457,0.020194641277262358,0.0063897763578276276,0.020292043084065875,0.0015974440894569923,0.020162174008327854,0.007987220447284449,detector_shift_fd
32,0.1,0.1,0.06366197723675814,1.5707963267948966,0.125,24,42,0,numpy_PCG64_SeedSequence,768,32.0,16.0,32,494209,0.003105263515558446,0.003105263515558445,0.0031052635155584454,0.19873686499574053,0.19873686499574048,0.1987368649957405,577.5271544749826,,0.0031869108008959774,0.0031869108008959774,0.0015985139890208394,0.0015883968118751378,1.0117177145701514e-05,0.0031746031746031746,1.0,0.0,3.1411117196909677,1.0262931905548274,1.0262931905548278,1.0262931905548276,1.0262931905548274,1.0262931905548278,0.0031314411644961,0.003108922850959984,1.0084300893648783,1.0011784299088318,0.0031869108008959774,1.0262931905548274,1.0262931905548278,0.003190957671754258,0.0012698412698412757,0.0031889342363251175,0.0006349206349205698,0.003184887365466837,0.0006349206349207058,detector_shift_fd
32,0.1,0.1,0.06366197723675814,1.5707963267948966,0.125,24,7,0,numpy_PCG64_SeedSequence,768,32.0,16.0,32,494209,0.003105263515558446,0.003105263515558445,0.0031052635155584454,0.19873686499574053,0.19873686499574048,0.1987368649957405,577.5271544749826,,0.0029683797745488245,0.0029683797745488245,0.0014872250404181226,0.0014811547341307017,6.070306287420909e-06,0.002044989775051125,1.0,0.0,3.140256730220869,0.9559188003453535,0.9559188003453538,0.9559188003453537,0.9559188003453535,0.9559188003453538,0.0032102640543256746,0.0031868293860952053,1.033813728928685,1.026266972232175,0.0029683797745488245,0.9559188003453535,0.9559188003453538,0.0029623094682614034,0.0020449897750512073,0.002964332903690544,0.0013633265167007562,0.002966356339119684,0.000681663258350451,detector_shift_fd
32,0.1,0.1,0.06366197723675814,1.5707963267948966,0.125,24,123,0,numpy_PCG64_SeedSequence,768,32.0,16.0,32,494209,0.003105263515558446,0.003105263515558445,0.0031052635155584454,0.19873686499574053,0.19873686499574048,0.1987368649957405,577.5271544749826,,0.003126207738021768,0.003126207738021768,0.0015661390221545946,0.0015600687158671737,6.070306287420909e-06,0.001941747572815534,1.0,0.0,3.1413412954569644,1.0067447488299734,1.006744748829974,1.0067447488299737,1.0067447488299734,1.006744748829974,0.0030906923297286137,0.0030673349995188706,0.995307584764763,0.9877857335296859,0.003126207738021768,1.0067447488299734,1.006744748829974,0.003132278044309189,0.0019417475728156124,0.003126207738021768,0.0,0.0031302546088800487,0.0012944983818770287,detector_shift_fd
32,0.1,0.1,0.06366197723675814,1.5707963267948966,0.125,24,2023,0,numpy_PCG64_SeedSequence,768,32.0,16.0,32,494209,0.003105263515558446,0.003105263515558445,0.0031052635155584454,0.19873686499574053,0.19873686499574048,0.1987368649957405,577.5271544749826,,0.003152512398600592,0.003152512398600592,0.0015701858930128752,0.0015823265055877169,-1.2140612574841818e-05,0.0038510911424903724,1.0,0.0,3.141568756712748,1.015215740244077,1.0152157402440771,1.015215740244077,1.015215740244077,1.0152157402440771,0.003130621023112359,0.003107587739084422,1.0081659760683315,1.0007484786763927,0.003152512398600592,1.015215740244077,1.0152157402440771,0.0031545358340297324,0.0006418485237484672,0.003152512398600592,0.0,0.0031484655277423113,0.0012836970474967967,detector_shift_fd
32,0.1,0.1,0.06366197723675814,1.5707963267948966,0.125,24,314159,0,numpy_PCG64_SeedSequence,768,32.0,16.0,32,494209,0.003105263515558446,0.003105263515558445,0.0031052635155584454,0.19873686499574053,0.19873686499574048,0.1987368649957405,577.5271544749826,,0.0029825438225528065,0.0029825438225528065,0.0014872250404181226,0.0014953187821346839,-8.093741716561212e-06,0.0027137042062415195,1.0,0.0,3.1412017657164584,0.9604801034144861,0.9604801034144863,0.9604801034144862,0.9604801034144861,0.9604801034144863,0.0029294077624478906,0.002907587750608939,0.9433684928092392,0.9363417101450222,0.0029825438225528065,0.9604801034144861,0.9604801034144863,0.002984567257981947,0.0006784260515604558,0.0029805203871236664,0.0006784260515603104,0.002986590693411087,0.0013568521031207662,detector_shift_fd
32,0.1,0.1,0.06366197723675814,1.5707963267948966,0.125,24,271828,0,numpy_PCG64_SeedSequence,768,32.0,16.0,32,494209,0.003105263515558446,0.003105263515558445,0.0031052635155584454,0.19873686499574053,0.19873686499574048,0.1987368649957405,577.5271544749826,,0.0031423952214548905,0.0031423952214548905,0.0015803030701585766,0.001562092151296314,1.8210918862262726e-05,0.005795235028976175,1.0,0.0,3.141009941960233,1.011957666623268,1.0119576666232681,1.0119576666232681,1.011957666623268,1.0119576666232681,0.002929018385418542,0.002907791746960686,0.9432431002210103,0.9364074038778487,0.0031423952214548905,1.011957666623268,1.0119576666232681,0.00313632491516747,0.001931745009658665,0.00313632491516747,0.001931745009658665,0.00313834835059661,0.001287830006439156,detector_shift_fd
32,0.5,0.5,0.3183098861837907,1.5707963267948966,0.125,24,42,0,numpy_PCG64_SeedSequence,768,32.0,16.0,32,494209,0.0040002271345476285,0.0040002261993085705,0.00400022619930857,0.2560145366110482,0.2560144767557485,0.25601447675574845,2887.8462397432722,,0.003974027182831555,0.003974027182831555,0.001984990155986637,0.0019890370268449177,-4.046870858280606e-06,0.0010183299389002036,1.0,0.0,3.141418884158624,0.9934503839819995,0.9934506162472653,0.9934506162472655,0.9934503839819995,0.9934506162472653,0.003968345286633816,0.003921425959903442,0.9920299905876676,0.980300824929758,0.003974027182831555,0.9934503839819995,0.9934506162472653,0.0039821209245481165,0.0020366598778004167,0.003978074053689835,0.0010183299389000993,0.003980097489118976,0.001527494908350367,detector_shift_fd
32,0.5,0.5,0.3183098861837907,1.5707963267948966,0.125,24,7,0,numpy_PCG64_SeedSequence,768,32.0,16.0,32,494209,0.0040002271345476285,0.0040002261993085705,0.00400022619930857,0.2560145366110482,0.2560144767557485,0.25601447675574845,2887.8462397432722,,0.003994261537122958,0.003994261537122958,0.0020032010748489,0.0019910604622740582,1.2140612574841818e-05,0.00303951367781155,1.0,0.0,3.1414983361501863,0.9985086853261033,0.9985089187739824,0.9985089187739826,0.9985086853261033,0.9985089187739824,0.003910022287762699,0.003863244084544718,0.9774500687708748,0.9657561819878007,0.003994261537122958,0.9985086853261033,0.9985089187739824,0.003988191230835538,0.0015197568389056194,0.003986167795406397,0.002026342451874376,0.003990214666264678,0.0010131712259370796,detector_shift_fd
32,0.5,0.5,0.3183098861837907,1.5707963267948966,0.125,24,123,0,numpy_PCG64_SeedSequence,768,32.0,16.0,32,494209,0.0040002271345476285,0.0040002261993085705,0.00400022619930857,0.2560145366110482,0.2560144767557485,0.25601447675574845,2887.8462397432722,,0.004026636503989203,0.004026636503989203,0.002015341687423742,0.0020112948165654614,4.046870858280606e-06,0.0010050251256281408,1.0,0.0,3.141378748001653,1.0066019674766695,1.00660220281673,1.0066022028167303,1.0066019674766695,1.00660220281673,0.0038875960445776993,0.0038418734144909585,0.9718438263174608,0.9604138178332272,0.004026636503989203,1.0066019674766695,1.00660220281673,0.004022589633130923,0.0010050251256280376,0.004018542762272642,0.0020100502512562907,0.004038777116564044,0.0030150753768843283,detector_shift_fd
32,0.5,0.5,0.3183098861837907,1.5707963267948966,0.125,24,2023,0,numpy_PCG64_SeedSequence,768,32.0,16.0,32,494209,0.0040002271345476285,0.0040002261993085705,0.00400022619930857,0.2560145366110482,0.2560144767557485,0.25601447675574845,2887.8462397432722,,0.003990214666264678,0.003990214666264678,0.0019930838977031983,0.001997130768561479,-4.046870858280606e-06,0.0010141987829614604,1.0,0.0,3.1414735336923303,0.9974970250572827,0.9974972582686391,0.9974972582686393,0.9974970250572827,0.9974972582686391,0.004006781862448293,0.00395841540088149,1.0016385889301274,0.9895476601053388,0.003990214666264678,0.9974970250572827,0.9974972582686391,0.003996284972552098,0.0015212981744420345,0.003994261537122958,0.0010141987829613563,0.003998308407981239,0.00202839756592293,detector_shift_fd
32,0.5,0.5,0.3183098861837907,1.5707963267948966,0.125,24,314159,0,numpy_PCG64_SeedSequence,768,32.0,16.0,32,494209,0.0040002271345476285,0.0040002261993085705,0.00400022619930857,0.2560145366110482,0.2560144767557485,0.25601447675574845,2887.8462397432722,,0.0039841443599772566,0.0039841443599772566,0.001995107333132339,0.0019890370268449177,6.070306287420909e-06,0.0015236160487557136,1.0,0.0,3.141305048427004,0.9959795346540514,0.9959797675106239,0.9959797675106241,0.9959795346540514,0.9959797675106239,0.003947599635511019,0.0039000459581747865,0.9868438722936265,0.9749561279889245,0.0039841443599772566,0.9959795346540514,0.9959797675106239,0.0039841443599772566,0.0,0.003994261537122958,0.00253936008125948,0.003986167795406397,0.0005078720162518524,detector_shift_fd
32,0.5,0.5,0.3183098861837907,1.5707963267948966,0.125,24,271828,0,numpy_PCG64_SeedSequence,768,32.0,16.0,32,494209,0.0040002271345476285,0.0040002261993085705,0.00400022619930857,0.2560145366110482,0.2560144767557485,0.25601447675574845,2887.8462397432722,,0.004046870858280606,0.004046870858280606,0.002015341687423742,0.002031529170856864,-1.6187483433122424e-05,0.004,1.0,0.0,3.141003057609572,1.0116602688207732,1.0116605053434473,1.0116605053434475,1.0116602688207732,1.0116605053434473,0.0039522907078045596,0.0039049623710305293,0.9880165737767563,0.9761851614138725,0.004046870858280606,1.0116602688207732,1.0116605053434473,0.004054964599997167,0.0020000000000000096,0.004050917729138887,0.001000000000000112,0.004040800551993185,0.0014999999999998463,detector_shift_fd
32,0.75,0.75,0.477464829275686,1.5707963267948966,0.125,24,42,0,numpy_PCG64_SeedSequence,768,32.0,16.0,32,494209,0.005151385944777189,0.005151380414034681,0.005151380414034684,0.3296887004657401,0.3296883464982196,0.32968834649821976,4345.034731741177,,0.005115244764866686,0.005115244764866686,0.002557622382433343,0.002557622382433343,0.0,0.0,1.0,0.0,3.1414424566348487,0.9929841832279824,0.9929852493383045,0.992985249338304,0.9929841832279824,0.9929852493383045,0.005092014097609534,0.005004840507720365,0.9884745876538623,0.971552231064069,0.005115244764866686,0.9929841832279824,0.9929852493383045,0.005101080716862704,0.002768987341772207,0.005109174458579265,0.0011867088607595414,0.005095010410575283,0.003955696202531748,detector_shift_fd
32,0.75,0.75,0.477464829275686,1.5707963267948966,0.125,24,7,0,numpy_PCG64_SeedSequence,768,32.0,16.0,32,494209,0.005151385944777189,0.005151380414034681,0.005151380414034684,0.3296887004657401,0.3296883464982196,0.32968834649821976,4345.034731741177,,0.00507275262085474,0.00507275262085474,0.0025313177218545192,0.0025414348990002206,-1.0117177145701514e-05,0.001994415636218588,1.0,0.0,3.141463443747912,0.9847355013261677,0.9847365585803518,0.9847365585803514,0.9847355013261677,0.9847365585803518,0.005116532024333552,0.005028674799910169,0.9932340692743135,0.9761790038287788,0.005070729185425599,0.9843427069498908,0.9843437637823539,0.005084893233429581,0.002393298763462231,0.00507275262085474,0.0,0.005090963539717002,0.003589948145193432,detector_shift_fd
32,0.75,0.75,0.477464829275686,1.5707963267948966,0.125,24,123,0,numpy_PCG64_SeedSequence,768,32.0,16.0,32,494209,0.005151385944777189,0.005151380414034681,0.005151380414034684,0.3296887004657401,0.3296883464982196,0.32968834649821976,4345.034731741177,,0.005070729185425599,0.005070729185425599,0.00253738802814194,0.0025333411572836593,4.046870858280606e-06,0.0007980845969672786,1.0,0.0,3.141564968529205,0.9843427069498908,0.9843437637823539,0.9843437637823534,0.9843427069498908,0.9843437637823539,0.005162874521666411,0.005072251600694069,1.0022301914499088,0.984638242032059,0.005070729185425599,0.9843427069498908,0.9843437637823539,0.00507679949171302,0.0011971268954509662,0.00507679949171302,0.0011971268954509662,0.005070729185425599,0.0,detector_shift_fd
32,0.75,0.75,0.477464829275686,1.5707963267948966,0.125,24,2023,0,numpy_PCG64_SeedSequence,768,32.0,16.0,32,494209,0.005151385944777189,0.005151380414034681,0.005151380414034684,0.3296887004657401,0.3296883464982196,0.32968834649821976,4345.034731741177,,0.005151666602591211,0.005151666602591211,0.0025657161241499043,0.002585950478441307,-2.023435429140303e-05,0.003927729772191673,1.0,0.0,3.140668675360101,1.0000544820009665,1.000055555702264,1.0000555557022635,1.0000544820009665,1.000055555702264,0.0051606100150327905,0.00507221460008361,1.0017905997249057,0.9846310593804666,0.005151666602591211,1.0000544820009665,1.000055555702264,0.005151666602591211,0.0,0.00514154942544551,0.0019638648860958036,0.0051536900380203515,0.00039277297721912707,detector_shift_fd
32,0.75,0.75,0.477464829275686,1.5707963267948966,0.125,24,314159,0,numpy_PCG64_SeedSequence,768,32.0,16.0,32,494209,0.005151385944777189,0.005151380414034681,0.005151380414034684,0.3296887004657401,0.3296883464982196,0.32968834649821976,4345.034731741177,,0.004991815203689127,0.004991815203689127,0.002490849013271713,0.0025009661904174143,-1.0117177145701514e-05,0.002026753141467369,1.0,0.0,3.1414507243483683,0.969023726275092,0.9690247666604419,0.9690247666604414,0.969023726275092,0.9690247666604419,0.005071694806827433,0.004981830374173437,0.9845301558058269,0.9670854460486193,0.004991815203689127,0.969023726275092,0.9690247666604419,0.00500597925169311,0.0028374543980543734,0.004995862074547408,0.0008107012565870383,0.005020143299697092,0.005674908796108747,detector_shift_fd
32,0.75,0.75,0.477464829275686,1.5707963267948966,0.125,24,271828,0,numpy_PCG64_SeedSequence,768,32.0,16.0,32,494209,0.005151385944777189,0.005151380414034681,0.005151380414034684,0.3296887004657401,0.3296883464982196,0.32968834649821976,4345.034731741177,,0.005155713473449492,0.005155713473449492,0.002577856736724746,0.002577856736724746,0.0,0.0,1.0,0.0,3.1414923008634297,1.0008400707535203,1.0008411452982595,1.000841145298259,1.0008400707535203,1.0008411452982595,0.00516666516211438,0.00507712809999291,1.0029660401105613,0.9855848803447611,0.005155713473449492,1.0008400707535203,1.0008411452982595,0.005171900956882614,0.0031397174254315574,0.0051860650048865965,0.005886970172684359,0.005163807215166053,0.0015698587127156946,detector_shift_fd
