p_pixels_per_wavelength,sigma_exp_rad_per_pixel_at_P4,sigma_physical,sigma_over_k0,kappa0_physical,dx_physical,physical_box_wavelengths,seed,realization,rng_route,control_family,master_p,master_n,master_spectral_prediction_discrete_cell,master_spectral_prediction_cont_full_physical,master_winding_density,master_ratio_to_cont_full,n,margin_pixels,nyquist_over_k0,alias_power_fraction_master_above_coarse_nyquist,spectral_prediction_discrete_cell,spectral_prediction_cont_full_cell,spectral_prediction_cont_trunc_cell,winding_density,winding_abs_density,ratio_discrete,ratio_cont_full,ratio_cont_trunc,ratio_to_master_d1
4,0.1,0.1,0.06366197723675814,1.5707963267948966,1.0,24,42,0,numpy_PCG64_SeedSequence,fixed_continuous_field_nested,32,768,0.003105263515558446,0.19873686499574048,0.0030756218522932604,0.990454380725929,96,4,2.0,2.3152650353682844e-55,0.19873686499574053,0.19873686499574048,0.1987368649957405,0.19751618443651736,0.19751618443651736,0.9938578050969591,0.9938578050969593,0.9938578050969592,1.0034362252691902
8,0.1,0.1,0.06366197723675814,1.5707963267948966,0.5,24,42,0,numpy_PCG64_SeedSequence,fixed_continuous_field_nested,32,768,0.003105263515558446,0.19873686499574048,0.0030756218522932604,0.990454380725929,192,8,4.0,0.0,0.04968421624893513,0.04968421624893512,0.049684216248935126,0.049077551020408165,0.049077551020408165,0.9877895783746016,0.9877895783746019,0.9877895783746018,0.9973095153061226
16,0.1,0.1,0.06366197723675814,1.5707963267948966,0.25,24,42,0,numpy_PCG64_SeedSequence,fixed_continuous_field_nested,32,768,0.003105263515558446,0.19873686499574048,0.0030756218522932604,0.990454380725929,384,16,8.0,0.0,0.012421054062233783,0.01242105406223378,0.012421054062233781,0.012288861291710295,0.012288861291710295,0.9893573629209601,0.9893573629209603,0.9893573629209602,0.998892409558364
32,0.1,0.1,0.06366197723675814,1.5707963267948966,0.125,24,42,0,numpy_PCG64_SeedSequence,fixed_continuous_field_nested,32,768,0.003105263515558446,0.19873686499574048,0.0030756218522932604,0.990454380725929,768,32,16.0,0.0,0.003105263515558446,0.003105263515558445,0.0031052635155584454,0.0030756218522932604,0.0030756218522932604,0.9904543807259286,0.990454380725929,0.9904543807259287,1.0
4,0.1,0.1,0.06366197723675814,1.5707963267948966,1.0,24,7,0,numpy_PCG64_SeedSequence,fixed_continuous_field_nested,32,768,0.003105263515558446,0.19873686499574048,0.003091809335726383,0.9956672985192233,96,4,2.0,2.3152650353682844e-55,0.19873686499574053,0.19873686499574048,0.1987368649957405,0.20002642356982428,0.20002642356982428,1.0064887738573887,1.0064887738573889,1.0064887738573889,1.0108685655883844
8,0.1,0.1,0.06366197723675814,1.5707963267948966,0.5,24,7,0,numpy_PCG64_SeedSequence,fixed_continuous_field_nested,32,768,0.003105263515558446,0.19873686499574048,0.003091809335726383,0.9956672985192233,192,8,4.0,0.0,0.04968421624893513,0.04968421624893512,0.049684216248935126,0.04969795918367347,0.04969795918367347,1.0002766056461367,1.0002766056461372,1.000276605646137,1.0046293647825624
16,0.1,0.1,0.06366197723675814,1.5707963267948966,0.25,24,7,0,numpy_PCG64_SeedSequence,fixed_continuous_field_nested,32,768,0.003105263515558446,0.19873686499574048,0.003091809335726383,0.9956672985192233,384,16,8.0,0.0,0.012421054062233783,0.01242105406223378,0.012421054062233781,0.012418730367448316,0.012418730367448316,0.9998129228989887,0.9998129228989889,0.9998129228989888,1.0041636642942187
32,0.1,0.1,0.06366197723675814,1.5707963267948966,0.125,24,7,0,numpy_PCG64_SeedSequence,fixed_continuous_field_nested,32,768,0.003105263515558446,0.19873686499574048,0.003091809335726383,0.9956672985192233,768,32,16.0,0.0,0.003105263515558446,0.003105263515558445,0.0031052635155584454,0.003091809335726383,0.003091809335726383,0.995667298519223,0.9956672985192233,0.9956672985192232,1.0
4,0.1,0.1,0.06366197723675814,1.5707963267948966,1.0,24,123,0,numpy_PCG64_SeedSequence,fixed_continuous_field_nested,32,768,0.003105263515558446,0.19873686499574048,0.003114067125446926,1.002835060485003,96,4,2.0,2.3152650353682844e-55,0.19873686499574053,0.19873686499574048,0.1987368649957405,0.2008191306645528,0.2008191306645528,1.0104775008343665,1.0104775008343667,1.0104775008343667,1.007620834821698
8,0.1,0.1,0.06366197723675814,1.5707963267948966,0.5,24,123,0,numpy_PCG64_SeedSequence,fixed_continuous_field_nested,32,768,0.003105263515558446,0.19873686499574048,0.003114067125446926,1.002835060485003,192,8,4.0,0.0,0.04968421624893513,0.04968421624893512,0.049684216248935126,0.04969795918367347,0.04969795918367347,1.0002766056461367,1.0002766056461372,1.000276605646137,0.9974487780297305
16,0.1,0.1,0.06366197723675814,1.5707963267948966,0.25,24,123,0,numpy_PCG64_SeedSequence,fixed_continuous_field_nested,32,768,0.003105263515558446,0.19873686499574048,0.003114067125446926,1.002835060485003,384,16,8.0,0.0,0.012421054062233783,0.01242105406223378,0.012421054062233781,0.012443080819149195,0.012443080819149195,1.001773340394869,1.0017733403948694,1.0017733403948692,0.9989412814410177
32,0.1,0.1,0.06366197723675814,1.5707963267948966,0.125,24,123,0,numpy_PCG64_SeedSequence,fixed_continuous_field_nested,32,768,0.003105263515558446,0.19873686499574048,0.003114067125446926,1.002835060485003,768,32,16.0,0.0,0.003105263515558446,0.003105263515558445,0.0031052635155584454,0.003114067125446926,0.003114067125446926,1.0028350604850027,1.002835060485003,1.002835060485003,1.0
4,0.1,0.1,0.06366197723675814,1.5707963267948966,1.0,24,2023,0,numpy_PCG64_SeedSequence,fixed_continuous_field_nested,32,768,0.003105263515558446,0.19873686499574048,0.003065504675147559,0.98719630710512,96,4,2.0,2.3152650353682844e-55,0.19873686499574053,0.19873686499574048,0.1987368649957405,0.20147971991015987,0.20147971991015987,1.013801439981848,1.0138014399818482,1.013801439981848,1.026950194895629
8,0.1,0.1,0.06366197723675814,1.5707963267948966,0.5,24,2023,0,numpy_PCG64_SeedSequence,fixed_continuous_field_nested,32,768,0.003105263515558446,0.19873686499574048,0.003065504675147559,0.98719630710512,192,8,4.0,0.0,0.04968421624893513,0.04968421624893512,0.049684216248935126,0.0492734693877551,0.0492734693877551,0.99173285014456,0.9917328501445603,0.9917328501445601,1.0045953808850272
16,0.1,0.1,0.06366197723675814,1.5707963267948966,0.25,24,2023,0,numpy_PCG64_SeedSequence,fixed_continuous_field_nested,32,768,0.003105263515558446,0.19873686499574048,0.003065504675147559,0.98719630710512,384,16,8.0,0.0,0.012421054062233783,0.01242105406223378,0.012421054062233781,0.012305094926177547,0.012305094926177547,0.9906643079182136,0.9906643079182139,0.9906643079182138,1.003512979929254
32,0.1,0.1,0.06366197723675814,1.5707963267948966,0.125,24,2023,0,numpy_PCG64_SeedSequence,fixed_continuous_field_nested,32,768,0.003105263515558446,0.19873686499574048,0.003065504675147559,0.98719630710512,768,32,16.0,0.0,0.003105263515558446,0.003105263515558445,0.0031052635155584454,0.003065504675147559,0.003065504675147559,0.9871963071051197,0.98719630710512,0.9871963071051199,1.0
4,0.1,0.1,0.06366197723675814,1.5707963267948966,1.0,24,314159,0,numpy_PCG64_SeedSequence,fixed_continuous_field_nested,32,768,0.003105263515558446,0.19873686499574048,0.0030816921585806816,0.9924092248984143,96,4,2.0,2.3152650353682844e-55,0.19873686499574053,0.19873686499574048,0.1987368649957405,0.20372572334522393,0.20372572334522393,1.025102833083285,1.0251028330832852,1.025102833083285,1.0329436762220923
8,0.1,0.1,0.06366197723675814,1.5707963267948966,0.5,24,314159,0,numpy_PCG64_SeedSequence,fixed_continuous_field_nested,32,768,0.003105263515558446,0.19873686499574048,0.0030816921585806816,0.9924092248984143,192,8,4.0,0.0,0.04968421624893513,0.04968421624893512,0.049684216248935126,0.050057142857142856,0.050057142857142856,1.007505937224394,1.0075059372243942,1.0075059372243942,1.0152121845980677
16,0.1,0.1,0.06366197723675814,1.5707963267948966,0.25,24,314159,0,numpy_PCG64_SeedSequence,fixed_continuous_field_nested,32,768,0.003105263515558446,0.19873686499574048,0.0030816921585806816,0.9924092248984143,384,16,8.0,0.0,0.012421054062233783,0.01242105406223378,0.012421054062233781,0.012313211743411174,0.012313211743411174,0.9913177804168405,0.9913177804168407,0.9913177804168406,0.9989002072389187
32,0.1,0.1,0.06366197723675814,1.5707963267948966,0.125,24,314159,0,numpy_PCG64_SeedSequence,fixed_continuous_field_nested,32,768,0.003105263515558446,0.19873686499574048,0.0030816921585806816,0.9924092248984143,768,32,16.0,0.0,0.003105263515558446,0.003105263515558445,0.0031052635155584454,0.0030816921585806816,0.0030816921585806816,0.9924092248984141,0.9924092248984143,0.9924092248984142,1.0
4,0.1,0.1,0.06366197723675814,1.5707963267948966,1.0,24,271828,0,numpy_PCG64_SeedSequence,fixed_continuous_field_nested,32,768,0.003105263515558446,0.19873686499574048,0.0031403717860257504,1.0113060518991064,96,4,2.0,2.3152650353682844e-55,0.19873686499574053,0.19873686499574048,0.1987368649957405,0.2042541947417096,0.2042541947417096,1.0277619844012702,1.0277619844012704,1.0277619844012702,1.0162719608680892
8,0.1,0.1,0.06366197723675814,1.5707963267948966,0.5,24,271828,0,numpy_PCG64_SeedSequence,fixed_continuous_field_nested,32,768,0.003105263515558446,0.19873686499574048,0.0031403717860257504,1.0113060518991064,192,8,4.0,0.0,0.04968421624893513,0.04968421624893512,0.049684216248935126,0.0508734693877551,0.0508734693877551,1.0239362362658877,1.0239362362658881,1.023936236265888,1.0124889832737218
16,0.1,0.1,0.06366197723675814,1.5707963267948966,0.25,24,271828,0,numpy_PCG64_SeedSequence,fixed_continuous_field_nested,32,768,0.003105263515558446,0.19873686499574048,0.0031403717860257504,1.0113060518991064,384,16,8.0,0.0,0.012421054062233783,0.01242105406223378,0.012421054062233781,0.012597300346588096,0.012597300346588096,1.014189317868778,1.0141893178687784,1.0141893178687782,1.0028510320533113
32,0.1,0.1,0.06366197723675814,1.5707963267948966,0.125,24,271828,0,numpy_PCG64_SeedSequence,fixed_continuous_field_nested,32,768,0.003105263515558446,0.19873686499574048,0.0031403717860257504,1.0113060518991064,768,32,16.0,0.0,0.003105263515558446,0.003105263515558445,0.0031052635155584454,0.0031403717860257504,0.0031403717860257504,1.0113060518991062,1.0113060518991064,1.0113060518991064,1.0
4,0.25,0.25,0.15915494309189535,1.5707963267948966,1.0,24,42,0,numpy_PCG64_SeedSequence,fixed_continuous_field_nested,32,768,0.003301098699430037,0.21127031676338245,0.0031970279780416788,0.9684739140322555,96,4,2.0,3.852229833623833e-10,0.21127031676352237,0.21127031676338245,0.21127031656411124,0.20306513409961685,0.20306513409961685,0.9611626337783661,0.9611626337790027,0.961162634685576,0.9924507205126339
8,0.25,0.25,0.15915494309189535,1.5707963267948966,0.5,24,42,0,numpy_PCG64_SeedSequence,fixed_continuous_field_nested,32,768,0.003301098699430037,0.21127031676338245,0.0031970279780416788,0.9684739140322555,192,8,4.0,7.503132402401146e-79,0.05281757919088059,0.052817579190845614,0.0528175791908456,0.0512,0.0512,0.9693742269967595,0.9693742269974014,0.9693742269974017,1.0009296202531646
16,0.25,0.25,0.15915494309189535,1.5707963267948966,0.25,24,42,0,numpy_PCG64_SeedSequence,fixed_continuous_field_nested,32,768,0.003301098699430037,0.21127031676338245,0.0031970279780416788,0.9684739140322555,384,16,8.0,0.0,0.013204394797720148,0.013204394797711403,0.0132043947977114,0.012792103960195129,0.012792103960195129,0.968776241255964,0.9687762412566056,0.9687762412566058,1.0003121686810243
32,0.25,0.25,0.15915494309189535,1.5707963267948966,0.125,24,42,0,numpy_PCG64_SeedSequence,fixed_continuous_field_nested,32,768,0.003301098699430037,0.21127031676338245,0.0031970279780416788,0.9684739140322555,768,32,16.0,0.0,0.003301098699430037,0.003301098699427851,0.00330109869942785,0.0031970279780416788,0.0031970279780416788,0.9684739140316141,0.9684739140322555,0.9684739140322557,1.0
4,0.25,0.25,0.15915494309189535,1.5707963267948966,1.0,24,7,0,numpy_PCG64_SeedSequence,fixed_continuous_field_nested,32,768,0.003301098699430037,0.21127031676338245,0.003379137166664306,1.0236401496416878,96,4,2.0,3.852229833623833e-10,0.21127031676352237,0.21127031676338245,0.21127031656411124,0.21033161580129475,0.21033161580129475,0.9955568724626929,0.9955568724633521,0.9955568734023663,0.9725652836222125
8,0.25,0.25,0.15915494309189535,1.5707963267948966,0.5,24,7,0,numpy_PCG64_SeedSequence,fixed_continuous_field_nested,32,768,0.003301098699430037,0.21127031676338245,0.003379137166664306,1.0236401496416878,192,8,4.0,7.503132402401146e-79,0.05281757919088059,0.052817579190845614,0.0528175791908456,0.05410612244897959,0.05410612244897959,1.0243961059525704,1.0243961059532487,1.024396105953249,1.0007384981058292
16,0.25,0.25,0.15915494309189535,1.5707963267948966,0.25,24,7,0,numpy_PCG64_SeedSequence,fixed_continuous_field_nested,32,768,0.003301098699430037,0.21127031676338245,0.003379137166664306,1.0236401496416878,384,16,8.0,0.0,0.013204394797720148,0.013204394797711403,0.0132043947977114,0.013571318414623258,0.013571318414623258,1.0277879919923678,1.0277879919930484,1.0277879919930486,1.004052051253375
32,0.25,0.25,0.15915494309189535,1.5707963267948966,0.125,24,7,0,numpy_PCG64_SeedSequence,fixed_continuous_field_nested,32,768,0.003301098699430037,0.21127031676338245,0.003379137166664306,1.0236401496416878,768,32,16.0,0.0,0.003301098699430037,0.003301098699427851,0.00330109869942785,0.003379137166664306,0.003379137166664306,1.02364014964101,1.0236401496416878,1.023640149641688,1.0
4,0.25,0.25,0.15915494309189535,1.5707963267948966,1.0,24,123,0,numpy_PCG64_SeedSequence,fixed_continuous_field_nested,32,768,0.003301098699430037,0.21127031676338245,0.0032901060077821327,0.9966699900104098,96,4,2.0,3.852229833623833e-10,0.21127031676352237,0.21127031676338245,0.21127031656411124,0.21033161580129475,0.21033161580129475,0.9955568724626929,0.9955568724633521,0.9955568734023663,0.9988831633758272
8,0.25,0.25,0.15915494309189535,1.5707963267948966,0.5,24,123,0,numpy_PCG64_SeedSequence,fixed_continuous_field_nested,32,768,0.003301098699430037,0.21127031676338245,0.0032901060077821327,0.9966699900104098,192,8,4.0,7.503132402401146e-79,0.05281757919088059,0.052817579190845614,0.0528175791908456,0.05309387755102041,0.05309387755102041,1.0052311818218946,1.0052311818225603,1.0052311818225605,1.0085897959183674
16,0.25,0.25,0.15915494309189535,1.5707963267948966,0.25,24,123,0,numpy_PCG64_SeedSequence,fixed_continuous_field_nested,32,768,0.003301098699430037,0.21127031676338245,0.0032901060077821327,0.9966699900104098,384,16,8.0,0.0,0.013204394797720148,0.013204394797711403,0.0132043947977114,0.013181711187409193,0.013181711187409193,0.9982821166241658,0.9982821166248269,0.9982821166248271,1.0016175129486946
32,0.25,0.25,0.15915494309189535,1.5707963267948966,0.125,24,123,0,numpy_PCG64_SeedSequence,fixed_continuous_field_nested,32,768,0.003301098699430037,0.21127031676338245,0.0032901060077821327,0.9966699900104098,768,32,16.0,0.0,0.003301098699430037,0.003301098699427851,0.00330109869942785,0.0032901060077821327,0.0032901060077821327,0.9966699900097497,0.9966699900104098,0.99666999001041,1.0
4,0.25,0.25,0.15915494309189535,1.5707963267948966,1.0,24,2023,0,numpy_PCG64_SeedSequence,fixed_continuous_field_nested,32,768,0.003301098699430037,0.21127031676338245,0.0033892543438100073,1.0267049405088784,96,4,2.0,3.852229833623833e-10,0.21127031676352237,0.21127031676338245,0.21127031656411124,0.213898797727573,0.213898797727573,1.012441316907726,1.0124413169083966,1.0124413178633362,0.986107378042408
8,0.25,0.25,0.15915494309189535,1.5707963267948966,0.5,24,2023,0,numpy_PCG64_SeedSequence,fixed_continuous_field_nested,32,768,0.003301098699430037,0.21127031676338245,0.0033892543438100073,1.0267049405088784,192,8,4.0,7.503132402401146e-79,0.05281757919088059,0.052817579190845614,0.0528175791908456,0.05436734693877551,0.05436734693877551,1.0293418928250029,1.0293418928256846,1.0293418928256848,1.0025683643009444
16,0.25,0.25,0.15915494309189535,1.5707963267948966,0.25,24,2023,0,numpy_PCG64_SeedSequence,fixed_continuous_field_nested,32,768,0.003301098699430037,0.21127031676338245,0.0033892543438100073,1.0267049405088784,384,16,8.0,0.0,0.013204394797720148,0.013204394797711403,0.0132043947977114,0.013530734328455127,0.013530734328455127,1.0247144633081802,1.0247144633088587,1.024714463308859,0.9980612957808179
32,0.25,0.25,0.15915494309189535,1.5707963267948966,0.125,24,2023,0,numpy_PCG64_SeedSequence,fixed_continuous_field_nested,32,768,0.003301098699430037,0.21127031676338245,0.0033892543438100073,1.0267049405088784,768,32,16.0,0.0,0.003301098699430037,0.003301098699427851,0.00330109869942785,0.0033892543438100073,0.0033892543438100073,1.0267049405081985,1.0267049405088784,1.0267049405088786,1.0
4,0.25,0.25,0.15915494309189535,1.5707963267948966,1.0,24,314159,0,numpy_PCG64_SeedSequence,fixed_continuous_field_nested,32,768,0.003301098699430037,0.21127031676338245,0.003312363797502676,1.0034125299182293,96,4,2.0,3.852229833623833e-10,0.21127031676352237,0.21127031676338245,0.21127031656411124,0.20861408376271634,0.20861408376271634,0.9874273251373065,0.9874273251379604,0.9874273260693068,0.9840691596889154
8,0.25,0.25,0.15915494309189535,1.5707963267948966,0.5,24,314159,0,numpy_PCG64_SeedSequence,fixed_continuous_field_nested,32,768,0.003301098699430037,0.21127031676338245,0.003312363797502676,1.0034125299182293,192,8,4.0,7.503132402401146e-79,0.05281757919088059,0.052817579190845614,0.0528175791908456,0.05244081632653061,0.05244081632653061,0.9928667146408134,0.992866714641471,0.9928667146414712,0.9894900502412327
16,0.25,0.25,0.15915494309189535,1.5707963267948966,0.25,24,314159,0,numpy_PCG64_SeedSequence,fixed_continuous_field_nested,32,768,0.003301098699430037,0.21127031676338245,0.003312363797502676,1.0034125299182293,384,16,8.0,0.0,0.013204394797720148,0.013204394797711403,0.0132043947977114,0.013214178456343699,0.013214178456343699,1.000740939571516,1.0007409395721787,1.000740939572179,0.9973374955301104
32,0.25,0.25,0.15915494309189535,1.5707963267948966,0.125,24,314159,0,numpy_PCG64_SeedSequence,fixed_continuous_field_nested,32,768,0.003301098699430037,0.21127031676338245,0.003312363797502676,1.0034125299182293,768,32,16.0,0.0,0.003301098699430037,0.003301098699427851,0.00330109869942785,0.003312363797502676,0.003312363797502676,1.0034125299175647,1.0034125299182293,1.0034125299182295,1.0
4,0.25,0.25,0.15915494309189535,1.5707963267948966,1.0,24,271828,0,numpy_PCG64_SeedSequence,fixed_continuous_field_nested,32,768,0.003301098699430037,0.21127031676338245,0.003284035701494712,0.9948311154900954,96,4,2.0,3.852229833623833e-10,0.21127031676352237,0.21127031676338245,0.21127031656411124,0.21191702999075174,0.21191702999075174,1.0030610699938185,1.0030610699944829,1.003061070940575,1.0082727152139115
8,0.25,0.25,0.15915494309189535,1.5707963267948966,0.5,24,271828,0,numpy_PCG64_SeedSequence,fixed_continuous_field_nested,32,768,0.003301098699430037,0.21127031676338245,0.003284035701494712,0.9948311154900954,192,8,4.0,7.503132402401146e-79,0.05281757919088059,0.052817579190845614,0.0528175791908456,0.052408163265306125,0.052408163265306125,0.9922484912817595,0.9922484912824167,0.9922484912824169,0.9974039571466294
16,0.25,0.25,0.15915494309189535,1.5707963267948966,0.25,24,271828,0,numpy_PCG64_SeedSequence,fixed_continuous_field_nested,32,768,0.003301098699430037,0.21127031676338245,0.003284035701494712,0.9948311154900954,384,16,8.0,0.0,0.013204394797720148,0.013204394797711403,0.0132043947977114,0.013133010284007434,0.013133010284007434,0.9945938822031405,0.9945938822037992,0.9945938822037994,0.9997615341110644
32,0.25,0.25,0.15915494309189535,1.5707963267948966,0.125,24,271828,0,numpy_PCG64_SeedSequence,fixed_continuous_field_nested,32,768,0.003301098699430037,0.21127031676338245,0.003284035701494712,0.9948311154900954,768,32,16.0,0.0,0.003301098699430037,0.003301098699427851,0.00330109869942785,0.003284035701494712,0.003284035701494712,0.9948311154894366,0.9948311154900954,0.9948311154900956,1.0
4,0.5,0.5,0.3183098861837907,1.5707963267948966,1.0,24,42,0,numpy_PCG64_SeedSequence,fixed_continuous_field_nested,32,768,0.0040002271345476285,0.2560144767557485,0.0038971366365242233,0.9742290666457397,96,4,2.0,0.001817410833833551,0.2560145366110482,0.2560144767557485,0.2549549036834244,0.23662306777645659,0.23662306777645659,0.9242563758633274,0.9242565919512733,0.928097731629707,0.9487056212903592
8,0.5,0.5,0.3183098861837907,1.5707963267948966,0.5,24,42,0,numpy_PCG64_SeedSequence,fixed_continuous_field_nested,32,768,0.0040002271345476285,0.2560144767557485,0.0038971366365242233,0.9742290666457397,192,8,4.0,9.337814591455943e-21,0.06400363415276206,0.06400361918893713,0.06400361918893711,0.061355102040816324,0.061355102040816324,0.9586190355125103,0.9586192596343271,0.9586192596343274,0.9839772723419586
16,0.5,0.5,0.3183098861837907,1.5707963267948966,0.25,24,42,0,numpy_PCG64_SeedSequence,fixed_continuous_field_nested,32,768,0.0040002271345476285,0.2560144767557485,0.0038971366365242233,0.9742290666457397,384,16,8.0,1.520201232083801e-106,0.016000908538190514,0.016000904797234282,0.01600090479723428,0.015584289088562592,0.015584289088562592,0.9739627628872731,0.9739629905964005,0.9739629905964007,0.9997268855360113
32,0.5,0.5,0.3183098861837907,1.5707963267948966,0.125,24,42,0,numpy_PCG64_SeedSequence,fixed_continuous_field_nested,32,768,0.0040002271345476285,0.2560144767557485,0.0038971366365242233,0.9742290666457397,768,32,16.0,0.0,0.0040002271345476285,0.0040002261993085705,0.00400022619930857,0.0038971366365242233,0.0038971366365242233,0.9742288388744047,0.9742290666457397,0.9742290666457399,1.0
4,0.5,0.5,0.3183098861837907,1.5707963267948966,1.0,24,7,0,numpy_PCG64_SeedSequence,fixed_continuous_field_nested,32,768,0.0040002271345476285,0.2560144767557485,0.004067105212572009,1.0167188078701646,96,4,2.0,0.001817410833833551,0.2560145366110482,0.2560144767557485,0.2549549036834244,0.23556612498348528,0.23556612498348528,0.9201279275065958,0.9201281426293246,0.9239521247882566,0.9049976606184956
8,0.5,0.5,0.3183098861837907,1.5707963267948966,0.5,24,7,0,numpy_PCG64_SeedSequence,fixed_continuous_field_nested,32,768,0.0040002271345476285,0.2560144767557485,0.004067105212572009,1.0167188078701646,192,8,4.0,9.337814591455943e-21,0.06400363415276206,0.06400361918893713,0.06400361918893711,0.06396734693877551,0.06396734693877551,0.9994330444752568,0.999433278139248,0.9994332781392482,0.9829987115443192
16,0.5,0.5,0.3183098861837907,1.5707963267948966,0.25,24,7,0,numpy_PCG64_SeedSequence,fixed_continuous_field_nested,32,768,0.0040002271345476285,0.2560144767557485,0.004067105212572009,1.0167188078701646,384,16,8.0,1.520201232083801e-106,0.016000908538190514,0.016000904797234282,0.01600090479723428,0.016241751284486326,0.016241751284486326,1.0150518169465799,1.0150520542621861,1.0150520542621864,0.9983606542978485
32,0.5,0.5,0.3183098861837907,1.5707963267948966,0.125,24,7,0,numpy_PCG64_SeedSequence,fixed_continuous_field_nested,32,768,0.0040002271345476285,0.2560144767557485,0.004067105212572009,1.0167188078701646,768,32,16.0,0.0,0.0040002271345476285,0.0040002261993085705,0.00400022619930857,0.004067105212572009,0.004067105212572009,1.0167185701648773,1.0167188078701646,1.0167188078701648,1.0
4,0.5,0.5,0.3183098861837907,1.5707963267948966,1.0,24,123,0,numpy_PCG64_SeedSequence,fixed_continuous_field_nested,32,768,0.0040002271345476285,0.2560144767557485,0.0040064021496978,1.0015439002900128,96,4,2.0,0.001817410833833551,0.2560145366110482,0.2560144767557485,0.2549549036834244,0.23543400713436385,0.23543400713436385,0.9196118714620042,0.919612086464081,0.9234339239330753,0.9181944857312723
8,0.5,0.5,0.3183098861837907,1.5707963267948966,0.5,24,123,0,numpy_PCG64_SeedSequence,fixed_continuous_field_nested,32,768,0.0040002271345476285,0.2560144767557485,0.0040064021496978,1.0015439002900128,192,8,4.0,9.337814591455943e-21,0.06400363415276206,0.06400361918893713,0.06400361918893711,0.06354285714285714,0.06354285714285714,0.9928007680188105,0.9928010001321983,0.9928010001321985,0.991270577200577
16,0.5,0.5,0.3183098861837907,1.5707963267948966,0.25,24,123,0,numpy_PCG64_SeedSequence,fixed_continuous_field_nested,32,768,0.0040002271345476285,0.2560144767557485,0.0040064021496978,1.0015439002900128,384,16,8.0,1.520201232083801e-106,0.016000908538190514,0.016000904797234282,0.01600090479723428,0.015973896315776656,0.015973896315776656,0.9983118319594549,0.9983120653613105,0.9983120653613107,0.9967731470105637
32,0.5,0.5,0.3183098861837907,1.5707963267948966,0.125,24,123,0,numpy_PCG64_SeedSequence,fixed_continuous_field_nested,32,768,0.0040002271345476285,0.2560144767557485,0.0040064021496978,1.0015439002900128,768,32,16.0,0.0,0.0040002271345476285,0.0040002261993085705,0.00400022619930857,0.0040064021496978,0.0040064021496978,1.0015436661325658,1.0015439002900128,1.001543900290013,1.0
4,0.5,0.5,0.3183098861837907,1.5707963267948966,1.0,24,2023,0,numpy_PCG64_SeedSequence,fixed_continuous_field_nested,32,768,0.0040002271345476285,0.2560144767557485,0.0040488942937097466,1.012166335596119,96,4,2.0,0.001817410833833551,0.2560145366110482,0.2560144767557485,0.2549549036834244,0.2359624785308495,0.2359624785308495,0.92167609564037,0.9216763111250553,0.9255067273538005,0.9105976742273597
8,0.5,0.5,0.3183098861837907,1.5707963267948966,0.5,24,2023,0,numpy_PCG64_SeedSequence,fixed_continuous_field_nested,32,768,0.0040002271345476285,0.2560144767557485,0.0040488942937097466,1.012166335596119,192,8,4.0,9.337814591455943e-21,0.06400363415276206,0.06400361918893713,0.06400361918893711,0.06347755102040817,0.06347755102040817,0.991780417794742,0.9917806496695755,0.9917806496695757,0.9798593519566747
16,0.5,0.5,0.3183098861837907,1.5707963267948966,0.25,24,2023,0,numpy_PCG64_SeedSequence,fixed_continuous_field_nested,32,768,0.0040002271345476285,0.2560144767557485,0.0040488942937097466,1.012166335596119,384,16,8.0,1.520201232083801e-106,0.016000908538190514,0.016000904797234282,0.01600090479723428,0.01620928401555182,0.01620928401555182,1.0130227278572315,1.0130229646984437,1.0130229646984439,1.0008463323390617
32,0.5,0.5,0.3183098861837907,1.5707963267948966,0.125,24,2023,0,numpy_PCG64_SeedSequence,fixed_continuous_field_nested,32,768,0.0040002271345476285,0.2560144767557485,0.0040488942937097466,1.012166335596119,768,32,16.0,0.0,0.0040002271345476285,0.0040002261993085705,0.00400022619930857,0.0040488942937097466,0.0040488942937097466,1.012166098955184,1.012166335596119,1.0121663355961192,1.0
4,0.5,0.5,0.3183098861837907,1.5707963267948966,1.0,24,314159,0,numpy_PCG64_SeedSequence,fixed_continuous_field_nested,32,768,0.0040002271345476285,0.2560144767557485,0.004036753681134904,1.0091313540800886,96,4,2.0,0.001817410833833551,0.2560145366110482,0.2560144767557485,0.2549549036834244,0.23939754260800633,0.23939754260800633,0.9350935527997484,0.9350937714213887,0.9389799495885143,0.9266323632108412
8,0.5,0.5,0.3183098861837907,1.5707963267948966,0.5,24,314159,0,numpy_PCG64_SeedSequence,fixed_continuous_field_nested,32,768,0.0040002271345476285,0.2560144767557485,0.004036753681134904,1.0091313540800886,192,8,4.0,9.337814591455943e-21,0.06400363415276206,0.06400361918893713,0.06400361918893711,0.06403265306122449,0.06403265306122449,1.0004533946993255,1.000453628601871,1.0004536286018713,0.9914007968901848
16,0.5,0.5,0.3183098861837907,1.5707963267948966,0.25,24,314159,0,numpy_PCG64_SeedSequence,fixed_continuous_field_nested,32,768,0.0040002271345476285,0.2560144767557485,0.004036753681134904,1.0091313540800886,384,16,8.0,1.520201232083801e-106,0.016000908538190514,0.016000904797234282,0.01600090479723428,0.016095648574281054,0.016095648574281054,1.005920916044512,1.005921151225345,1.0059211512253452,0.9968188453943441
32,0.5,0.5,0.3183098861837907,1.5707963267948966,0.125,24,314159,0,numpy_PCG64_SeedSequence,fixed_continuous_field_nested,32,768,0.0040002271345476285,0.2560144767557485,0.004036753681134904,1.0091313540800886,768,32,16.0,0.0,0.0040002271345476285,0.0040002261993085705,0.00400022619930857,0.004036753681134904,0.004036753681134904,1.0091311181487215,1.0091313540800886,1.0091313540800888,1.0
4,0.5,0.5,0.3183098861837907,1.5707963267948966,1.0,24,271828,0,numpy_PCG64_SeedSequence,fixed_continuous_field_nested,32,768,0.0040002271345476285,0.2560144767557485,0.0038344101382208743,0.9585483288129164,96,4,2.0,0.001817410833833551,0.2560145366110482,0.2560144767557485,0.2549549036834244,0.2222222222222222,0.2222222222222222,0.8680062670028569,0.8680064699397217,0.8716138384149453,0.9055427294048666
8,0.5,0.5,0.3183098861837907,1.5707963267948966,0.5,24,271828,0,numpy_PCG64_SeedSequence,fixed_continuous_field_nested,32,768,0.0040002271345476285,0.2560144767557485,0.0038344101382208743,0.9585483288129164,192,8,4.0,9.337814591455943e-21,0.06400363415276206,0.06400361918893713,0.06400361918893711,0.0604734693877551,0.0604734693877551,0.9448443074875833,0.9448445283889164,0.9448445283889166,0.9857035894674492
16,0.5,0.5,0.3183098861837907,1.5707963267948966,0.25,24,271828,0,numpy_PCG64_SeedSequence,fixed_continuous_field_nested,32,768,0.0040002271345476285,0.2560144767557485,0.0038344101382208743,0.9585483288129164,384,16,8.0,1.520201232083801e-106,0.016000908538190514,0.016000904797234282,0.01600090479723428,0.015292083668152044,0.015292083668152044,0.9557009610831368,0.955701184522718,0.9557011845227182,0.997029733186511
32,0.5,0.5,0.3183098861837907,1.5707963267948966,0.125,24,271828,0,numpy_PCG64_SeedSequence,fixed_continuous_field_nested,32,768,0.0040002271345476285,0.2560144767557485,0.0038344101382208743,0.9585483288129164,768,32,16.0,0.0,0.0040002271345476285,0.0040002261993085705,0.00400022619930857,0.0038344101382208743,0.0038344101382208743,0.9585481047076828,0.9585483288129164,0.9585483288129165,1.0
4,0.75,0.75,0.477464829275686,1.5707963267948966,1.0,24,42,0,numpy_PCG64_SeedSequence,fixed_continuous_field_nested,32,768,0.005151385944777189,0.3296883464982196,0.00514357286087465,0.9984843765102729,96,4,2.0,0.03989213175233992,0.3296887004657401,0.3296883464982196,0.30466230730441946,0.27110582639714625,0.27110582639714625,0.8223085171380281,0.8223094000036495,0.8898568017679211,0.823557603252282
8,0.75,0.75,0.477464829275686,1.5707963267948966,0.5,24,42,0,numpy_PCG64_SeedSequence,fixed_continuous_field_nested,32,768,0.005151385944777189,0.3296883464982196,0.00514357286087465,0.9984843765102729,192,8,4.0,6.956338505245395e-10,0.08242217511643503,0.0824220866245549,0.08242208613135431,0.07983673469387755,0.07983673469387755,0.9686317375280971,0.968632777492591,0.9686327832887347,0.9701030885210102
16,0.75,0.75,0.477464829275686,1.5707963267948966,0.25,24,42,0,numpy_PCG64_SeedSequence,fixed_continuous_field_nested,32,768,0.005151385944777189,0.3296883464982196,0.00514357286087465,0.9984843765102729,384,16,8.0,4.7654029809232766e-48,0.020605543779108757,0.020605521656138725,0.020605521656138735,0.020365094439168514,0.020365094439168514,0.9883308422957502,0.9883319034100463,0.9883319034100457,0.9898321162162699
32,0.75,0.75,0.477464829275686,1.5707963267948966,0.125,24,42,0,numpy_PCG64_SeedSequence,fixed_continuous_field_nested,32,768,0.005151385944777189,0.3296883464982196,0.00514357286087465,0.9984843765102729,768,32,16.0,9.801119993650984e-216,0.005151385944777189,0.005151380414034681,0.005151380414034684,0.00514357286087465,0.00514357286087465,0.9984833044958589,0.9984843765102729,0.9984843765102724,1.0
4,0.75,0.75,0.477464829275686,1.5707963267948966,1.0,24,7,0,numpy_PCG64_SeedSequence,fixed_continuous_field_nested,32,768,0.005151385944777189,0.3296883464982196,0.005362103887221803,1.0409062146940296,96,4,2.0,0.03989213175233992,0.3296887004657401,0.3296883464982196,0.30466230730441946,0.2753335975690316,0.2753335975690316,0.8351320417717595,0.8351329384052659,0.9037337109572845,0.8023133367983108
8,0.75,0.75,0.477464829275686,1.5707963267948966,0.5,24,7,0,numpy_PCG64_SeedSequence,fixed_continuous_field_nested,32,768,0.005151385944777189,0.3296883464982196,0.005362103887221803,1.0409062146940296,192,8,4.0,6.956338505245395e-10,0.08242217511643503,0.0824220866245549,0.08242208613135431,0.08186122448979592,0.08186122448979592,0.9931941783161307,0.9931952446519124,0.993195250595034,0.9541640069310744
16,0.75,0.75,0.477464829275686,1.5707963267948966,0.25,24,7,0,numpy_PCG64_SeedSequence,fixed_continuous_field_nested,32,768,0.005151385944777189,0.3296883464982196,0.005362103887221803,1.0409062146940296,384,16,8.0,4.7654029809232766e-48,0.020605543779108757,0.020605521656138725,0.020605521656138735,0.021274177969334663,0.021274177969334663,1.03244923780676,1.032450346288454,1.0324503462884533,0.9918764358534825
32,0.75,0.75,0.477464829275686,1.5707963267948966,0.125,24,7,0,numpy_PCG64_SeedSequence,fixed_continuous_field_nested,32,768,0.005151385944777189,0.3296883464982196,0.005362103887221803,1.0409062146940296,768,32,16.0,9.801119993650984e-216,0.005151385944777189,0.005151380414034681,0.005151380414034684,0.005362103887221803,0.005362103887221803,1.0409050971337632,1.0409062146940296,1.040906214694029,1.0
4,0.75,0.75,0.477464829275686,1.5707963267948966,1.0,24,123,0,numpy_PCG64_SeedSequence,fixed_continuous_field_nested,32,768,0.005151385944777189,0.3296883464982196,0.005236650890615104,1.0165529372181692,96,4,2.0,0.03989213175233992,0.3296887004657401,0.3296883464982196,0.30466230730441946,0.27678689390936717,0.27678689390936717,0.8395401283646047,0.8395410297308216,0.9085038984911281,0.8258704480538449
8,0.75,0.75,0.477464829275686,1.5707963267948966,0.5,24,123,0,numpy_PCG64_SeedSequence,fixed_continuous_field_nested,32,768,0.005151385944777189,0.3296883464982196,0.005236650890615104,1.0165529372181692,192,8,4.0,6.956338505245395e-10,0.08242217511643503,0.0824220866245549,0.08242208613135431,0.0803265306122449,0.0803265306122449,0.974574263525202,0.9745753098698462,0.9745753157015492,0.958705911112513
16,0.75,0.75,0.477464829275686,1.5707963267948966,0.25,24,123,0,numpy_PCG64_SeedSequence,fixed_continuous_field_nested,32,768,0.005151385944777189,0.3296883464982196,0.005236650890615104,1.0165529372181692,384,16,8.0,4.7654029809232766e-48,0.020605543779108757,0.020605521656138725,0.020605521656138735,0.020754701666382578,0.020754701666382578,1.007238726086183,1.0072398075007925,1.0072398075007918,0.9908385196910034
32,0.75,0.75,0.477464829275686,1.5707963267948966,0.125,24,123,0,numpy_PCG64_SeedSequence,fixed_continuous_field_nested,32,768,0.005151385944777189,0.3296883464982196,0.005236650890615104,1.0165529372181692,768,32,16.0,9.801119993650984e-216,0.005151385944777189,0.005151380414034681,0.005151380414034684,0.005236650890615104,0.005236650890615104,1.016551845804596,1.0165529372181692,1.0165529372181688,1.0
4,0.75,0.75,0.477464829275686,1.5707963267948966,1.0,24,2023,0,numpy_PCG64_SeedSequence,fixed_continuous_field_nested,32,768,0.005151385944777189,0.3296883464982196,0.005048471395705056,0.9800230210043789,96,4,2.0,0.03989213175233992,0.3296887004657401,0.3296883464982196,0.30466230730441946,0.2638393446954684,0.2638393446954684,0.8002680841738022,0.8002689433758714,0.8660058640987031,0.8165817804521714
8,0.75,0.75,0.477464829275686,1.5707963267948966,0.5,24,2023,0,numpy_PCG64_SeedSequence,fixed_continuous_field_nested,32,768,0.005151385944777189,0.3296883464982196,0.005048471395705056,0.9800230210043789,192,8,4.0,6.956338505245395e-10,0.08242217511643503,0.0824220866245549,0.08242208613135431,0.0774204081632653,0.0774204081632653,0.9393152759423796,0.9393162844314655,0.9393162900521841,0.9584634894278352
16,0.75,0.75,0.477464829275686,1.5707963267948966,0.25,24,2023,0,numpy_PCG64_SeedSequence,fixed_continuous_field_nested,32,768,0.005151385944777189,0.3296883464982196,0.005048471395705056,0.9800230210043789,384,16,8.0,4.7654029809232766e-48,0.020605543779108757,0.020605521656138725,0.020605521656138735,0.02017029082556148,0.02017029082556148,0.9788769004005338,0.978877951364673,0.9788779513646726,0.9988315890390695
32,0.75,0.75,0.477464829275686,1.5707963267948966,0.125,24,2023,0,numpy_PCG64_SeedSequence,fixed_continuous_field_nested,32,768,0.005151385944777189,0.3296883464982196,0.005048471395705056,0.9800230210043789,768,32,16.0,9.801119993650984e-216,0.005151385944777189,0.005151380414034681,0.005151380414034684,0.005048471395705056,0.005048471395705056,0.980021968810845,0.9800230210043789,0.9800230210043783,1.0
4,0.75,0.75,0.477464829275686,1.5707963267948966,1.0,24,314159,0,numpy_PCG64_SeedSequence,fixed_continuous_field_nested,32,768,0.005151385944777189,0.3296883464982196,0.005228557148898543,1.0149817580261782,96,4,2.0,0.03989213175233992,0.3296887004657401,0.3296883464982196,0.30466230730441946,0.2715021799445105,0.2715021799445105,0.8235107225724403,0.823511606728801,0.8911577620044239,0.8113560664679069
8,0.75,0.75,0.477464829275686,1.5707963267948966,0.5,24,314159,0,numpy_PCG64_SeedSequence,fixed_continuous_field_nested,32,768,0.005151385944777189,0.3296883464982196,0.005228557148898543,1.0149817580261782,192,8,4.0,6.956338505245395e-10,0.08242217511643503,0.0824220866245549,0.08242208613135431,0.08101224489795919,0.08101224489795919,0.9828937999211489,0.9828948551980036,0.9828948610794892,0.9683867196878753
16,0.75,0.75,0.477464829275686,1.5707963267948966,0.25,24,314159,0,numpy_PCG64_SeedSequence,fixed_continuous_field_nested,32,768,0.005151385944777189,0.3296883464982196,0.005228557148898543,1.0149817580261782,384,16,8.0,4.7654029809232766e-48,0.020605543779108757,0.020605521656138725,0.020605521656138735,0.020787168935317082,0.020787168935317082,1.008814383068719,1.0088154661750213,1.0088154661750206,0.9939247264274497
32,0.75,0.75,0.477464829275686,1.5707963267948966,0.125,24,314159,0,numpy_PCG64_SeedSequence,fixed_continuous_field_nested,32,768,0.005151385944777189,0.3296883464982196,0.005228557148898543,1.0149817580261782,768,32,16.0,9.801119993650984e-216,0.005151385944777189,0.005151380414034681,0.005151380414034684,0.005228557148898543,0.005228557148898543,1.0149806682994884,1.0149817580261782,1.0149817580261777,1.0
4,0.75,0.75,0.477464829275686,1.5707963267948966,1.0,24,271828,0,numpy_PCG64_SeedSequence,fixed_continuous_field_nested,32,768,0.005151385944777189,0.3296883464982196,0.005254861809477367,1.020088090400149,96,4,2.0,0.03989213175233992,0.3296887004657401,0.3296883464982196,0.30466230730441946,0.2664817016778967,0.2664817016778967,0.8082827870698843,0.8082836548768816,0.8746789323420551,0.7923665245026211
8,0.75,0.75,0.477464829275686,1.5707963267948966,0.5,24,271828,0,numpy_PCG64_SeedSequence,fixed_continuous_field_nested,32,768,0.005151385944777189,0.3296883464982196,0.005254861809477367,1.020088090400149,192,8,4.0,6.956338505245395e-10,0.08242217511643503,0.0824220866245549,0.08242208613135431,0.07921632653061224,0.07921632653061224,0.9611045379317642,0.9611055698147344,0.9611055755658365,0.9421789930296338
16,0.75,0.75,0.477464829275686,1.5707963267948966,0.25,24,271828,0,numpy_PCG64_SeedSequence,fixed_continuous_field_nested,32,768,0.005151385944777189,0.3296883464982196,0.005254861809477367,1.020088090400149,384,16,8.0,4.7654029809232766e-48,0.020605543779108757,0.020605521656138725,0.020605521656138735,0.020779052118083455,0.020779052118083455,1.008420468823085,1.0084215515064638,1.0084215515064634,0.9885632044884393
32,0.75,0.75,0.477464829275686,1.5707963267948966,0.125,24,271828,0,numpy_PCG64_SeedSequence,fixed_continuous_field_nested,32,768,0.005151385944777189,0.3296883464982196,0.005254861809477367,1.020088090400149,768,32,16.0,9.801119993650984e-216,0.005151385944777189,0.005151380414034681,0.005151380414034684,0.005254861809477367,0.005254861809477367,1.020086995191088,1.020088090400149,1.0200880904001484,1.0
