p_pixels_per_wavelength,sigma_exp_rad_per_pixel_at_P4,sigma_physical,sigma_over_k0,kappa0_physical,dx_physical,physical_box_wavelengths,seed,realization,rng_route,control_family,n,margin_pixels_original,refinement_factor,refined_n,spectral_prediction_discrete_cell,winding_density_original,winding_density_refined_per_original_cell,ratio_original,ratio_refined,refinement_gain
4,0.1,0.1,0.06366197723675814,1.5707963267948966,1.0,24,42,0,numpy_PCG64_SeedSequence,fourier_bandlimited_interpolation,96,4,2,192,0.19873686499574048,0.19143876337693222,0.1922612244897959,0.9632775649401298,0.9674160075631496,1.0042962099125363
4,0.1,0.1,0.06366197723675814,1.5707963267948966,1.0,24,42,0,numpy_PCG64_SeedSequence,fourier_bandlimited_interpolation,96,4,4,384,0.19873686499574048,0.19143876337693222,0.19324518469817614,0.9632775649401298,0.9723670779566638,1.0094360269016531
4,0.1,0.1,0.06366197723675814,1.5707963267948966,1.0,24,7,0,numpy_PCG64_SeedSequence,fourier_bandlimited_interpolation,96,4,2,192,0.19873686499574048,0.20412207689258818,0.20310204081632652,1.0270971965717741,1.0219646003809086,0.9950028135526054
4,0.1,0.1,0.06366197723675814,1.5707963267948966,1.0,24,7,0,numpy_PCG64_SeedSequence,fourier_bandlimited_interpolation,96,4,4,384,0.19873686499574048,0.20412207689258818,0.20090746016671943,1.0270971965717741,1.0109219553756443,0.9842514990303556
4,0.1,0.1,0.06366197723675814,1.5707963267948966,1.0,24,123,0,numpy_PCG64_SeedSequence,fourier_bandlimited_interpolation,96,4,2,192,0.19873686499574048,0.20227242700488837,0.1984,1.017790166958826,0.9983049697611578,0.9808553886348791
4,0.1,0.1,0.06366197723675814,1.5707963267948966,1.0,24,123,0,numpy_PCG64_SeedSequence,fourier_bandlimited_interpolation,96,4,4,384,0.19873686499574048,0.20227242700488837,0.19740099512179285,1.017790166958826,0.9932781979127211,0.975916480781744
4,0.1,0.1,0.06366197723675814,1.5707963267948966,1.0,24,2023,0,numpy_PCG64_SeedSequence,fourier_bandlimited_interpolation,96,4,2,192,0.19873686499574048,0.19725194873827454,0.19918367346938776,0.9925282294379668,1.0022482415311162,1.0097931845209618
4,0.1,0.1,0.06366197723675814,1.5707963267948966,1.0,24,2023,0,numpy_PCG64_SeedSequence,fourier_bandlimited_interpolation,96,4,4,384,0.19873686499574048,0.19725194873827454,0.19908929310638712,0.9925282294379668,1.0017733403948694,1.0093147083203242
4,0.1,0.1,0.06366197723675814,1.5707963267948966,1.0,24,314159,0,numpy_PCG64_SeedSequence,fourier_bandlimited_interpolation,96,4,2,192,0.19873686499574048,0.2049147839873167,0.19787755102040816,1.031085923548752,0.9956761219145188,0.9656577586547191
4,0.1,0.1,0.06366197723675814,1.5707963267948966,1.0,24,314159,0,numpy_PCG64_SeedSequence,fourier_bandlimited_interpolation,96,4,4,384,0.19873686499574048,0.2049147839873167,0.19856981680343505,1.031085923548752,0.9991594504003622,0.9690360692361056
4,0.1,0.1,0.06366197723675814,1.5707963267948966,1.0,24,271828,0,numpy_PCG64_SeedSequence,fourier_bandlimited_interpolation,96,4,2,192,0.19873686499574048,0.19989430572070288,0.19800816326530613,1.0058239860278928,0.9963333338761786,0.9905643012261084
4,0.1,0.1,0.06366197723675814,1.5707963267948966,1.0,24,271828,0,numpy_PCG64_SeedSequence,fourier_bandlimited_interpolation,96,4,4,384,0.19873686499574048,0.19989430572070288,0.19610230436441262,1.0058239860278928,0.9867434729264531,0.9810299680992988
4,0.5,0.5,0.3183098861837907,1.5707963267948966,1.0,24,42,0,numpy_PCG64_SeedSequence,fourier_bandlimited_interpolation,96,4,2,192,0.2556383198212349,0.23622671422909236,0.24920816326530612,0.924066135289432,0.9748466639883046,1.054953348856321
4,0.5,0.5,0.3183098861837907,1.5707963267948966,1.0,24,42,0,numpy_PCG64_SeedSequence,fourier_bandlimited_interpolation,96,4,4,384,0.2556383198212349,0.23622671422909236,0.25285509046192806,0.924066135289432,0.9891126284930477,1.0703915993883297
4,0.5,0.5,0.3183098861837907,1.5707963267948966,1.0,24,7,0,numpy_PCG64_SeedSequence,fourier_bandlimited_interpolation,96,4,2,192,0.2556383198212349,0.23609459637997093,0.24933877551020409,0.9235493197775252,0.9753575899128267,1.056096917647865
4,0.5,0.5,0.3183098861837907,1.5707963267948966,1.0,24,7,0,numpy_PCG64_SeedSequence,fourier_bandlimited_interpolation,96,4,4,384,0.2556383198212349,0.23609459637997093,0.2501278398714296,0.9235493197775252,0.9784442334245558,1.059439071061472
4,0.5,0.5,0.3183098861837907,1.5707963267948966,1.0,24,123,0,numpy_PCG64_SeedSequence,fourier_bandlimited_interpolation,96,4,2,192,0.2556383198212349,0.23516977143612103,0.2507755102040816,0.9199316111941773,0.9809777750825706,1.0663594588397156
4,0.5,0.5,0.3183098861837907,1.5707963267948966,1.0,24,123,0,numpy_PCG64_SeedSequence,fourier_bandlimited_interpolation,96,4,4,384,0.2556383198212349,0.23516977143612103,0.2561018173553786,0.9199316111941773,1.0018130988126812,1.0890082334622813
4,0.5,0.5,0.3183098861837907,1.5707963267948966,1.0,24,2023,0,numpy_PCG64_SeedSequence,fourier_bandlimited_interpolation,96,4,2,192,0.2556383198212349,0.2260536398467433,0.24829387755102042,0.8842713408726052,0.9712701825166493,1.0983847803528193
4,0.5,0.5,0.3183098861837907,1.5707963267948966,1.0,24,2023,0,numpy_PCG64_SeedSequence,fourier_bandlimited_interpolation,96,4,4,384,0.2556383198212349,0.2260536398467433,0.24986810171995358,0.8842713408726052,0.9774281957989851,1.1053487211679303
4,0.5,0.5,0.3183098861837907,1.5707963267948966,1.0,24,314159,0,numpy_PCG64_SeedSequence,fourier_bandlimited_interpolation,96,4,2,192,0.2556383198212349,0.2400581318536134,0.25978775510204083,0.9390537851347304,1.0162316638746005,1.0821868565588042
4,0.5,0.5,0.3183098861837907,1.5707963267948966,1.0,24,314159,0,numpy_PCG64_SeedSequence,fourier_bandlimited_interpolation,96,4,4,384,0.2556383198212349,0.2400581318536134,0.2620757948393276,0.9390537851347304,1.0251819642008064,1.0917180468568357
4,0.5,0.5,0.3183098861837907,1.5707963267948966,1.0,24,271828,0,numpy_PCG64_SeedSequence,fourier_bandlimited_interpolation,96,4,2,192,0.2556383198212349,0.23120623596247852,0.25273469387755104,0.904427145836972,0.9886416639504032,1.0931136559766765
4,0.5,0.5,0.3183098861837907,1.5707963267948966,1.0,24,271828,0,numpy_PCG64_SeedSequence,fourier_bandlimited_interpolation,96,4,4,384,0.2556383198212349,0.23120623596247852,0.25636155550685463,0.904427145836972,1.0028291364382518,1.1088003506465045
4,0.75,0.75,0.477464829275686,1.5707963267948966,1.0,24,42,0,numpy_PCG64_SeedSequence,fourier_bandlimited_interpolation,96,4,2,192,0.31702778093217676,0.2561765094464262,0.2953142857142857,0.8080569743546584,0.9315091719910302,1.1527766006041404
4,0.75,0.75,0.477464829275686,1.5707963267948966,1.0,24,42,0,numpy_PCG64_SeedSequence,fourier_bandlimited_interpolation,96,4,4,384,0.31702778093217676,0.2561765094464262,0.3053221970600888,0.8080569743546584,0.9630771037236254,1.1918430683588508
4,0.75,0.75,0.477464829275686,1.5707963267948966,1.0,24,7,0,numpy_PCG64_SeedSequence,fourier_bandlimited_interpolation,96,4,2,192,0.31702778093217676,0.25723345223939753,0.29714285714285715,0.811390886574791,0.9372770306411295,1.1551485802333261
4,0.75,0.75,0.477464829275686,1.5707963267948966,1.0,24,7,0,numpy_PCG64_SeedSequence,fourier_bandlimited_interpolation,96,4,4,384,0.31702778093217676,0.25723345223939753,0.3058416733630409,0.811390886574791,0.9647156866308542,1.1889653958319757
4,0.75,0.75,0.477464829275686,1.5707963267948966,1.0,24,123,0,numpy_PCG64_SeedSequence,fourier_bandlimited_interpolation,96,4,2,192,0.31702778093217676,0.26516052318668254,0.3004081632653061,0.8363952282257863,0.9475767782305925,1.1329294408346298
4,0.75,0.75,0.477464829275686,1.5707963267948966,1.0,24,123,0,numpy_PCG64_SeedSequence,fourier_bandlimited_interpolation,96,4,4,384,0.31702778093217676,0.26516052318668254,0.3084390548778013,0.8363952282257863,0.9729086011669972,1.1632163459741296
4,0.75,0.75,0.477464829275686,1.5707963267948966,1.0,24,2023,0,numpy_PCG64_SeedSequence,fourier_bandlimited_interpolation,96,4,2,192,0.31702778093217676,0.25815827718324746,0.3049795918367347,0.8143080597674072,0.9619964248558406,1.1813666993921417
4,0.75,0.75,0.477464829275686,1.5707963267948966,1.0,24,2023,0,numpy_PCG64_SeedSequence,fourier_bandlimited_interpolation,96,4,4,384,0.31702778093217676,0.25815827718324746,0.3149325086647024,0.8143080597674072,0.993390887507355,1.219920244668952
4,0.75,0.75,0.477464829275686,1.5707963267948966,1.0,24,314159,0,numpy_PCG64_SeedSequence,fourier_bandlimited_interpolation,96,4,2,192,0.31702778093217676,0.25578015589906195,0.3001469387755102,0.8068067572721086,0.9467527984234354,1.1734567043346265
4,0.75,0.75,0.477464829275686,1.5707963267948966,1.0,24,314159,0,numpy_PCG64_SeedSequence,fourier_bandlimited_interpolation,96,4,4,384,0.31702778093217676,0.25578015589906195,0.30947800748370546,0.8068067572721086,0.9761857669814543,1.20993751996083
4,0.75,0.75,0.477464829275686,1.5707963267948966,1.0,24,271828,0,numpy_PCG64_SeedSequence,fourier_bandlimited_interpolation,96,4,2,192,0.31702778093217676,0.2666138195270181,0.30772244897959183,0.8409793575284686,0.9706482128309896,1.1541879169110656
4,0.75,0.75,0.477464829275686,1.5707963267948966,1.0,24,271828,0,numpy_PCG64_SeedSequence,fourier_bandlimited_interpolation,96,4,4,384,0.31702778093217676,0.2666138195270181,0.3175298901794628,0.8409793575284686,1.0015838020434982,1.1909731113817412
6,0.1,0.1,0.06366197723675814,1.5707963267948966,0.6666666666666666,24,42,0,numpy_PCG64_SeedSequence,fourier_bandlimited_interpolation,144,6,2,288,0.08832749555366244,0.08822329701066371,0.08743801413928205,0.9988203158897965,0.9899297335579951,0.9910989172022585
6,0.1,0.1,0.06366197723675814,1.5707963267948966,0.6666666666666666,24,42,0,numpy_PCG64_SeedSequence,fourier_bandlimited_interpolation,144,6,4,576,0.08832749555366244,0.08822329701066371,0.08733693636602588,0.9988203158897965,0.988785381251586,0.989953213327193
6,0.1,0.1,0.06366197723675814,1.5707963267948966,0.6666666666666666,24,7,0,numpy_PCG64_SeedSequence,fourier_bandlimited_interpolation,144,6,2,288,0.08832749555366244,0.08903910028553115,0.0884789428790354,1.008056435059187,1.0017146113384474,0.9937088604366011
6,0.1,0.1,0.06366197723675814,1.5707963267948966,0.6666666666666666,24,7,0,numpy_PCG64_SeedSequence,fourier_bandlimited_interpolation,144,6,4,576,0.08832749555366244,0.08903910028553115,0.08848913869275445,1.008056435059187,1.0018300432733747,0.9938233698340045
6,0.1,0.1,0.06366197723675814,1.5707963267948966,0.6666666666666666,24,123,0,numpy_PCG64_SeedSequence,fourier_bandlimited_interpolation,144,6,2,288,0.08832749555366244,0.08985490356039857,0.08963553036765025,1.0172925542285773,1.0148089199833943,0.9975585840721439
6,0.1,0.1,0.06366197723675814,1.5707963267948966,0.6666666666666666,24,123,0,numpy_PCG64_SeedSequence,fourier_bandlimited_interpolation,144,6,4,576,0.08832749555366244,0.08985490356039857,0.08964134101948303,1.0172925542285773,1.0148747052951634,0.997623251125388
6,0.1,0.1,0.06366197723675814,1.5707963267948966,0.6666666666666666,24,2023,0,numpy_PCG64_SeedSequence,fourier_bandlimited_interpolation,144,6,2,288,0.08832749555366244,0.09107860847269973,0.09096560597955732,1.0311467329826631,1.0298673749250835,0.9987592861261567
6,0.1,0.1,0.06366197723675814,1.5707963267948966,0.6666666666666666,24,2023,0,numpy_PCG64_SeedSequence,fourier_bandlimited_interpolation,144,6,4,576,0.08832749555366244,0.09107860847269973,0.09050549276452945,1.0311467329826631,1.024658201811505,0.9937074608650606
6,0.1,0.1,0.06366197723675814,1.5707963267948966,0.6666666666666666,24,314159,0,numpy_PCG64_SeedSequence,fourier_bandlimited_interpolation,144,6,2,288,0.08832749555366244,0.08997144688537964,0.08928855412106579,1.0186119998242047,1.0108806273899102,0.992409894605965
6,0.1,0.1,0.06366197723675814,1.5707963267948966,0.6666666666666666,24,314159,0,numpy_PCG64_SeedSequence,fourier_bandlimited_interpolation,144,6,4,576,0.08832749555366244,0.08997144688537964,0.08895001962344588,1.0186119998242047,1.0070479080820902,0.9886472064494526
6,0.1,0.1,0.06366197723675814,1.5707963267948966,0.6666666666666666,24,271828,0,numpy_PCG64_SeedSequence,fourier_bandlimited_interpolation,144,6,2,288,0.08832749555366244,0.0887477419730785,0.08830545475574318,1.004757821070119,0.9997504650417053,0.995016355261529
6,0.1,0.1,0.06366197723675814,1.5707963267948966,0.6666666666666666,24,271828,0,numpy_PCG64_SeedSequence,fourier_bandlimited_interpolation,144,6,4,576,0.08832749555366244,0.0887477419730785,0.08843152857641802,1.004757821070119,1.0011778101722852,0.9964369414969859
6,0.5,0.5,0.3183098861837907,1.5707963267948966,0.6666666666666666,24,42,0,numpy_PCG64_SeedSequence,fourier_bandlimited_interpolation,144,6,2,288,0.11378423841712111,0.10786084726997261,0.11207332764677819,0.9479419010088729,0.9849635521215961,1.039054768096359
6,0.5,0.5,0.3183098861837907,1.5707963267948966,0.6666666666666666,24,42,0,numpy_PCG64_SeedSequence,fourier_bandlimited_interpolation,144,6,4,576,0.11378423841712111,0.10786084726997261,0.11314626848474592,0.9479419010088729,0.9943931607641784,1.0490022222942867
6,0.5,0.5,0.3183098861837907,1.5707963267948966,0.6666666666666666,24,7,0,numpy_PCG64_SeedSequence,fourier_bandlimited_interpolation,144,6,2,288,0.11378423841712111,0.1112406036944234,0.11386603825413119,0.9776451048222249,1.0007189030585257,1.0236014051750368
6,0.5,0.5,0.3183098861837907,1.5707963267948966,0.6666666666666666,24,7,0,numpy_PCG64_SeedSequence,fourier_bandlimited_interpolation,144,6,4,576,0.11378423841712111,0.1112406036944234,0.1147017416258295,0.9776451048222249,1.0080635351738694,1.031113980115694
6,0.5,0.5,0.3183098861837907,1.5707963267948966,0.6666666666666666,24,123,0,numpy_PCG64_SeedSequence,fourier_bandlimited_interpolation,144,6,2,288,0.11378423841712111,0.11287221024415826,0.11421301450071564,0.9919845825252225,1.003768325820512,1.0118789581036558
6,0.5,0.5,0.3183098861837907,1.5707963267948966,0.6666666666666666,24,123,0,numpy_PCG64_SeedSequence,fourier_bandlimited_interpolation,144,6,4,576,0.11378423841712111,0.11287221024415826,0.11418325057880163,0.9919845825252225,1.0035067437039722,1.0116152623556092
6,0.5,0.5,0.3183098861837907,1.5707963267948966,0.6666666666666666,24,2023,0,numpy_PCG64_SeedSequence,fourier_bandlimited_interpolation,144,6,2,288,0.11378423841712111,0.109550725482198,0.11369255013083895,0.9627935029155489,0.9991941916775323,1.0378073685081528
6,0.5,0.5,0.3183098861837907,1.5707963267948966,0.6666666666666666,24,2023,0,numpy_PCG64_SeedSequence,fourier_bandlimited_interpolation,144,6,4,576,0.11378423841712111,0.109550725482198,0.11354953929910092,0.9627935029155489,0.9979373319074316,1.0365019382509952
6,0.5,0.5,0.3183098861837907,1.5707963267948966,0.6666666666666666,24,314159,0,numpy_PCG64_SeedSequence,fourier_bandlimited_interpolation,144,6,2,288,0.11378423841712111,0.11013344210710331,0.11166852202576298,0.9679147449523336,0.9814058922326119,1.0139383632191104
6,0.5,0.5,0.3183098861837907,1.5707963267948966,0.6666666666666666,24,314159,0,numpy_PCG64_SeedSequence,fourier_bandlimited_interpolation,144,6,4,576,0.11378423841712111,0.11013344210710331,0.11233972685603592,0.9679147449523336,0.9873048184776722,1.0200328320510226
6,0.5,0.5,0.3183098861837907,1.5707963267948966,0.6666666666666666,24,271828,0,numpy_PCG64_SeedSequence,fourier_bandlimited_interpolation,144,6,2,288,0.11378423841712111,0.11263912359419614,0.11351906200754673,0.9899360857105085,0.9976694802965392,1.0078120140256128
6,0.5,0.5,0.3183098861837907,1.5707963267948966,0.6666666666666666,24,271828,0,numpy_PCG64_SeedSequence,fourier_bandlimited_interpolation,144,6,4,576,0.11378423841712111,0.11263912359419614,0.11366475953177378,0.9899360857105085,0.9989499522340755,1.0091055035306622
6,0.75,0.75,0.477464829275686,1.5707963267948966,0.6666666666666666,24,42,0,numpy_PCG64_SeedSequence,fourier_bandlimited_interpolation,144,6,2,288,0.14651891041667695,0.13664704854029486,0.1441108010814093,0.9326239742821725,0.9835645151303722,1.0546206641185778
6,0.75,0.75,0.477464829275686,1.5707963267948966,0.6666666666666666,24,42,0,numpy_PCG64_SeedSequence,fourier_bandlimited_interpolation,144,6,4,576,0.14651891041667695,0.13664704854029486,0.14696340677422956,0.9326239742821725,1.0030337132339338,1.0754963853529012
6,0.75,0.75,0.477464829275686,1.5707963267948966,0.6666666666666666,24,7,0,numpy_PCG64_SeedSequence,fourier_bandlimited_interpolation,144,6,2,288,0.14651891041667695,0.13676359186527592,0.1459035116887623,0.9334193891856115,0.9957998682479652,1.0668300656543885
6,0.75,0.75,0.477464829275686,1.5707963267948966,0.6666666666666666,24,7,0,numpy_PCG64_SeedSequence,fourier_bandlimited_interpolation,144,6,4,576,0.14651891041667695,0.13676359186527592,0.1476547281702667,0.9334193891856115,1.0077520215674527,1.079634763583275
6,0.75,0.75,0.477464829275686,1.5707963267948966,0.6666666666666666,24,123,0,numpy_PCG64_SeedSequence,fourier_bandlimited_interpolation,144,6,2,288,0.14651891041667695,0.13501544199055998,0.1449204123234397,0.9214881656340271,0.9890901584738012,1.0733617591206512
6,0.75,0.75,0.477464829275686,1.5707963267948966,0.6666666666666666,24,123,0,numpy_PCG64_SeedSequence,fourier_bandlimited_interpolation,144,6,4,576,0.14651891041667695,0.13501544199055998,0.146214475261856,0.9214881656340271,0.997922212539288,1.0829463141858917
6,0.75,0.75,0.477464829275686,1.5707963267948966,0.6666666666666666,24,2023,0,numpy_PCG64_SeedSequence,fourier_bandlimited_interpolation,144,6,2,288,0.14651891041667695,0.13740458015267176,0.144631265451286,0.9377941711545257,0.9871167144225766,1.052594209673248
6,0.75,0.75,0.477464829275686,1.5707963267948966,0.6666666666666666,24,2023,0,numpy_PCG64_SeedSequence,fourier_bandlimited_interpolation,144,6,4,576,0.14651891041667695,0.13740458015267176,0.14558076398215528,0.9377941711545257,0.9935970965668955,1.059504448981241
6,0.75,0.75,0.477464829275686,1.5707963267948966,0.6666666666666666,24,314159,0,numpy_PCG64_SeedSequence,fourier_bandlimited_interpolation,144,6,2,288,0.14651891041667695,0.13886137171493504,0.14596134106319306,0.9477368574475127,0.9961945570582101,1.051129909351849
6,0.75,0.75,0.477464829275686,1.5707963267948966,0.6666666666666666,24,314159,0,numpy_PCG64_SeedSequence,fourier_bandlimited_interpolation,144,6,4,576,0.14651891041667695,0.13886137171493504,0.14874932038065886,0.9477368574475127,1.015222676428858,1.0712073382511482
6,0.75,0.75,0.477464829275686,1.5707963267948966,0.6666666666666666,24,271828,0,numpy_PCG64_SeedSequence,fourier_bandlimited_interpolation,144,6,2,288,0.14651891041667695,0.13536507196550318,0.1430120429672252,0.923874410344344,0.9760654277357185,1.056491463349355
6,0.75,0.75,0.477464829275686,1.5707963267948966,0.6666666666666666,24,271828,0,numpy_PCG64_SeedSequence,fourier_bandlimited_interpolation,144,6,4,576,0.14651891041667695,0.13536507196550318,0.14529271340047312,0.923874410344344,0.9916311347612624,1.0733397566360392
8,0.1,0.1,0.06366197723675814,1.5707963267948966,0.5,24,42,0,numpy_PCG64_SeedSequence,fourier_bandlimited_interpolation,192,8,2,384,0.04968421624893513,0.04953469387755102,0.04941518331831722,0.9969905458378381,0.9945851429099744,0.9975873362712359
8,0.1,0.1,0.06366197723675814,1.5707963267948966,0.5,24,42,0,numpy_PCG64_SeedSequence,fourier_bandlimited_interpolation,192,8,4,768,0.04968421624893513,0.04953469387755102,0.04933944950415715,0.9969905458378381,0.9930608396225759,0.9960584318159608
8,0.1,0.1,0.06366197723675814,1.5707963267948966,0.5,24,7,0,numpy_PCG64_SeedSequence,fourier_bandlimited_interpolation,192,8,2,384,0.04968421624893513,0.05182040816326531,0.051233350378649525,1.0429953831540204,1.0311796028330746,0.9886713014153381
8,0.1,0.1,0.06366197723675814,1.5707963267948966,0.5,24,7,0,numpy_PCG64_SeedSequence,fourier_bandlimited_interpolation,192,8,4,768,0.04968421624893513,0.05182040816326531,0.05131432248299808,1.0429953831540204,1.0328093377964453,0.9902338538385735
8,0.1,0.1,0.06366197723675814,1.5707963267948966,0.5,24,123,0,numpy_PCG64_SeedSequence,fourier_bandlimited_interpolation,192,8,2,384,0.04968421624893513,0.050253061224489796,0.04983725781446579,1.0114492089943525,1.0030802853921226,0.991725809335942
8,0.1,0.1,0.06366197723675814,1.5707963267948966,0.5,24,123,0,numpy_PCG64_SeedSequence,fourier_bandlimited_interpolation,192,8,4,768,0.04968421624893513,0.050253061224489796,0.04972794910655209,1.0114492089943525,1.0008802163125174,0.9895506441768406
8,0.1,0.1,0.06366197723675814,1.5707963267948966,0.5,24,2023,0,numpy_PCG64_SeedSequence,fourier_bandlimited_interpolation,192,8,2,384,0.04968421624893513,0.05035102040816326,0.04973985600766227,1.0134208448793318,1.0011198678962423,0.987861926222216
8,0.1,0.1,0.06366197723675814,1.5707963267948966,0.5,24,2023,0,numpy_PCG64_SeedSequence,fourier_bandlimited_interpolation,192,8,4,768,0.04968421624893513,0.05035102040816326,0.04963082420595335,1.0134208448793318,0.998925372140032,0.9856964924171994
8,0.1,0.1,0.06366197723675814,1.5707963267948966,0.5,24,314159,0,numpy_PCG64_SeedSequence,fourier_bandlimited_interpolation,192,8,2,384,0.04968421624893513,0.05008979591836735,0.049934659621269306,1.0081631491860539,1.005040702888003,0.9969028363111946
8,0.1,0.1,0.06366197723675814,1.5707963267948966,0.5,24,314159,0,numpy_PCG64_SeedSequence,fourier_bandlimited_interpolation,192,8,4,768,0.04968421624893513,0.05008979591836735,0.05008407374208078,1.0081631491860539,1.0080479782782972,0.9998857616370429
8,0.1,0.1,0.06366197723675814,1.5707963267948966,0.5,24,271828,0,numpy_PCG64_SeedSequence,fourier_bandlimited_interpolation,192,8,2,384,0.04968421624893513,0.0508734693877551,0.05074634134463194,1.0239362362658877,1.0213775153536728,0.9975010935040778
8,0.1,0.1,0.06366197723675814,1.5707963267948966,0.5,24,271828,0,numpy_PCG64_SeedSequence,fourier_bandlimited_interpolation,192,8,4,768,0.04968421624893513,0.0508734693877551,0.05050494831134196,1.0239362362658877,1.0165189696924004,0.9927561245409804
8,0.5,0.5,0.3183098861837907,1.5707963267948966,0.5,24,42,0,numpy_PCG64_SeedSequence,fourier_bandlimited_interpolation,192,8,2,384,0.06400363415276204,0.06341224489795919,0.06415532341458267,0.9907600675706735,1.0023700101381523,1.0117182181110167
8,0.5,0.5,0.3183098861837907,1.5707963267948966,0.5,24,42,0,numpy_PCG64_SeedSequence,fourier_bandlimited_interpolation,192,8,4,768,0.06400363415276204,0.06341224489795919,0.0641024343951648,0.9907600675706735,1.001543666132566,1.0108841675344604
8,0.5,0.5,0.3183098861837907,1.5707963267948966,0.5,24,7,0,numpy_PCG64_SeedSequence,fourier_bandlimited_interpolation,192,8,2,384,0.06400363415276204,0.06262857142857142,0.06269429631252993,0.9785158648818494,0.9795427578829817,1.0010494392967828
8,0.5,0.5,0.3183098861837907,1.5707963267948966,0.5,24,7,0,numpy_PCG64_SeedSequence,fourier_bandlimited_interpolation,192,8,4,768,0.06400363415276204,0.06262857142857142,0.06296931055484623,0.9785158648818494,0.9838396114282023,1.005440633859315
8,0.5,0.5,0.3183098861837907,1.5707963267948966,0.5,24,123,0,numpy_PCG64_SeedSequence,fourier_bandlimited_interpolation,192,8,2,384,0.06400363415276204,0.06331428571428571,0.06454493064179674,0.9892295422345704,1.0084572774061977,1.0194370814363205
8,0.5,0.5,0.3183098861837907,1.5707963267948966,0.5,24,123,0,numpy_PCG64_SeedSequence,fourier_bandlimited_interpolation,192,8,4,768,0.06400363415276204,0.06331428571428571,0.0646851837987572,0.9892295422345704,1.0106486085519528,1.0216522711897573
8,0.5,0.5,0.3183098861837907,1.5707963267948966,0.5,24,2023,0,numpy_PCG64_SeedSequence,fourier_bandlimited_interpolation,192,8,2,384,0.06400363415276204,0.06125714285714286,0.0619150818581018,0.9570885101764075,0.9673682233468909,1.0107406086910276
8,0.5,0.5,0.3183098861837907,1.5707963267948966,0.5,24,2023,0,numpy_PCG64_SeedSequence,fourier_bandlimited_interpolation,192,8,4,768,0.06400363415276204,0.06125714285714286,0.06209518644945762,0.9570885101764075,0.970182197799122,1.0136807489417055
8,0.5,0.5,0.3183098861837907,1.5707963267948966,0.5,24,314159,0,numpy_PCG64_SeedSequence,fourier_bandlimited_interpolation,192,8,2,384,0.06400363415276204,0.06210612244897959,0.06298650173294047,0.9703530630893001,0.9841082083340157,1.014175402508571
8,0.5,0.5,0.3183098861837907,1.5707963267948966,0.5,24,314159,0,numpy_PCG64_SeedSequence,fourier_bandlimited_interpolation,192,8,4,768,0.06400363415276204,0.06210612244897959,0.06342256009097366,0.9703530630893001,0.9909212333099479,1.0211965840094996
8,0.5,0.5,0.3183098861837907,1.5707963267948966,0.5,24,271828,0,numpy_PCG64_SeedSequence,fourier_bandlimited_interpolation,192,8,2,384,0.06400363415276204,0.06448979591836734,0.06564881778556993,1.0075958462678063,1.02570453466566,1.017972174523078
8,0.5,0.5,0.3183098861837907,1.5707963267948966,0.5,24,271828,0,numpy_PCG64_SeedSequence,fourier_bandlimited_interpolation,192,8,4,768,0.06400363415276204,0.06448979591836734,0.06594780750654075,1.0075958462678063,1.030375983793958,1.0226084075381319
8,0.75,0.75,0.477464829275686,1.5707963267948966,0.5,24,42,0,numpy_PCG64_SeedSequence,fourier_bandlimited_interpolation,192,8,2,384,0.08242217500581656,0.0787265306122449,0.08159024683241207,0.9551620132165785,0.9899065006068358,1.0363754911831689
8,0.75,0.75,0.477464829275686,1.5707963267948966,0.5,24,42,0,numpy_PCG64_SeedSequence,fourier_bandlimited_interpolation,192,8,4,768,0.08242217500581656,0.0787265306122449,0.08210291597279694,0.9551620132165785,0.9961265395750951,1.0428875162450877
8,0.75,0.75,0.477464829275686,1.5707963267948966,0.5,24,7,0,numpy_PCG64_SeedSequence,fourier_bandlimited_interpolation,192,8,2,384,0.08242217500581656,0.08120816326530612,0.08460970284332107,0.9852708116423189,1.0265405254999658,1.0418866705173735
8,0.75,0.75,0.477464829275686,1.5707963267948966,0.5,24,7,0,numpy_PCG64_SeedSequence,fourier_bandlimited_interpolation,192,8,4,768,0.08242217500581656,0.08120816326530612,0.08475766325582901,0.9852708116423189,1.0283356784730278,1.0437086599154657
8,0.75,0.75,0.477464829275686,1.5707963267948966,0.5,24,123,0,numpy_PCG64_SeedSequence,fourier_bandlimited_interpolation,192,8,2,384,0.08242217500581656,0.07787755102040816,0.08136297594987053,0.9448616348077726,0.987149100883697,1.0447551943248574
8,0.75,0.75,0.477464829275686,1.5707963267948966,0.5,24,123,0,numpy_PCG64_SeedSequence,fourier_bandlimited_interpolation,192,8,4,768,0.08242217500581656,0.07787755102040816,0.08213529093966318,0.9448616348077726,0.9965193339518991,1.054672236908673
8,0.75,0.75,0.477464829275686,1.5707963267948966,0.5,24,2023,0,numpy_PCG64_SeedSequence,fourier_bandlimited_interpolation,192,8,2,384,0.08242217500581656,0.07977142857142858,0.0823045267489712,0.9678394020274166,0.9985726140224149,1.0317544542313724
8,0.75,0.75,0.477464829275686,1.5707963267948966,0.5,24,2023,0,numpy_PCG64_SeedSequence,fourier_bandlimited_interpolation,192,8,4,768,0.08242217500581656,0.07977142857142858,0.0835274145149117,0.9678394020274166,1.0134094921544736,1.0470843510107126
8,0.75,0.75,0.477464829275686,1.5707963267948966,0.5,24,314159,0,numpy_PCG64_SeedSequence,fourier_bandlimited_interpolation,192,8,2,384,0.08242217500581656,0.07866122448979591,0.08133050868093603,0.9543696764159011,0.9867551866375343,1.0339339262572296
8,0.75,0.75,0.477464829275686,1.5707963267948966,0.5,24,314159,0,numpy_PCG64_SeedSequence,fourier_bandlimited_interpolation,192,8,4,768,0.08242217500581656,0.07866122448979591,0.08181154127100074,0.9543696764159011,0.9925913901838586,1.0400491703712735
8,0.75,0.75,0.477464829275686,1.5707963267948966,0.5,24,271828,0,numpy_PCG64_SeedSequence,fourier_bandlimited_interpolation,192,8,2,384,0.08242217500581656,0.07983673469387755,0.08282400305192328,0.9686317388280938,1.0048752419610179,1.0374172161411659
8,0.75,0.75,0.477464829275686,1.5707963267948966,0.5,24,271828,0,numpy_PCG64_SeedSequence,fourier_bandlimited_interpolation,192,8,4,768,0.08242217500581656,0.07983673469387755,0.08336553968058048,0.9686317388280938,1.0114455202704533,1.0442002669602362
12,0.1,0.1,0.06366197723675814,1.5707963267948966,0.3333333333333333,24,42,0,numpy_PCG64_SeedSequence,fourier_bandlimited_interpolation,288,12,2,576,0.022081873888415607,0.022813688212927757,0.022813606069225757,1.0331409520863204,1.0331372321256678,0.999996399367729
12,0.1,0.1,0.06366197723675814,1.5707963267948966,0.3333333333333333,24,42,0,numpy_PCG64_SeedSequence,fourier_bandlimited_interpolation,288,12,4,1152,0.022081873888415607,0.022813688212927757,0.022727252307899643,1.0331409520863204,1.0292266146770546,0.9962112261629343
12,0.1,0.1,0.06366197723675814,1.5707963267948966,0.3333333333333333,24,7,0,numpy_PCG64_SeedSequence,fourier_bandlimited_interpolation,288,12,2,576,0.022081873888415607,0.021266752446905405,0.02125813292814218,0.9630864008358537,0.9626960572080085,0.9995946951099024
12,0.1,0.1,0.06366197723675814,1.5707963267948966,0.3333333333333333,24,7,0,numpy_PCG64_SeedSequence,fourier_bandlimited_interpolation,288,12,4,1152,0.022081873888415607,0.021266752446905405,0.021217852249500235,0.9630864008358537,0.9608719059224115,0.9977006269515172
12,0.1,0.1,0.06366197723675814,1.5707963267948966,0.3333333333333333,24,123,0,numpy_PCG64_SeedSequence,fourier_bandlimited_interpolation,288,12,2,576,0.022081873888415607,0.021700472755135973,0.021733416387917717,0.9827278638032744,0.98421974954396,1.0015181066861296
12,0.1,0.1,0.06366197723675814,1.5707963267948966,0.3333333333333333,24,123,0,numpy_PCG64_SeedSequence,fourier_bandlimited_interpolation,288,12,4,1152,0.022081873888415607,0.021700472755135973,0.02167785988634577,0.9827278638032744,0.9817038171619217,0.9989579550157563
12,0.1,0.1,0.06366197723675814,1.5707963267948966,0.3333333333333333,24,2023,0,numpy_PCG64_SeedSequence,fourier_bandlimited_interpolation,288,12,2,576,0.022081873888415607,0.02211973571975885,0.022151089731356825,1.0017146113384474,1.0031345094755535,1.001417467730863
12,0.1,0.1,0.06366197723675814,1.5707963267948966,0.3333333333333333,24,2023,0,numpy_PCG64_SeedSequence,fourier_bandlimited_interpolation,288,12,4,1152,0.022081873888415607,0.02211973571975885,0.022109117045888457,1.0017146113384474,1.0012337339489628,0.9995199457170318
12,0.1,0.1,0.06366197723675814,1.5707963267948966,0.3333333333333333,24,314159,0,numpy_PCG64_SeedSequence,fourier_bandlimited_interpolation,288,12,2,576,0.022081873888415607,0.02242333993552025,0.02239593272578665,1.0154636354156419,1.0142224721940742,0.9987777374016356
12,0.1,0.1,0.06366197723675814,1.5707963267948966,0.3333333333333333,24,314159,0,numpy_PCG64_SeedSequence,fourier_bandlimited_interpolation,288,12,4,1152,0.022081873888415607,0.02242333993552025,0.022382246580265493,1.0154636354156419,1.013602681247422,0.9981673847262307
12,0.1,0.1,0.06366197723675814,1.5707963267948966,0.3333333333333333,24,271828,0,numpy_PCG64_SeedSequence,fourier_bandlimited_interpolation,288,12,2,576,0.022081873888415607,0.02248116930995099,0.022424737783954863,1.0180824971446314,1.015526938396253,0.9974898313687292
12,0.1,0.1,0.06366197723675814,1.5707963267948966,0.3333333333333333,24,271828,0,numpy_PCG64_SeedSequence,fourier_bandlimited_interpolation,288,12,4,1152,0.022081873888415607,0.02248116930995099,0.02236787134161407,1.0180824971446314,1.0129516840211872,0.9949603169312563
12,0.5,0.5,0.3183098861837907,1.5707963267948966,0.3333333333333333,24,42,0,numpy_PCG64_SeedSequence,fourier_bandlimited_interpolation,288,12,2,576,0.028446059623449798,0.027946045193656118,0.0281281393012613,0.9824223658245627,0.9888237483012791,1.0065159168799498
12,0.5,0.5,0.3183098861837907,1.5707963267948966,0.3333333333333333,24,42,0,numpy_PCG64_SeedSequence,fourier_bandlimited_interpolation,288,12,4,1152,0.028446059623449798,0.027946045193656118,0.028247343950046046,0.9824223658245627,0.9930142987804209,1.0107814452564587
12,0.5,0.5,0.3183098861837907,1.5707963267948966,0.3333333333333333,24,7,0,numpy_PCG64_SeedSequence,fourier_bandlimited_interpolation,288,12,2,576,0.028446059623449798,0.028509881594355854,0.02858902023195273,1.0022436137641166,1.0050256735166612,1.002775831857981
12,0.5,0.5,0.3183098861837907,1.5707963267948966,0.3333333333333333,24,7,0,numpy_PCG64_SeedSequence,fourier_bandlimited_interpolation,288,12,4,1152,0.028446059623449798,0.028509881594355854,0.028736102064194424,1.0022436137641166,1.0101962255786572,1.0079348091674767
12,0.5,0.5,0.3183098861837907,1.5707963267948966,0.3333333333333333,24,123,0,numpy_PCG64_SeedSequence,fourier_bandlimited_interpolation,288,12,2,576,0.028446059623449798,0.02793158785004843,0.028012919068588445,0.9819141286979074,0.9847732669974336,1.002911800753206
12,0.5,0.5,0.3183098861837907,1.5707963267948966,0.3333333333333333,24,123,0,numpy_PCG64_SeedSequence,fourier_bandlimited_interpolation,288,12,4,1152,0.028446059623449798,0.02793158785004843,0.028132342040834663,0.9819141286979074,0.9889714924749536,1.0071873533242717
12,0.5,0.5,0.3183098861837907,1.5707963267948966,0.3333333333333333,24,2023,0,numpy_PCG64_SeedSequence,fourier_bandlimited_interpolation,288,12,2,576,0.028446059623449798,0.02887131518454799,0.028862668284550766,1.0149495419304975,1.014645566613294,0.9997005020401062
12,0.5,0.5,0.3183098861837907,1.5707963267948966,0.3333333333333333,24,2023,0,numpy_PCG64_SeedSequence,fourier_bandlimited_interpolation,288,12,4,1152,0.028446059623449798,0.02887131518454799,0.02910985826913142,1.0149495419304975,1.023335346071426,1.008262286738884
12,0.5,0.5,0.3183098861837907,1.5707963267948966,0.3333333333333333,24,314159,0,numpy_PCG64_SeedSequence,fourier_bandlimited_interpolation,288,12,2,576,0.028446059623449798,0.02774364238314852,0.027984114010420228,0.9753070460513893,0.9837606466714722,1.008667630008732
12,0.5,0.5,0.3183098861837907,1.5707963267948966,0.3333333333333333,24,314159,0,numpy_PCG64_SeedSequence,fourier_bandlimited_interpolation,288,12,4,1152,0.028446059623449798,0.02774364238314852,0.027988589654320432,0.9753070460513893,0.9839179845931193,1.0088289514328765
12,0.5,0.5,0.3183098861837907,1.5707963267948966,0.3333333333333333,24,271828,0,numpy_PCG64_SeedSequence,fourier_bandlimited_interpolation,288,12,2,576,0.028446059623449798,0.027541239572640923,0.02784008871957916,0.9681917262782161,0.9786975450416654,1.0108509693672287
12,0.5,0.5,0.3183098861837907,1.5707963267948966,0.3333333333333333,24,271828,0,numpy_PCG64_SeedSequence,fourier_bandlimited_interpolation,288,12,4,1152,0.028446059623449798,0.027541239572640923,0.02797421441566901,0.9681917262782161,0.9834126338049359,1.0157209642611076
12,0.75,0.75,0.477464829275686,1.5707963267948966,0.3333333333333333,24,42,0,numpy_PCG64_SeedSequence,fourier_bandlimited_interpolation,288,12,2,576,0.036632077829526676,0.034900027468952856,0.035372611430567205,0.9527176599527278,0.9656184832096993,1.0135410770674826
12,0.75,0.75,0.477464829275686,1.5707963267948966,0.3333333333333333,24,42,0,numpy_PCG64_SeedSequence,fourier_bandlimited_interpolation,288,12,4,1152,0.036632077829526676,0.034900027468952856,0.03554996518496889,0.9527176599527278,0.9704599709141924,1.0186228425348438
12,0.75,0.75,0.477464829275686,1.5707963267948966,0.3333333333333333,24,7,0,numpy_PCG64_SeedSequence,fourier_bandlimited_interpolation,288,12,2,576,0.036632077829526676,0.036389133860544466,0.03694248710073489,0.9933679992133455,1.0084737009091527,1.0152065515577002
12,0.75,0.75,0.477464829275686,1.5707963267948966,0.3333333333333333,24,7,0,numpy_PCG64_SeedSequence,fourier_bandlimited_interpolation,288,12,4,1152,0.036632077829526676,0.036389133860544466,0.03697311381145976,0.9933679992133455,1.009309763522565,1.0160481959574335
12,0.75,0.75,0.477464829275686,1.5707963267948966,0.3333333333333333,24,123,0,numpy_PCG64_SeedSequence,fourier_bandlimited_interpolation,288,12,2,576,0.036632077829526676,0.0366493660454828,0.03725934274058525,1.0004719419967543,1.017123377876015,1.0166435810743752
12,0.75,0.75,0.477464829275686,1.5707963267948966,0.3333333333333333,24,123,0,numpy_PCG64_SeedSequence,fourier_bandlimited_interpolation,288,12,4,1152,0.036632077829526676,0.0366493660454828,0.03728936906179107,1.0004719419967543,1.01794305076887,1.0174628673116475
12,0.75,0.75,0.477464829275686,1.5707963267948966,0.3333333333333333,24,2023,0,numpy_PCG64_SeedSequence,fourier_bandlimited_interpolation,288,12,2,576,0.036632077829526676,0.0366493660454828,0.03720173262424882,1.0004719419967543,1.0155507093365854,1.0150716543931624
12,0.75,0.75,0.477464829275686,1.5707963267948966,0.3333333333333333,24,2023,0,numpy_PCG64_SeedSequence,fourier_bandlimited_interpolation,288,12,4,1152,0.036632077829526676,0.0366493660454828,0.03728936906179107,1.0004719419967543,1.01794305076887,1.0174628673116475
12,0.75,0.75,0.477464829275686,1.5707963267948966,0.3333333333333333,24,314159,0,numpy_PCG64_SeedSequence,fourier_bandlimited_interpolation,288,12,2,576,0.036632077829526676,0.03643250589136752,0.037072109862491855,0.9945519896772469,1.012012205122869,1.0175558599518648
12,0.75,0.75,0.477464829275686,1.5707963267948966,0.3333333333333333,24,314159,0,numpy_PCG64_SeedSequence,fourier_bandlimited_interpolation,288,12,4,1152,0.036632077829526676,0.03643250589136752,0.03710249095932257,0.9945519896772469,1.0128415628505987,1.0183897607799137
12,0.75,0.75,0.477464829275686,1.5707963267948966,0.3333333333333333,24,271828,0,numpy_PCG64_SeedSequence,fourier_bandlimited_interpolation,288,12,2,576,0.036632077829526676,0.03659153667105206,0.03731695285692167,0.9988932880448858,1.0186960464154442,1.0198246986015074
12,0.75,0.75,0.477464829275686,1.5707963267948966,0.3333333333333333,24,271828,0,numpy_PCG64_SeedSequence,fourier_bandlimited_interpolation,288,12,4,1152,0.036632077829526676,0.03659153667105206,0.03741874620965387,0.9988932880448858,1.0214748500969038,1.0226065810255032
16,0.1,0.1,0.06366197723675814,1.5707963267948966,0.25,24,42,0,numpy_PCG64_SeedSequence,fourier_bandlimited_interpolation,384,16,2,768,0.01242105406223378,0.012272627657243042,0.012302487409173042,0.9880504179237068,0.990454380725929,1.002433036572439
16,0.1,0.1,0.06366197723675814,1.5707963267948966,0.25,24,42,0,numpy_PCG64_SeedSequence,fourier_bandlimited_interpolation,384,16,4,1536,0.01242105406223378,0.012272627657243042,0.012325417283568956,0.9880504179237068,0.9923004297231418,1.0043014118736633
16,0.1,0.1,0.06366197723675814,1.5707963267948966,0.25,24,7,0,numpy_PCG64_SeedSequence,fourier_bandlimited_interpolation,384,16,2,768,0.01242105406223378,0.01214275858150502,0.012100143866259011,0.9775948579456781,0.974164012621884,0.9964905243763212
16,0.1,0.1,0.06366197723675814,1.5707963267948966,0.25,24,7,0,numpy_PCG64_SeedSequence,fourier_bandlimited_interpolation,384,16,4,1536,0.01242105406223378,0.01214275858150502,0.012115279021685157,0.9775948579456781,0.9753825207573702,0.9977369590579098
16,0.1,0.1,0.06366197723675814,1.5707963267948966,0.25,24,123,0,numpy_PCG64_SeedSequence,fourier_bandlimited_interpolation,384,16,2,768,0.01242105406223378,0.01205347359193513,0.012035393932526521,0.9704066604607834,0.9689510948285897,0.9985000457112458
16,0.1,0.1,0.06366197723675814,1.5707963267948966,0.25,24,123,0,numpy_PCG64_SeedSequence,fourier_bandlimited_interpolation,384,16,4,1536,0.01242105406223378,0.01205347359193513,0.011977880927376519,0.9704066604607834,0.964320811048981,0.993728557665801
16,0.1,0.1,0.06366197723675814,1.5707963267948966,0.25,24,2023,0,numpy_PCG64_SeedSequence,fourier_bandlimited_interpolation,384,16,2,768,0.01242105406223378,0.012313211743411174,0.012318674892606164,0.9913177804168407,0.9917576101742525,1.0004436819011022
16,0.1,0.1,0.06366197723675814,1.5707963267948966,0.25,24,2023,0,numpy_PCG64_SeedSequence,fourier_bandlimited_interpolation,384,16,4,1536,0.01242105406223378,0.012313211743411174,0.012252677115993794,0.9913177804168407,0.9864442304657594,0.995083766227786
16,0.1,0.1,0.06366197723675814,1.5707963267948966,0.25,24,314159,0,numpy_PCG64_SeedSequence,fourier_bandlimited_interpolation,384,16,2,768,0.01242105406223378,0.012126524947037767,0.012100143866259011,0.9762879129484245,0.974164012621884,0.9978245143687928
16,0.1,0.1,0.06366197723675814,1.5707963267948966,0.25,24,314159,0,numpy_PCG64_SeedSequence,fourier_bandlimited_interpolation,384,16,4,1536,0.01242105406223378,0.012126524947037767,0.012115279021685157,0.9762879129484245,0.9753825207573702,0.9990726176376392
16,0.1,0.1,0.06366197723675814,1.5707963267948966,0.25,24,271828,0,numpy_PCG64_SeedSequence,fourier_bandlimited_interpolation,384,16,2,768,0.01242105406223378,0.012491781722550954,0.012472455985220827,1.0056941753866302,1.0041382899333267,0.9984529238695199
16,0.1,0.1,0.06366197723675814,1.5707963267948966,0.25,24,271828,0,numpy_PCG64_SeedSequence,fourier_bandlimited_interpolation,384,16,4,1536,0.01242105406223378,0.012491781722550954,0.012495144341244331,1.0056941753866302,1.0059648946570343,1.0002691864754014
16,0.5,0.5,0.3183098861837907,1.5707963267948966,0.25,24,42,0,numpy_PCG64_SeedSequence,fourier_bandlimited_interpolation,384,16,2,768,0.016000908538190514,0.015892728143440393,0.015936577439909026,0.9932391092360837,0.9959795346540514,1.0027590792513954
16,0.5,0.5,0.3183098861837907,1.5707963267948966,0.25,24,42,0,numpy_PCG64_SeedSequence,fourier_bandlimited_interpolation,384,16,4,1536,0.016000908538190514,0.015892728143440393,0.015962425662327008,0.9932391092360837,0.9975949568256293,1.00438549745881
16,0.5,0.5,0.3183098861837907,1.5707963267948966,0.25,24,7,0,numpy_PCG64_SeedSequence,fourier_bandlimited_interpolation,384,16,2,768,0.016000908538190514,0.01586026087450589,0.015985139890208392,0.9912100201467353,0.9990145154605137,1.0078737050222948
16,0.5,0.5,0.3183098861837907,1.5707963267948966,0.25,24,7,0,numpy_PCG64_SeedSequence,fourier_bandlimited_interpolation,384,16,4,1536,0.016000908538190514,0.01586026087450589,0.01600283686653543,0.9912100201467353,1.0001205136783522,1.0089895111535474
16,0.5,0.5,0.3183098861837907,1.5707963267948966,0.25,24,123,0,numpy_PCG64_SeedSequence,fourier_bandlimited_interpolation,384,16,2,768,0.016000908538190514,0.016339153091289842,0.016422201942902698,1.0211390842146255,1.0263293427186746,1.0050828125025113
16,0.5,0.5,0.3183098861837907,1.5707963267948966,0.25,24,123,0,numpy_PCG64_SeedSequence,fourier_bandlimited_interpolation,384,16,4,1536,0.016000908538190514,0.016339153091289842,0.01646352459451145,1.0211390842146255,1.0289118617993958,1.0076118696315972
16,0.5,0.5,0.3183098861837907,1.5707963267948966,0.25,24,2023,0,numpy_PCG64_SeedSequence,fourier_bandlimited_interpolation,384,16,2,768,0.016000908538190514,0.01601448040194479,0.016082264790807127,1.0008481933211408,1.0050844770734384,1.0042326936098473
16,0.5,0.5,0.3183098861837907,1.5707963267948966,0.25,24,2023,0,numpy_PCG64_SeedSequence,fourier_bandlimited_interpolation,384,16,4,1536,0.016000908538190514,0.01601448040194479,0.016099823756635646,1.0008481933211408,1.0061818501248878,1.0053291366656198
16,0.5,0.5,0.3183098861837907,1.5707963267948966,0.25,24,314159,0,numpy_PCG64_SeedSequence,fourier_bandlimited_interpolation,384,16,2,768,0.016000908538190514,0.015965779498543033,0.015936577439909026,0.997804559687118,0.9959795346540514,0.9981709594175047
16,0.5,0.5,0.3183098861837907,1.5707963267948966,0.25,24,314159,0,numpy_PCG64_SeedSequence,fourier_bandlimited_interpolation,384,16,4,1536,0.016000908538190514,0.015965779498543033,0.015986672384852064,0.997804559687118,0.9991102909372632,1.0013086042125872
16,0.5,0.5,0.3183098861837907,1.5707963267948966,0.25,24,271828,0,numpy_PCG64_SeedSequence,fourier_bandlimited_interpolation,384,16,2,768,0.016000908538190514,0.015543705002394461,0.0156290152546797,0.9714264015255876,0.9767579895464568,1.0054884116928426
16,0.5,0.5,0.3183098861837907,1.5707963267948966,0.25,24,271828,0,numpy_PCG64_SeedSequence,fourier_bandlimited_interpolation,384,16,4,1536,0.016000908538190514,0.015543705002394461,0.01566338275118468,0.9714264015255876,0.9789058361154783,1.0076994351585922
16,0.75,0.75,0.477464829275686,1.5707963267948966,0.25,24,42,0,numpy_PCG64_SeedSequence,fourier_bandlimited_interpolation,384,16,2,768,0.020605543779108757,0.02039756170810302,0.02063094763551453,0.9899064992782862,1.0012328651297973,1.0114418542152908
16,0.75,0.75,0.477464829275686,1.5707963267948966,0.25,24,42,0,numpy_PCG64_SeedSequence,fourier_bandlimited_interpolation,384,16,4,1536,0.020605543779108757,0.02039756170810302,0.020698618795554163,0.9899064992782862,1.0045169890900802,1.0147594644771463
16,0.75,0.75,0.477464829275686,1.5707963267948966,0.25,24,7,0,numpy_PCG64_SeedSequence,fourier_bandlimited_interpolation,384,16,2,768,0.020605543779108757,0.02056801487000917,0.020671416344097335,0.9981786984366006,1.0031968370111817,1.0050272947944499
16,0.75,0.75,0.477464829275686,1.5707963267948966,0.25,24,7,0,numpy_PCG64_SeedSequence,fourier_bandlimited_interpolation,384,16,4,1536,0.020605543779108757,0.02056801487000917,0.020779441203971006,0.9981786984366006,1.0084393514059335,1.0102793748107466
16,0.75,0.75,0.477464829275686,1.5707963267948966,0.25,24,123,0,numpy_PCG64_SeedSequence,fourier_bandlimited_interpolation,384,16,2,768,0.020605543779108757,0.020649183042345434,0.020865666145294805,1.0021178408929408,1.012623902041827,1.010483858005686
16,0.75,0.75,0.477464829275686,1.5707963267948966,0.25,24,123,0,numpy_PCG64_SeedSequence,fourier_bandlimited_interpolation,384,16,4,1536,0.020605543779108757,0.020649183042345434,0.02096533274332975,1.0021178408929408,1.0174607847323967,1.015310518597079
16,0.75,0.75,0.477464829275686,1.5707963267948966,0.25,24,2023,0,numpy_PCG64_SeedSequence,fourier_bandlimited_interpolation,384,16,2,768,0.020605543779108757,0.019983604029188074,0.020137229390804295,0.9698168727509513,0.9772724081769067,1.0076875703397563
16,0.75,0.75,0.477464829275686,1.5707963267948966,0.25,24,2023,0,numpy_PCG64_SeedSequence,fourier_bandlimited_interpolation,384,16,4,1536,0.020605543779108757,0.019983604029188074,0.020132861936636243,0.9698168727509513,0.9770604528791058,1.0074690184628439
16,0.75,0.75,0.477464829275686,1.5707963267948966,0.25,24,314159,0,numpy_PCG64_SeedSequence,fourier_bandlimited_interpolation,384,16,2,768,0.020605543779108757,0.020689767128513566,0.02085757240357824,1.0040874121211107,1.0122311076655501,1.0081105444069216
16,0.75,0.75,0.477464829275686,1.5707963267948966,0.25,24,314159,0,numpy_PCG64_SeedSequence,fourier_bandlimited_interpolation,384,16,4,1536,0.020605543779108757,0.020689767128513566,0.020771358963129323,1.0040874121211107,1.0080471151743484,1.0039435840001945
16,0.75,0.75,0.477464829275686,1.5707963267948966,0.25,24,271828,0,numpy_PCG64_SeedSequence,fourier_bandlimited_interpolation,384,16,2,768,0.020605543779108757,0.020072889018757964,0.020339572933718325,0.9741499294529256,0.9870922675838291,1.013285776387801
16,0.75,0.75,0.477464829275686,1.5707963267948966,0.25,24,271828,0,numpy_PCG64_SeedSequence,fourier_bandlimited_interpolation,384,16,4,1536,0.020605543779108757,0.020072889018757964,0.02032683571683667,0.9741499294529256,0.9864741224371542,1.0126512281237343
