p_pixels_per_wavelength,sigma_exp_rad_per_pixel_at_P4,n_real,n_grid,nyquist_over_k0,pred_discrete_cell,pred_cont_full_cell,pred_cont_trunc_cell,winding_density_mean,winding_density_std,winding_density_se,winding_density_ci99_low,winding_density_ci99_high,winding_density_n,winding_abs_density_mean,winding_abs_density_std,winding_abs_density_se,winding_abs_density_ci99_low,winding_abs_density_ci99_high,winding_abs_density_n,ratio_discrete_mean,ratio_discrete_std,ratio_discrete_se,ratio_discrete_ci99_low,ratio_discrete_ci99_high,ratio_discrete_n,ratio_cont_full_mean,ratio_cont_full_std,ratio_cont_full_se,ratio_cont_full_ci99_low,ratio_cont_full_ci99_high,ratio_cont_full_n,ratio_cont_trunc_mean,ratio_cont_trunc_std,ratio_cont_trunc_se,ratio_cont_trunc_ci99_low,ratio_cont_trunc_ci99_high,ratio_cont_trunc_n,ratio_abs_discrete_mean,ratio_abs_discrete_std,ratio_abs_discrete_se,ratio_abs_discrete_ci99_low,ratio_abs_discrete_ci99_high,ratio_abs_discrete_n,ratio_abs_cont_full_mean,ratio_abs_cont_full_std,ratio_abs_cont_full_se,ratio_abs_cont_full_ci99_low,ratio_abs_cont_full_ci99_high,ratio_abs_cont_full_n,fd_forward_over_discrete_mean,fd_forward_over_discrete_std,fd_forward_over_discrete_se,fd_forward_over_discrete_ci99_low,fd_forward_over_discrete_ci99_high,fd_forward_over_discrete_n,fd_central_over_discrete_mean,fd_central_over_discrete_std,fd_central_over_discrete_se,fd_central_over_discrete_ci99_low,fd_central_over_discrete_ci99_high,fd_central_over_discrete_n,seed_ratio_min,seed_ratio_max,seed_ratio_range,ratio_discrete_trend_slope_per_doubling,ratio_discrete_trend_pvalue,ratio_discrete_trend_r2,ratio_discrete_abs_error_first,ratio_discrete_abs_error_last,ratio_discrete_endpoint_improvement,ratio_cont_full_trend_slope_per_doubling,ratio_cont_full_trend_pvalue,ratio_cont_full_trend_r2,ratio_cont_full_abs_error_first,ratio_cont_full_abs_error_last,ratio_cont_full_endpoint_improvement,ratio_cont_trunc_trend_slope_per_doubling,ratio_cont_trunc_trend_pvalue,ratio_cont_trunc_trend_r2,ratio_cont_trunc_abs_error_first,ratio_cont_trunc_abs_error_last,ratio_cont_trunc_endpoint_improvement,ratio_abs_cont_full_trend_slope_per_doubling,ratio_abs_cont_full_trend_pvalue,ratio_abs_cont_full_trend_r2,ratio_abs_cont_full_abs_error_first,ratio_abs_cont_full_abs_error_last,ratio_abs_cont_full_endpoint_improvement
4,0.1,24,96,2.0,0.19873686499574048,0.19873686499574048,0.1987368649957405,0.20237151539172946,0.0040647307082969705,0.0008297096814291027,0.20031807372175978,0.20438650526269433,24,0.20237151539172946,0.0040647307082969705,0.0008297096814291027,0.20031807372175978,0.20438650526269433,24,1.018288757830948,0.020452826949766422,0.004174915818697684,1.007956292991002,1.028427741713018,24,1.018288757830948,0.020452826949766422,0.004174915818697684,1.007956292991002,1.028427741713018,24,1.018288757830948,0.02045282694976643,0.0041749158186976856,1.007956292991002,1.028427741713018,24,1.018288757830948,0.020452826949766422,0.004174915818697684,1.007956292991002,1.028427741713018,24,1.018288757830948,0.020452826949766422,0.004174915818697684,1.007956292991002,1.028427741713018,24,0.8588487369270651,0.020580532762879307,0.004200983658640501,0.8482433669226915,0.8692576291402776,24,0.5237983870062926,0.009687113046779803,0.001977373670439019,0.5188204621047571,0.5284751762114827,24,1.0056577890705187,1.0305873326766295,0.02492954360611077,-0.004261749826497985,0.00020043620986904916,0.8768845720885858,0.018288757830948077,0.0020331552546686282,0.01625560257627945,-0.0042617498264980016,0.00020043620986904547,0.8768845720885865,0.018288757830948077,0.0020331552546686282,0.01625560257627945,-0.004261749826497985,0.00020043620986905642,0.8768845720885846,0.018288757830948077,0.0020331552546687393,0.016255602576279338,-0.0042617498264980016,0.00020043620986904547,0.8768845720885865,0.018288757830948077,0.0020331552546686282,0.01625560257627945
4,0.25,24,96,2.0,0.21127031672048285,0.21127031676338245,0.21127031656411124,0.20990223279165013,0.0032304038705607678,0.0006594034288321399,0.20831128616726122,0.21175749768793767,24,0.20990223279165013,0.0032304038705607678,0.0006594034288321399,0.20831128616726122,0.21175749768793767,24,0.993524485833745,0.015290382107178306,0.0031211361778973917,0.9859941017784503,1.0023059603214366,24,0.9935244856320041,0.015290382104073534,0.003121136177263633,0.9859941015782386,1.002305960117913,24,0.9935244865691014,0.015290382118495493,0.0031211361802075026,0.9859941025082333,1.002305961063293,24,0.993524485833745,0.015290382107178306,0.0031211361778973917,0.9859941017784503,1.0023059603214366,24,0.9935244856320041,0.015290382104073534,0.003121136177263633,0.9859941015782386,1.002305960117913,24,0.8269392314817452,0.010934197055670006,0.0022319336277861427,0.8213489393164252,0.8328812938646829,24,0.4785207320274854,0.005227780633964932,0.001067116253368137,0.47585694873343676,0.48107881333644276,24,0.9825808642324384,1.0025920576487872,0.020011193416348827,0.001371718617389248,0.20976663395234255,0.214106715840006,0.006475514166255025,0.0025019174722477056,0.00397359669400732,0.0013717186448568138,0.209766629584815,0.21410671946361853,0.0064755143679958715,0.002501917471587234,0.003973596896408638,0.0013717185176874635,0.20976664980628426,0.21410670268644522,0.006475513430898583,0.002501917471586901,0.003973595959311682,0.0013717186448568138,0.209766629584815,0.21410671946361853,0.0064755143679958715,0.002501917471587234,0.003973596896408638
4,0.5,24,96,2.0,0.2556383198212349,0.2560144767557485,0.2549549036834244,0.23381005857224646,0.005332815601118091,0.0010885564262577395,0.23116164618840004,0.2366066356189721,24,0.23381005857224646,0.005332815601118091,0.0010885564262577395,0.23116164618840004,0.2366066356189721,24,0.9146127182174694,0.02086078333188574,0.0042581895664897005,0.9042527206017035,0.925552302895859,24,0.9132688960996286,0.02083013300144696,0.004251933093987809,0.9029241202205163,0.9241924074657211,24,0.9170643717548052,0.02091670144042339,0.0042696038025979354,0.90667660377865,0.9280332803983439,24,0.9146127182174694,0.02086078333188574,0.0042581895664897005,0.9042527206017035,0.925552302895859,24,0.9132688960996286,0.02083013300144696,0.004251933093987809,0.9029241202205163,0.9241924074657211,24,0.7779031606592622,0.00829779813125109,0.0016937809508487476,0.7735160642809756,0.7822516057930011,24,0.37836220338268384,0.003589998079535147,0.0007328052893693876,0.3765712325929819,0.3801781330862813,24,0.8934222360779687,0.9230954655794751,0.029673229501506415,0.015103977437951471,0.02236184621809129,0.5490386836965068,0.08538728178253063,0.0028891082378094124,0.08249817354472122,0.015286374255821815,0.022949393005339182,0.5459401728198767,0.08673110390037142,0.002888875116729417,0.083842228783642,0.014771306612636603,0.02128990246669183,0.5548567679813858,0.08293562824519485,0.002888875116729195,0.08004675312846565,0.015286374255821815,0.022949393005339182,0.5459401728198767,0.08673110390037142,0.002888875116729417,0.083842228783642
4,0.75,24,96,2.0,0.31702778093217676,0.3296883464982196,0.30466230730441946,0.26264477914299555,0.00512616057870051,0.001046373146448865,0.26002433170387984,0.26530940348791116,24,0.26264477914299555,0.00512616057870051,0.001046373146448865,0.26002433170387984,0.26530940348791116,24,0.8284598225768246,0.01616943651949913,0.003300572408424738,0.820194151248556,0.836864841017419,24,0.7966456258847897,0.015548504013405264,0.0031738250913716064,0.7886973696999754,0.8047278780275116,24,0.862084914497021,0.01682571311185678,0.0034345343068754677,0.8534837604445199,0.8708310714092153,24,0.8284598225768246,0.01616943651949913,0.003300572408424738,0.820194151248556,0.836864841017419,24,0.7966456258847897,0.015548504013405264,0.0031738250913716064,0.7886973696999754,0.8047278780275116,24,0.7163504814317156,0.00747041730770377,0.0015248925474608591,0.7127298001591029,0.720551919514523,24,0.29041661279716635,0.0031884093228221255,0.000650831327670588,0.2887914919586016,0.2922292379021437,24,0.7858424626740529,0.8090851260269826,0.023242663352929682,0.03317299355432226,0.007354123417606991,0.6653352973333926,0.1715401774231754,0.0033767650705748276,0.16816341235260057,0.037496264157867214,0.012215049469805232,0.6161606854184775,0.2033543741152103,0.003375695053211225,0.19997867906199907,0.028597296205488423,0.0033525040372799375,0.730016345884957,0.13791508550297904,0.0033756950532118912,0.13453939044976715,0.037496264157867214,0.012215049469805232,0.6161606854184775,0.2033543741152103,0.003375695053211225,0.19997867906199907
6,0.1,24,144,3.0,0.08832749555366244,0.08832749555366243,0.08832749555366244,0.08918235145582036,0.0013674533458165835,0.000279130245359355,0.088478150554552,0.08990844065031176,24,0.08918235145582036,0.0013674533458165835,0.000279130245359355,0.088478150554552,0.08990844065031176,24,1.009678253603812,0.015481627065784999,0.0031601738916028988,1.001705641034484,1.0178986745490686,24,1.009678253603812,0.015481627065784967,0.0031601738916028927,1.0017056410344845,1.0178986745490688,24,1.009678253603812,0.015481627065784999,0.0031601738916028988,1.001705641034484,1.0178986745490686,24,1.009678253603812,0.015481627065784999,0.0031601738916028988,1.001705641034484,1.0178986745490686,24,1.009678253603812,0.015481627065784967,0.0031601738916028927,1.0017056410344845,1.0178986745490688,24,0.9230914763996821,0.027314944868689017,0.00557563977337848,0.9105795668790059,0.9373826937309928,24,0.7451551778080082,0.020739346133999477,0.004233401302271807,0.7353186322039591,0.7558073821882428,24,1.0021189298788646,1.0191067919225651,0.016987862043700508,-0.004261749826497985,0.00020043620986904916,0.8768845720885858,0.018288757830948077,0.0020331552546686282,0.01625560257627945,-0.0042617498264980016,0.00020043620986904547,0.8768845720885865,0.018288757830948077,0.0020331552546686282,0.01625560257627945,-0.004261749826497985,0.00020043620986905642,0.8768845720885846,0.018288757830948077,0.0020331552546687393,0.016255602576279338,-0.0042617498264980016,0.00020043620986904547,0.8768845720885865,0.018288757830948077,0.0020331552546686282,0.01625560257627945
6,0.25,24,144,3.0,0.0938979185615655,0.09389791856150331,0.09389791856150327,0.09416700658469786,0.0012599059256540783,0.0002571772201467842,0.0934944180603306,0.09483714284326866,24,0.09416700658469786,0.0012599059256540783,0.0002571772201467842,0.0934944180603306,0.09483714284326866,24,1.0028657506710965,0.013417825921540566,0.002738902247105322,0.995702774806767,1.0100026102398356,24,1.0028657506717604,0.013417825921549453,0.002738902247107136,0.9957027748074263,1.0100026102405044,24,1.002865750671761,0.013417825921549453,0.002738902247107136,0.995702774807427,1.0100026102405049,24,1.0028657506710965,0.013417825921540566,0.002738902247105322,0.995702774806767,1.0100026102398356,24,1.0028657506717604,0.013417825921549453,0.002738902247107136,0.9957027748074263,1.0100026102405044,24,0.9242318694865718,0.013836949598113862,0.0028244555093323103,0.9170476061079748,0.9311998510177637,24,0.7245101496831278,0.010019574009311137,0.002045236980238713,0.7192922034409448,0.7292924240660315,24,0.9896783142845236,1.011088505124979,0.021410190840455368,0.001371718617389248,0.20976663395234255,0.214106715840006,0.006475514166255025,0.0025019174722477056,0.00397359669400732,0.0013717186448568138,0.209766629584815,0.21410671946361853,0.0064755143679958715,0.002501917471587234,0.003973596896408638,0.0013717185176874635,0.20976664980628426,0.21410670268644522,0.006475513430898583,0.002501917471586901,0.003973595959311682,0.0013717186448568138,0.209766629584815,0.21410671946361853,0.0064755143679958715,0.002501917471587234,0.003973596896408638
6,0.5,24,144,3.0,0.11378423841712111,0.11378421189144378,0.11378421153870749,0.11016257793834859,0.001390686178885232,0.000283872627550809,0.10947538507856962,0.11083035905056036,24,0.11016257793834859,0.001390686178885232,0.000283872627550809,0.10947538507856962,0.11083035905056036,24,0.968170807054173,0.012222133735141087,0.002494832601596029,0.9621313689972095,0.974039643735786,24,0.9681710327567199,0.012222136584397334,0.002494833183198025,0.9621315932918267,0.9740398708064918,24,0.9681710357580947,0.012222136622286498,0.0024948331909321183,0.9621315962744789,0.9740398738260602,24,0.968170807054173,0.012222133735141087,0.002494832601596029,0.9621313689972095,0.974039643735786,24,0.9681710327567199,0.012222136584397334,0.002494833183198025,0.9621315932918267,0.9740398708064918,24,0.8937915489330758,0.01082890095820555,0.002210440151894952,0.8882714615418109,0.8990490268107051,24,0.63993010688271,0.006648037187178608,0.0013570249083029277,0.6365080442200728,0.6431172471431038,24,0.9625376652029913,0.9831506692064074,0.020613004003416036,0.015103977437951471,0.02236184621809129,0.5490386836965068,0.08538728178253063,0.0028891082378094124,0.08249817354472122,0.015286374255821815,0.022949393005339182,0.5459401728198767,0.08673110390037142,0.002888875116729417,0.083842228783642,0.014771306612636603,0.02128990246669183,0.5548567679813858,0.08293562824519485,0.002888875116729195,0.08004675312846565,0.015286374255821815,0.022949393005339182,0.5459401728198767,0.08673110390037142,0.002888875116729417,0.083842228783642
6,0.75,24,144,3.0,0.14651891041667695,0.1465281539992087,0.14649792567269876,0.13570498999669794,0.0019102679879796048,0.0003899318202102585,0.13481136977254626,0.1366713526795253,24,0.13570498999669794,0.0019102679879796048,0.0003899318202102585,0.13481136977254626,0.1366713526795253,24,0.9261943704793744,0.013037689009200923,0.0026613071248028867,0.9200953609958179,0.9327898514318271,24,0.9261359424307685,0.01303686653958611,0.0026611392388957837,0.9200373176971458,0.93273100731388,24,0.9263270409704362,0.013039556561691321,0.002661688337358665,0.9202271578488951,0.9329234666767384,24,0.9261943704793744,0.013037689009200923,0.0026613071248028867,0.9200953609958179,0.9327898514318271,24,0.9261359424307685,0.01303686653958611,0.0026611392388957837,0.9200373176971458,0.93273100731388,24,0.8516610579613761,0.006679493699119588,0.0013634459419148582,0.8479351001171607,0.8551475193457725,24,0.5353523700386508,0.004007128796661338,0.0008179517404527539,0.5331273836625334,0.5372704682518441,24,0.9185468373417881,0.9332610847632172,0.014714247421429127,0.03317299355432226,0.007354123417606991,0.6653352973333926,0.1715401774231754,0.0033767650705748276,0.16816341235260057,0.037496264157867214,0.012215049469805232,0.6161606854184775,0.2033543741152103,0.003375695053211225,0.19997867906199907,0.028597296205488423,0.0033525040372799375,0.730016345884957,0.13791508550297904,0.0033756950532118912,0.13453939044976715,0.037496264157867214,0.012215049469805232,0.6161606854184775,0.2033543741152103,0.003375695053211225,0.19997867906199907
8,0.1,24,192,4.0,0.04968421624893513,0.04968421624893512,0.049684216248935126,0.05013877551020408,0.000781422380616561,0.00015950717550845657,0.049740115646258506,0.050531986394557825,24,0.05013877551020408,0.000781422380616561,0.00015950717550845657,0.049740115646258506,0.050531986394557825,24,1.0091489671285434,0.01572777915427639,0.0032104194762632592,1.0011250936724714,1.0170631683385136,24,1.0091489671285439,0.015727779154276367,0.0032104194762632545,1.0011250936724716,1.0170631683385138,24,1.0091489671285434,0.015727779154276346,0.00321041947626325,1.0011250936724714,1.0170631683385136,24,1.0091489671285434,0.01572777915427639,0.0032104194762632592,1.0011250936724714,1.0170631683385136,24,1.0091489671285439,0.015727779154276367,0.0032104194762632545,1.0011250936724716,1.0170631683385138,24,0.9608024010035198,0.024475627021629028,0.004996066444805591,0.9485236653721206,0.9727796202921485,24,0.852176001257802,0.02116174540749292,0.004319623192920245,0.8414101266728362,0.8623766447167079,24,0.995183212943274,1.024264842246718,0.029081629303443934,-0.004261749826497985,0.00020043620986904916,0.8768845720885858,0.018288757830948077,0.0020331552546686282,0.01625560257627945,-0.0042617498264980016,0.00020043620986904547,0.8768845720885865,0.018288757830948077,0.0020331552546686282,0.01625560257627945,-0.004261749826497985,0.00020043620986905642,0.8768845720885846,0.018288757830948077,0.0020331552546687393,0.016255602576279338,-0.0042617498264980016,0.00020043620986904547,0.8768845720885865,0.018288757830948077,0.0020331552546686282,0.01625560257627945
8,0.25,24,192,4.0,0.05281757919088059,0.052817579190845614,0.0528175791908456,0.05273469387755101,0.0010829795233813556,0.00022106226951390382,0.052138768707483005,0.05321225170068028,24,0.05273469387755101,0.0010829795233813556,0.00022106226951390382,0.052138768707483005,0.05321225170068028,24,0.9984307248723,0.02050414918615471,0.004185391926331834,0.9871480197730305,1.007472370294999,24,0.9984307248729613,0.020504149186168278,0.004185391926334605,0.9871480197736842,1.007472370295666,24,0.9984307248729616,0.02050414918616828,0.004185391926334605,0.9871480197736844,1.0074723702956663,24,0.9984307248723,0.02050414918615471,0.004185391926331834,0.9871480197730305,1.007472370294999,24,0.9984307248729613,0.020504149186168278,0.004185391926334605,0.9871480197736842,1.007472370295666,24,0.9591306579919313,0.015675012124922054,0.003199648451499877,0.951617710254029,0.9670902860728737,24,0.8368421636206099,0.01316049609424729,0.002686375016066401,0.8305359555927423,0.8434920190434246,24,0.9876118160895082,1.013113529650505,0.02550171356099673,0.001371718617389248,0.20976663395234255,0.214106715840006,0.006475514166255025,0.0025019174722477056,0.00397359669400732,0.0013717186448568138,0.209766629584815,0.21410671946361853,0.0064755143679958715,0.002501917471587234,0.003973596896408638,0.0013717185176874635,0.20976664980628426,0.21410670268644522,0.006475513430898583,0.002501917471586901,0.003973595959311682,0.0013717186448568138,0.209766629584815,0.21410671946361853,0.0064755143679958715,0.002501917471587234,0.003973596896408638
8,0.5,24,192,4.0,0.06400363415276204,0.06400361918893713,0.06400361918893711,0.06306938775510204,0.0011363281624482162,0.00023195201486271355,0.06249246258503401,0.06365579591836734,24,0.06306938775510204,0.0011363281624482162,0.00023195201486271355,0.06249246258503401,0.06365579591836734,24,0.985403228894313,0.01775411939478407,0.0036240444458059554,0.9763892849565198,0.9945653361875595,24,0.9854034592781815,0.0177541235456358,0.0036240452930950172,0.9763895132329594,0.9945655687134971,24,0.9854034592781816,0.0177541235456358,0.0036240452930950172,0.9763895132329594,0.9945655687134973,24,0.985403228894313,0.01775411939478407,0.0036240444458059554,0.9763892849565198,0.9945653361875595,24,0.9854034592781815,0.0177541235456358,0.0036240452930950172,0.9763895132329594,0.9945655687134971,24,0.9386889253960936,0.010868589413378791,0.002218541523882766,0.9327812361575986,0.9437545019097451,24,0.7761124737100878,0.008092344605218457,0.0016518429254624499,0.7718431968174609,0.7798550086518354,24,0.9735418851501889,0.9971374895983462,0.023595604448157337,0.015103977437951471,0.02236184621809129,0.5490386836965068,0.08538728178253063,0.0028891082378094124,0.08249817354472122,0.015286374255821815,0.022949393005339182,0.5459401728198767,0.08673110390037142,0.002888875116729417,0.083842228783642,0.014771306612636603,0.02128990246669183,0.5548567679813858,0.08293562824519485,0.002888875116729195,0.08004675312846565,0.015286374255821815,0.022949393005339182,0.5459401728198767,0.08673110390037142,0.002888875116729417,0.083842228783642
8,0.75,24,192,4.0,0.08242217500581656,0.0824220866245549,0.08242208613135431,0.07877278911564627,0.0009821400357957002,0.00020047849530485594,0.07827889115646258,0.07926803401360544,24,0.07877278911564627,0.0009821400357957002,0.00020047849530485594,0.07827889115646258,0.07926803401360544,24,0.955723251783725,0.011915968435999052,0.0024323368716089823,0.9497309571233521,0.9617318883906119,24,0.9557242766064423,0.011915981213500407,0.0024323394798055247,0.9497319755205277,0.9617329196563944,24,0.9557242823253436,0.011915981284803746,0.002432339494360258,0.9497319812035722,0.9617329254112505,24,0.955723251783725,0.011915968435999052,0.0024323368716089823,0.9497309571233521,0.9617318883906119,24,0.9557242766064423,0.011915981213500407,0.0024323394798055247,0.9497319755205277,0.9617329196563944,24,0.9136238969921822,0.009183879112761483,0.0018746514738058274,0.9089825224393475,0.9180797993176337,24,0.6979167076059688,0.006563946486714489,0.0013398599659487352,0.6946958087382148,0.7010287944237078,24,0.944961690189858,0.9659586379228262,0.02099694773296823,0.03317299355432226,0.007354123417606991,0.6653352973333926,0.1715401774231754,0.0033767650705748276,0.16816341235260057,0.037496264157867214,0.012215049469805232,0.6161606854184775,0.2033543741152103,0.003375695053211225,0.19997867906199907,0.028597296205488423,0.0033525040372799375,0.730016345884957,0.13791508550297904,0.0033756950532118912,0.13453939044976715,0.037496264157867214,0.012215049469805232,0.6161606854184775,0.2033543741152103,0.003375695053211225,0.19997867906199907
12,0.1,24,288,6.0,0.022081873888415607,0.022081873888415607,0.02208187388841561,0.02216852925443479,0.0004777644939560823,9.752326895095162e-05,0.021932982983706575,0.022420349072561407,24,0.02216852925443479,0.0004777644939560823,9.752326895095162e-05,0.021932982983706575,0.022420349072561407,24,1.0039242759222822,0.02163604847896187,0.0044164399019647246,0.9932573247423924,1.0153281911605958,24,1.0039242759222822,0.02163604847896187,0.0044164399019647246,0.9932573247423924,1.0153281911605958,24,1.0039242759222822,0.021636048478961868,0.004416439901964724,0.993257324742392,1.0153281911605954,24,1.0039242759222822,0.02163604847896187,0.0044164399019647246,0.9932573247423924,1.0153281911605958,24,1.0039242759222822,0.02163604847896187,0.0044164399019647246,0.9932573247423924,1.0153281911605958,24,0.9818487438669603,0.02727272678890818,0.005567022043929883,0.9682509217621311,0.9950326420236226,24,0.9310718803401233,0.02541875873831829,0.005188582400315911,0.9184876896995045,0.9433801681923812,24,0.9984410341772108,1.010225911957663,0.01178487778045234,-0.004261749826497985,0.00020043620986904916,0.8768845720885858,0.018288757830948077,0.0020331552546686282,0.01625560257627945,-0.0042617498264980016,0.00020043620986904547,0.8768845720885865,0.018288757830948077,0.0020331552546686282,0.01625560257627945,-0.004261749826497985,0.00020043620986905642,0.8768845720885846,0.018288757830948077,0.0020331552546687393,0.016255602576279338,-0.0042617498264980016,0.00020043620986904547,0.8768845720885865,0.018288757830948077,0.0020331552546686282,0.01625560257627945
12,0.25,24,288,6.0,0.023474479640391375,0.023474479640375828,0.023474479640375818,0.023515471767217494,0.00039214790184125356,8.004685526784128e-05,0.02332511071915646,0.023718507086507922,24,0.023515471767217494,0.00039214790184125356,8.004685526784128e-05,0.02332511071915646,0.023718507086507922,24,1.0017462421938241,0.01670528624483348,0.003409952275581377,0.9936369656101811,1.0103954358032567,24,1.0017462421944876,0.016705286244844547,0.0034099522755836366,0.9936369656108391,1.0103954358039262,24,1.001746242194488,0.016705286244844568,0.0034099522755836405,0.9936369656108397,1.0103954358039264,24,1.0017462421938241,0.01670528624483348,0.003409952275581377,0.9936369656101811,1.0103954358032567,24,1.0017462421944876,0.016705286244844547,0.0034099522755836366,0.9936369656108391,1.0103954358039262,24,0.9776187791216092,0.015648065780877792,0.0031941480520547164,0.9693228316071951,0.984790352524023,24,0.9204098630267614,0.014283792672805105,0.0029156669700064687,0.9126998462810071,0.9270324738350666,24,0.9890951445844796,1.0124983920902144,0.02340324750573486,0.001371718617389248,0.20976663395234255,0.214106715840006,0.006475514166255025,0.0025019174722477056,0.00397359669400732,0.0013717186448568138,0.209766629584815,0.21410671946361853,0.0064755143679958715,0.002501917471587234,0.003973596896408638,0.0013717185176874635,0.20976664980628426,0.21410670268644522,0.006475513430898583,0.002501917471586901,0.003973595959311682,0.0013717186448568138,0.209766629584815,0.21410671946361853,0.0064755143679958715,0.002501917471587234,0.003973596896408638
12,0.5,24,288,6.0,0.028446059623449798,0.028446052972860944,0.028446052972860937,0.028309888341116207,0.0005496877465849942,0.00011220454141612854,0.028031545321362653,0.0285785660242787,24,0.028309888341116207,0.0005496877465849942,0.00011220454141612854,0.028031545321362653,0.0285785660242787,24,0.9952130001787193,0.019323862561683336,0.003944466927982933,0.9854280590150548,1.0046581636466676,24,0.9952132328560784,0.01932386707953563,0.003944467850185671,0.9854282894047286,1.0046583985322737,24,0.9952132328560787,0.019323867079535623,0.00394446785018567,0.9854282894047288,1.004658398532274,24,0.9952130001787193,0.019323862561683336,0.003944466927982933,0.9854280590150548,1.0046581636466676,24,0.9952132328560784,0.01932386707953563,0.003944467850185671,0.9854282894047286,1.0046583985322737,24,0.9663140421503001,0.011814837335252251,0.0024116935721126775,0.9603539853295081,0.9723541929795957,24,0.8876687244582095,0.010641014439466173,0.0021720879768566733,0.8822933931841976,0.8931037331121207,24,0.9901732135050754,1.0070721019172626,0.01689888841218723,0.015103977437951471,0.02236184621809129,0.5490386836965068,0.08538728178253063,0.0028891082378094124,0.08249817354472122,0.015286374255821815,0.022949393005339182,0.5459401728198767,0.08673110390037142,0.002888875116729417,0.083842228783642,0.014771306612636603,0.02128990246669183,0.5548567679813858,0.08293562824519485,0.002888875116729195,0.08004675312846565,0.015286374255821815,0.022949393005339182,0.5459401728198767,0.08673110390037142,0.002888875116729417,0.083842228783642
12,0.75,24,288,6.0,0.036632077829526676,0.03663203849980218,0.03663203849980218,0.03582951418506364,0.000643953310097119,0.00013144641899284738,0.03550602208600192,0.03614281084493535,24,0.03582951418506364,0.000643953310097119,0.00013144641899284738,0.03550602208600192,0.03614281084493535,24,0.9780912333666166,0.01757894578336126,0.003588287282107084,0.9692603911586712,0.9866437555939849,24,0.97809228348723,0.017578964656869873,0.0035882911346458973,0.9692614317981146,0.9866448148969523,24,0.97809228348723,0.017578964656869873,0.0035882911346458973,0.9692614317981146,0.9866448148969523,24,0.9780912333666166,0.01757894578336126,0.003588287282107084,0.9692603911586712,0.9866437555939849,24,0.97809228348723,0.017578964656869873,0.0035882911346458973,0.9692614317981146,0.9866448148969523,24,0.9596625328641523,0.010751502649233888,0.002194641288233715,0.9543664102325484,0.964777526099551,24,0.8493120947144511,0.00934282931851371,0.0019070970486894405,0.8447273829373405,0.8537567275376795,24,0.9666305857184276,0.9882384348837165,0.021607849165288906,0.03317299355432226,0.007354123417606991,0.6653352973333926,0.1715401774231754,0.0033767650705748276,0.16816341235260057,0.037496264157867214,0.012215049469805232,0.6161606854184775,0.2033543741152103,0.003375695053211225,0.19997867906199907,0.028597296205488423,0.0033525040372799375,0.730016345884957,0.13791508550297904,0.0033756950532118912,0.13453939044976715,0.037496264157867214,0.012215049469805232,0.6161606854184775,0.2033543741152103,0.003375695053211225,0.19997867906199907
16,0.1,24,384,8.0,0.01242105406223378,0.01242105406223378,0.012421054062233781,0.012472166080903022,0.00015241503620328701,3.1111588985489863e-05,0.012396405738048661,0.01254556240073809,24,0.012472166080903022,0.00015241503620328701,3.1111588985489863e-05,0.012396405738048661,0.01254556240073809,24,1.0041149501816153,0.012270700653876481,0.00250474628236944,0.9980156012475576,1.010023975250448,24,1.0041149501816153,0.012270700653876481,0.00250474628236944,0.9980156012475576,1.010023975250448,24,1.0041149501816153,0.012270700653876488,0.0025047462823694416,0.9980156012475575,1.0100239752504478,24,1.0041149501816153,0.012270700653876481,0.00250474628236944,0.9980156012475576,1.010023975250448,24,1.0041149501816153,0.012270700653876481,0.00250474628236944,0.9980156012475576,1.010023975250448,24,0.9914998993733753,0.02661646025022316,0.005433062197676484,0.9774018572439825,1.0055844107378895,24,0.9622711592971672,0.025603625635947497,0.005226318197776152,0.9487048217993422,0.9759192588664903,24,0.9942584066606612,1.009941746627704,0.015683339967042853,-0.004261749826497985,0.00020043620986904916,0.8768845720885858,0.018288757830948077,0.0020331552546686282,0.01625560257627945,-0.0042617498264980016,0.00020043620986904547,0.8768845720885865,0.018288757830948077,0.0020331552546686282,0.01625560257627945,-0.004261749826497985,0.00020043620986905642,0.8768845720885846,0.018288757830948077,0.0020331552546687393,0.016255602576279338,-0.0042617498264980016,0.00020043620986904547,0.8768845720885865,0.018288757830948077,0.0020331552546686282,0.01625560257627945
16,0.25,24,384,8.0,0.013204394797720148,0.013204394797711403,0.0132043947977114,0.013214178456343699,0.00023273816909149527,4.750747982864622e-05,0.013093092453253897,0.013334249857279296,24,0.013214178456343699,0.00023273816909149527,4.750747982864622e-05,0.013093092453253897,0.013334249857279296,24,1.000740939571516,0.017625811152789807,0.003597853635582665,0.9915708106148516,1.0098342303110757,24,1.0007409395721787,0.017625811152801464,0.0035978536355850445,0.9915708106155082,1.0098342303117445,24,1.000740939572179,0.017625811152801475,0.0035978536355850466,0.9915708106155086,1.0098342303117447,24,1.000740939571516,0.017625811152789807,0.003597853635582665,0.9915708106148516,1.0098342303110757,24,1.0007409395721787,0.017625811152801464,0.0035978536355850445,0.9915708106155082,1.0098342303117445,24,0.9884813071926457,0.02170526889748439,0.0044305694607282295,0.9764035387381317,0.998430068490855,24,0.9553165933042139,0.02068412621664948,0.004222129583842961,0.943821876557637,0.9648339516256716,24,0.991059324216981,1.0114982899668428,0.020438965749861815,0.001371718617389248,0.20976663395234255,0.214106715840006,0.006475514166255025,0.0025019174722477056,0.00397359669400732,0.0013717186448568138,0.209766629584815,0.21410671946361853,0.0064755143679958715,0.002501917471587234,0.003973596896408638,0.0013717185176874635,0.20976664980628426,0.21410670268644522,0.006475513430898583,0.002501917471586901,0.003973595959311682,0.0013717186448568138,0.209766629584815,0.21410671946361853,0.0064755143679958715,0.002501917471587234,0.003973596896408638
16,0.5,24,384,8.0,0.016000908538190514,0.016000904797234282,0.01600090479723428,0.016011774796200248,0.000209274408750176,4.271795980504753e-05,0.015892038213975536,0.01611459119650003,24,0.016011774796200248,0.000209274408750176,4.271795980504753e-05,0.015892038213975536,0.01611459119650003,24,1.000679102563695,0.013078907878929867,0.002669720891353734,0.9931959910929352,1.0071047627100784,24,1.00067933651901,0.013078910936733341,0.0026697215155252543,0.9931962232987247,1.007104998167691,24,1.0006793365190103,0.013078910936733341,0.0026697215155252543,0.9931962232987248,1.0071049981676912,24,1.000679102563695,0.013078907878929867,0.002669720891353734,0.9931959910929352,1.0071047627100784,24,1.00067933651901,0.013078910936733341,0.0026697215155252543,0.9931962232987247,1.007104998167691,24,0.9857434210013517,0.008732393055277902,0.0017824922682378567,0.981794222919522,0.9905219456036902,24,0.9395149701986028,0.008203720795718216,0.001674577495147402,0.9357534315464691,0.9439303826010436,24,0.9872788908584607,1.008457513180023,0.021178622321562424,0.015103977437951471,0.02236184621809129,0.5490386836965068,0.08538728178253063,0.0028891082378094124,0.08249817354472122,0.015286374255821815,0.022949393005339182,0.5459401728198767,0.08673110390037142,0.002888875116729417,0.083842228783642,0.014771306612636603,0.02128990246669183,0.5548567679813858,0.08293562824519485,0.002888875116729195,0.08004675312846565,0.015286374255821815,0.022949393005339182,0.5459401728198767,0.08673110390037142,0.002888875116729417,0.083842228783642
16,0.75,24,384,8.0,0.020605543779108757,0.020605521656138725,0.020605521656138735,0.020327215958744923,0.00026188712917652043,5.345748639040167e-05,0.020184486800702374,0.020461819844535895,24,0.020327215958744923,0.00026188712917652043,5.345748639040167e-05,0.020184486800702374,0.020461819844535895,24,0.9864925758161247,0.012709547099748888,0.0025943254380212163,0.9795658400030541,0.9930249870562222,24,0.9864936349567793,0.012709560745262662,0.0025943282234000514,0.9795668917068685,0.993026053210353,24,0.9864936349567787,0.012709560745262655,0.00259432822340005,0.979566891706868,0.9930260532103524,24,0.9864925758161247,0.012709547099748888,0.0025943254380212163,0.9795658400030541,0.9930249870562222,24,0.9864936349567793,0.012709560745262662,0.0025943282234000514,0.9795668917068685,0.993026053210353,24,0.9773089033991386,0.009818684093514912,0.002004230497891094,0.9724157938724097,0.9818949147192246,24,0.9120424385948936,0.008988661820919817,0.0018348029109741548,0.9075425537449853,0.916232113702611,24,0.9801581740374841,0.9942406234384045,0.014082449400920405,0.03317299355432226,0.007354123417606991,0.6653352973333926,0.1715401774231754,0.0033767650705748276,0.16816341235260057,0.037496264157867214,0.012215049469805232,0.6161606854184775,0.2033543741152103,0.003375695053211225,0.19997867906199907,0.028597296205488423,0.0033525040372799375,0.730016345884957,0.13791508550297904,0.0033756950532118912,0.13453939044976715,0.037496264157867214,0.012215049469805232,0.6161606854184775,0.2033543741152103,0.003375695053211225,0.19997867906199907
24,0.1,24,576,12.0,0.005520468472103903,0.005520468472103902,0.005520468472103903,0.005537472380149955,9.468163730781761e-05,1.932680828461803e-05,0.005487660633207191,0.00558278483701738,24,0.005537472380149955,9.468163730781761e-05,1.932680828461803e-05,0.005487660633207191,0.00558278483701738,24,1.0030801567171295,0.01715101495213026,0.003500936266963666,0.9940570552911413,1.0112882385305477,24,1.0030801567171295,0.01715101495213026,0.003500936266963666,0.9940570552911413,1.0112882385305482,24,1.0030801567171295,0.01715101495213026,0.003500936266963666,0.9940570552911413,1.0112882385305477,24,1.0030801567171295,0.01715101495213026,0.003500936266963666,0.9940570552911413,1.0112882385305477,24,1.0030801567171295,0.01715101495213026,0.003500936266963666,0.9940570552911413,1.0112882385305482,24,0.9981726510388415,0.02671521375461302,0.005453220172348723,0.9856026261466228,1.0123393176987274,24,0.9850973612266832,0.026388382798795643,0.005386506082857166,0.9727229088035506,0.9991369993888475,24,0.9915573719312162,1.017483637699521,0.025926265768304924,-0.004261749826497985,0.00020043620986904916,0.8768845720885858,0.018288757830948077,0.0020331552546686282,0.01625560257627945,-0.0042617498264980016,0.00020043620986904547,0.8768845720885865,0.018288757830948077,0.0020331552546686282,0.01625560257627945,-0.004261749826497985,0.00020043620986905642,0.8768845720885846,0.018288757830948077,0.0020331552546687393,0.016255602576279338,-0.0042617498264980016,0.00020043620986904547,0.8768845720885865,0.018288757830948077,0.0020331552546686282,0.01625560257627945
24,0.25,24,576,12.0,0.005868619910097844,0.005868619910093957,0.0058686199100939545,0.005887033763128806,8.466230945805525e-05,1.72816215514868e-05,0.005845474965403925,0.005927696153444545,24,0.005887033763128806,8.466230945805525e-05,1.72816215514868e-05,0.005845474965403925,0.005927696153444545,24,1.0031376802916265,0.014426272403905557,0.0029447505233302237,0.9960561520342978,1.0100664626865767,24,1.003137680292291,0.014426272403915103,0.0029447505233321726,0.9960561520349576,1.0100664626872455,24,1.0031376802922916,0.014426272403915115,0.002944750523332175,0.996056152034958,1.010066462687246,24,1.0031376802916265,0.014426272403905557,0.0029447505233302237,0.9960561520342978,1.0100664626865767,24,1.003137680292291,0.014426272403915103,0.0029447505233321726,0.9960561520349576,1.0100664626872455,24,0.9943631120225485,0.015751218436416914,0.0032152039996950436,0.9870141342719796,1.0020489593819102,24,0.9795002633284199,0.015453401224236604,0.003154412315823381,0.9722753201915827,0.9870063969070604,24,0.9968488966696636,1.0175558671344127,0.02070697046474912,0.001371718617389248,0.20976663395234255,0.214106715840006,0.006475514166255025,0.0025019174722477056,0.00397359669400732,0.0013717186448568138,0.209766629584815,0.21410671946361853,0.0064755143679958715,0.002501917471587234,0.003973596896408638,0.0013717185176874635,0.20976664980628426,0.21410670268644522,0.006475513430898583,0.002501917471586901,0.003973595959311682,0.0013717186448568138,0.209766629584815,0.21410671946361853,0.0064755143679958715,0.002501917471587234,0.003973596896408638
24,0.5,24,576,12.0,0.0071115149058624495,0.007111513243215236,0.007111513243215234,0.007098946575018573,0.00010148594829064761,2.0715732447880444e-05,0.007045982024443492,0.007146055597362896,24,0.007098946575018573,0.00010148594829064761,2.0715732447880444e-05,0.007045982024443492,0.007146055597362896,24,0.9982326788300036,0.014270651138899625,0.002912984465630976,0.9907849618138416,1.0048570089436182,24,0.9982329122133532,0.014270654475328529,0.002912985146676674,0.9907851934559407,1.004857243875713,24,0.9982329122133534,0.01427065447532854,0.0029129851466766763,0.9907851934559411,1.0048572438757135,24,0.9982326788300036,0.014270651138899625,0.002912984465630976,0.9907849618138416,1.0048570089436182,24,0.9982329122133532,0.014270654475328529,0.002912985146676674,0.9907851934559407,1.004857243875713,24,0.9923435093192557,0.012904381222069291,0.002634095786701882,0.9862170563149797,0.9998860897007884,24,0.9713453605994736,0.01264892724616711,0.002581951462224751,0.9653549863488008,0.9787966801053494,24,0.9855329626560506,1.0069245720432678,0.02139160938721718,0.015103977437951471,0.02236184621809129,0.5490386836965068,0.08538728178253063,0.0028891082378094124,0.08249817354472122,0.015286374255821815,0.022949393005339182,0.5459401728198767,0.08673110390037142,0.002888875116729417,0.083842228783642,0.014771306612636603,0.02128990246669183,0.5548567679813858,0.08293562824519485,0.002888875116729195,0.08004675312846565,0.015286374255821815,0.022949393005339182,0.5459401728198767,0.08673110390037142,0.002888875116729417,0.083842228783642
24,0.75,24,576,12.0,0.009158019457381669,0.009158009624950544,0.009158009624950544,0.009115000594104325,8.673420693654841e-05,1.7704545853292412e-05,0.009070742822439621,0.00915760957624159,24,0.009115000594104325,8.673420693654841e-05,1.7704545853292412e-05,0.009070742822439621,0.00915760957624159,24,0.9953026018914307,0.009470847636891364,0.001933228678502308,0.9904699225254756,0.9999552434735492,24,0.9953036704909062,0.009470857805198778,0.0019332307540993678,0.9904709859363797,0.9999563170682997,24,0.9953036704909062,0.009470857805198778,0.0019332307540993678,0.9904709859363797,0.9999563170682997,24,0.9953026018914307,0.009470847636891364,0.001933228678502308,0.9904699225254756,0.9999552434735492,24,0.9953036704909062,0.009470857805198778,0.0019332307540993678,0.9904709859363797,0.9999563170682997,24,0.991904715403249,0.009939461279619179,0.0020288840377681453,0.9873880844442934,0.9978975141259683,24,0.9618647290145198,0.00960808352229736,0.0019612418363059545,0.9574818081943731,0.9676083484439009,24,0.9868505680158699,1.0002182649531368,0.013367696937266915,0.03317299355432226,0.007354123417606991,0.6653352973333926,0.1715401774231754,0.0033767650705748276,0.16816341235260057,0.037496264157867214,0.012215049469805232,0.6161606854184775,0.2033543741152103,0.003375695053211225,0.19997867906199907,0.028597296205488423,0.0033525040372799375,0.730016345884957,0.13791508550297904,0.0033756950532118912,0.13453939044976715,0.037496264157867214,0.012215049469805232,0.6161606854184775,0.2033543741152103,0.003375695053211225,0.19997867906199907
32,0.1,24,768,16.0,0.003105263515558446,0.003105263515558445,0.0031052635155584454,0.0031136455763991883,5.3899527092559466e-05,1.1002194896174036e-05,0.0030810990390705145,0.0031368311955738025,24,0.0031136455763991883,5.3899527092559466e-05,1.1002194896174036e-05,0.0030810990390705145,0.0031368311955738025,24,1.002699307417469,0.017357472827186533,0.003543079304235929,0.9922182203323942,1.0101658618848903,24,1.0026993074174693,0.01735747282718655,0.0035430793042359326,0.9922182203323944,1.0101658618848905,24,1.0026993074174693,0.01735747282718654,0.0035430793042359305,0.9922182203323943,1.0101658618848905,24,1.002699307417469,0.017357472827186533,0.003543079304235929,0.9922182203323942,1.0101658618848903,24,1.0026993074174693,0.01735747282718655,0.0035430793042359326,0.9922182203323944,1.0101658618848905,24,0.9971143513160238,0.029718438490082946,0.006066250854415915,0.9813333229544066,1.0116594750001935,24,0.9897230069934772,0.029442579971435928,0.006009941470092146,0.9741087676308946,1.0041548013411317,24,0.9948527801140211,1.0100028224507827,0.015150042336761538,-0.004261749826497985,0.00020043620986904916,0.8768845720885858,0.018288757830948077,0.0020331552546686282,0.01625560257627945,-0.0042617498264980016,0.00020043620986904547,0.8768845720885865,0.018288757830948077,0.0020331552546686282,0.01625560257627945,-0.004261749826497985,0.00020043620986905642,0.8768845720885846,0.018288757830948077,0.0020331552546687393,0.016255602576279338,-0.0042617498264980016,0.00020043620986904547,0.8768845720885865,0.018288757830948077,0.0020331552546686282,0.01625560257627945
32,0.25,24,768,16.0,0.003301098699430037,0.003301098699427851,0.00330109869942785,0.003323829931601138,6.928326225192716e-05,1.4142386686054378e-05,0.0032872373665122786,0.003355028355075147,24,0.003323829931601138,6.928326225192716e-05,1.4142386686054378e-05,0.0032872373665122786,0.003355028355075147,24,1.0068859595670452,0.020987940246648653,0.004284145363026011,0.9958009940992822,1.0163368807041189,24,1.0068859595677122,0.02098794024666253,0.004284145363028844,0.9958009940999417,1.016336880704792,24,1.0068859595677122,0.02098794024666254,0.004284145363028845,0.995800994099942,1.0163368807047921,24,1.0068859595670452,0.020987940246648653,0.004284145363026011,0.9958009940992822,1.0163368807041189,24,1.0068859595677122,0.02098794024666253,0.004284145363028844,0.9958009940999417,1.016336880704792,24,0.9980648076941422,0.01797297713488588,0.00366871859493163,0.9887737950412562,1.0070799229331482,24,0.9896446211942971,0.01781922362209069,0.003637333790555905,0.9804075825553266,0.9985805320774787,24,0.9911533664494665,1.019962400601059,0.028809034151592527,0.001371718617389248,0.20976663395234255,0.214106715840006,0.006475514166255025,0.0025019174722477056,0.00397359669400732,0.0013717186448568138,0.209766629584815,0.21410671946361853,0.0064755143679958715,0.002501917471587234,0.003973596896408638,0.0013717185176874635,0.20976664980628426,0.21410670268644522,0.006475513430898583,0.002501917471586901,0.003973595959311682,0.0013717186448568138,0.209766629584815,0.21410671946361853,0.0064755143679958715,0.002501917471587234,0.003973596896408638
32,0.5,24,768,16.0,0.0040002271345476285,0.0040002261993085705,0.00400022619930857,0.003983048332453139,5.5195118121214296e-05,1.1266656307468362e-05,0.003953117506965676,0.004010793426128082,24,0.003983048332453139,5.5195118121214296e-05,1.1266656307468362e-05,0.003953117506965676,0.004010793426128082,24,0.9957055433312458,0.01379799602990697,0.002816504145518345,0.9882232618305363,1.0026414229055143,24,0.99570577612376,0.013797999255830761,0.0028165048040072814,0.9882234928737188,1.0026416573196133,24,0.9957057761237603,0.013797999255830758,0.0028165048040072805,0.988223492873719,1.0026416573196133,24,0.9957055433312458,0.01379799602990697,0.002816504145518345,0.9882232618305363,1.0026414229055143,24,0.99570577612376,0.013797999255830761,0.0028165048040072814,0.9882234928737188,1.0026416573196133,24,0.9904823205979657,0.011894688448455024,0.0024279931123410113,0.9846442815069348,0.9966069290267282,24,0.9786061118033921,0.011740474435175,0.0023965143086974406,0.9728302975618215,0.9845549100418248,24,0.9875071107783724,1.0023026456690203,0.014795534890647888,0.015103977437951471,0.02236184621809129,0.5490386836965068,0.08538728178253063,0.0028891082378094124,0.08249817354472122,0.015286374255821815,0.022949393005339182,0.5459401728198767,0.08673110390037142,0.002888875116729417,0.083842228783642,0.014771306612636603,0.02128990246669183,0.5548567679813858,0.08293562824519485,0.002888875116729195,0.08004675312846565,0.015286374255821815,0.022949393005339182,0.5459401728198767,0.08673110390037142,0.002888875116729417,0.083842228783642
32,0.75,24,768,16.0,0.005151385944777189,0.005151380414034681,0.005151380414034684,0.0051336243033480436,8.186229003666337e-05,1.6710069980462374e-05,0.005092225236016881,0.005173675256824542,24,0.0051336243033480436,8.186229003666337e-05,1.6710069980462374e-05,0.005092225236016881,0.005173675256824542,24,0.9965520654791642,0.015891313699696825,0.0032438008255630977,0.9885155743727008,1.0043268573324333,24,0.9965531354201174,0.015891330761291407,0.003243804308246508,0.9885166356853329,1.0043279356207355,24,0.9965531354201169,0.015891330761291414,0.00324380430824651,0.9885166356853327,1.004327935620735,24,0.9965520654791642,0.015891313699696825,0.0032438008255630977,0.9885155743727008,1.0043268573324333,24,0.9965531354201174,0.015891330761291407,0.003243804308246508,0.9885166356853329,1.0043279356207355,24,0.9945933096354708,0.010021605133545794,0.0020456515817369723,0.9888920905327779,0.9992621592249816,24,0.9773936844161173,0.009798762441631973,0.002000164007728881,0.9718847783843201,0.9819886071388759,24,0.9926906532398061,0.9992699661062685,0.006579312866462406,0.03317299355432226,0.007354123417606991,0.6653352973333926,0.1715401774231754,0.0033767650705748276,0.16816341235260057,0.037496264157867214,0.012215049469805232,0.6161606854184775,0.2033543741152103,0.003375695053211225,0.19997867906199907,0.028597296205488423,0.0033525040372799375,0.730016345884957,0.13791508550297904,0.0033756950532118912,0.13453939044976715,0.037496264157867214,0.012215049469805232,0.6161606854184775,0.2033543741152103,0.003375695053211225,0.19997867906199907
48,0.1,24,1152,24.0,0.0013801171180259756,0.0013801171180259754,0.0013801171180259756,0.0013787501029476727,2.1592000009970034e-05,4.40744854588299e-06,0.0013694649715864423,0.0013908793977373975,24,0.0013787501029476727,2.1592000009970034e-05,4.40744854588299e-06,0.0013694649715864423,0.0013908793977373975,24,0.999009493425994,0.015645049052687442,0.0031935322649914643,0.9922817083417027,1.0077980916045846,24,0.999009493425994,0.01564504905268747,0.00319353226499147,0.9922817083417027,1.0077980916045846,24,0.999009493425994,0.015645049052687442,0.0031935322649914643,0.9922817083417027,1.0077980916045846,24,0.999009493425994,0.015645049052687442,0.0031935322649914643,0.9922817083417027,1.0077980916045846,24,0.999009493425994,0.01564504905268747,0.00319353226499147,0.9922817083417027,1.0077980916045846,24,0.9980100048142146,0.026572920479714917,0.0054241746792378955,0.9848823338862664,1.0099500646021429,24,0.9947332160712118,0.02644423343965476,0.005397906547183189,0.9816826684979801,1.0066128975274802,24,0.9882137894242689,1.0098594471965723,0.021645657772303428,-0.004261749826497985,0.00020043620986904916,0.8768845720885858,0.018288757830948077,0.0020331552546686282,0.01625560257627945,-0.0042617498264980016,0.00020043620986904547,0.8768845720885865,0.018288757830948077,0.0020331552546686282,0.01625560257627945,-0.004261749826497985,0.00020043620986905642,0.8768845720885846,0.018288757830948077,0.0020331552546687393,0.016255602576279338,-0.0042617498264980016,0.00020043620986904547,0.8768845720885865,0.018288757830948077,0.0020331552546686282,0.01625560257627945
48,0.25,24,1152,24.0,0.0014671549775244605,0.0014671549775234893,0.0014671549775234886,0.0014740983655653136,2.21719086756614e-05,4.52582190657983e-06,0.0014644396277412157,0.001487539775237154,24,0.0014740983655653136,2.21719086756614e-05,4.52582190657983e-06,0.0014644396277412157,0.001487539775237154,24,1.0047325525573096,0.015112179023563136,0.0030847606257767505,0.9981492413379353,1.0138940998224257,24,1.004732552557975,0.015112179023573159,0.0030847606257787966,0.9981492413385961,1.013894099823097,24,1.0047325525579753,0.015112179023573159,0.0030847606257787966,0.9981492413385965,1.0138940998230974,24,1.0047325525573096,0.015112179023563136,0.0030847606257767505,0.9981492413379353,1.0138940998224257,24,1.004732552557975,0.015112179023573159,0.0030847606257787966,0.9981492413385961,1.013894099823097,24,0.9975222551307734,0.01691707374070918,0.0034531832171478156,0.9886488148833706,1.0055753790777548,24,0.9937962446496101,0.01681651827357396,0.0034326574183704416,0.9850067742733821,1.0017875220160328,24,0.9941945597142732,1.0148622938629377,0.02066773414866452,0.001371718617389248,0.20976663395234255,0.214106715840006,0.006475514166255025,0.0025019174722477056,0.00397359669400732,0.0013717186448568138,0.209766629584815,0.21410671946361853,0.0064755143679958715,0.002501917471587234,0.003973596896408638,0.0013717185176874635,0.20976664980628426,0.21410670268644522,0.006475513430898583,0.002501917471586901,0.003973595959311682,0.0013717186448568138,0.209766629584815,0.21410671946361853,0.0064755143679958715,0.002501917471587234,0.003973596896408638
48,0.5,24,1152,24.0,0.0017778787264656124,0.001777878310803809,0.0017778783108038086,0.0017779250241459089,2.4304197436943696e-05,4.961073527364233e-06,0.0017651218900443983,0.0017902042481825055,24,0.0017779250241459089,2.4304197436943696e-05,4.961073527364233e-06,0.0017651218900443983,0.0017902042481825055,24,1.0000260409664659,0.013670334806952754,0.0027904454075035525,0.992824686953438,1.0069327123011345,24,1.0000262747690973,0.013670338003029782,0.002790446059900044,0.9928249190724179,1.0069329477185218,24,1.0000262747690976,0.013670338003029777,0.002790446059900043,0.9928249190724181,1.006932947718522,24,1.0000260409664659,0.013670334806952754,0.0027904454075035525,0.992824686953438,1.0069327123011345,24,1.0000262747690973,0.013670338003029782,0.002790446059900044,0.9928249190724179,1.0069329477185218,24,0.9995970186751828,0.011959492196107088,0.002441221121938315,0.9927079935964842,1.005281025458845,24,0.994263272819079,0.011883771281707188,0.002425764655010255,0.9874510391466694,0.9999085839034466,24,0.9944042459361463,1.008175058133712,0.013770812197565818,0.015103977437951471,0.02236184621809129,0.5490386836965068,0.08538728178253063,0.0028891082378094124,0.08249817354472122,0.015286374255821815,0.022949393005339182,0.5459401728198767,0.08673110390037142,0.002888875116729417,0.083842228783642,0.014771306612636603,0.02128990246669183,0.5548567679813858,0.08293562824519485,0.002888875116729195,0.08004675312846565,0.015286374255821815,0.022949393005339182,0.5459401728198767,0.08673110390037142,0.002888875116729417,0.083842228783642
48,0.75,24,1152,24.0,0.0022895048643454172,0.002289502406237636,0.002289502406237636,0.0022857752521282092,3.385556849273734e-05,6.910738979921122e-06,0.002270163892694833,0.002303709111056206,24,0.0022857752521282092,3.385556849273734e-05,6.910738979921122e-06,0.002270163892694833,0.002303709111056206,24,0.9983709961593489,0.014787288299741982,0.0030184425844829743,0.9915523343270495,1.0062040692430891,24,0.9983720680531838,0.014787304176007663,0.003018445825212136,0.991553398900077,1.0062051495468465,24,0.9983720680531838,0.014787304176007663,0.003018445825212136,0.991553398900077,1.0062051495468465,24,0.9983709961593489,0.014787288299741982,0.0030184425844829743,0.9915523343270495,1.0062040692430891,24,0.9983720680531838,0.014787304176007663,0.003018445825212136,0.991553398900077,1.0062051495468465,24,0.9991961926934511,0.011791374490322077,0.002406904238946596,0.993032380242796,1.0055184915358264,24,0.9915270610474588,0.011670465670133518,0.002382223829374605,0.9853989632494532,0.997803063196127,24,0.9959684798187907,1.0005794450031367,0.004610965184346005,0.03317299355432226,0.007354123417606991,0.6653352973333926,0.1715401774231754,0.0033767650705748276,0.16816341235260057,0.037496264157867214,0.012215049469805232,0.6161606854184775,0.2033543741152103,0.003375695053211225,0.19997867906199907,0.028597296205488423,0.0033525040372799375,0.730016345884957,0.13791508550297904,0.0033756950532118912,0.13453939044976715,0.037496264157867214,0.012215049469805232,0.6161606854184775,0.2033543741152103,0.003375695053211225,0.19997867906199907
64,0.1,24,1536,32.0,0.0007763158788896112,0.0007763158788896112,0.0007763158788896113,0.000774737508181164,1.1112561196975604e-05,2.268342055670175e-06,0.000769432485253699,0.0007803575069789307,24,0.000774737508181164,1.1112561196975604e-05,2.268342055670175e-06,0.000769432485253699,0.0007803575069789307,24,0.9979668447453314,0.014314483960923548,0.002921931802959713,0.9911332566767052,1.0052061643967665,24,0.9979668447453314,0.014314483960923548,0.002921931802959713,0.9911332566767052,1.0052061643967665,24,0.9979668447453313,0.014314483960923547,0.0029219318029597126,0.9911332566767052,1.0052061643967662,24,0.9979668447453314,0.014314483960923548,0.002921931802959713,0.9911332566767052,1.0052061643967665,24,0.9979668447453314,0.014314483960923548,0.002921931802959713,0.9911332566767052,1.0052061643967665,24,1.0066114904151602,0.029891079314204934,0.006101491015071952,0.9907999274295232,1.022328123952614,24,1.004747051447296,0.029820221106229308,0.0060870271439362605,0.9890061682824536,1.020394641875458,24,0.9870949192721352,1.0023861062219672,0.015291186949832003,-0.004261749826497985,0.00020043620986904916,0.8768845720885858,0.018288757830948077,0.0020331552546686282,0.01625560257627945,-0.0042617498264980016,0.00020043620986904547,0.8768845720885865,0.018288757830948077,0.0020331552546686282,0.01625560257627945,-0.004261749826497985,0.00020043620986905642,0.8768845720885846,0.018288757830948077,0.0020331552546687393,0.016255602576279338,-0.0042617498264980016,0.00020043620986904547,0.8768845720885865,0.018288757830948077,0.0020331552546686282,0.01625560257627945
64,0.25,24,1536,32.0,0.0008252746748575093,0.0008252746748569627,0.0008252746748569625,0.0008232099057290795,1.417108718892025e-05,2.8926610594455213e-06,0.0008161586767822645,0.0008307238640115833,24,0.0008232099057290795,1.417108718892025e-05,2.8926610594455213e-06,0.0008161586767822645,0.0008307238640115833,24,0.9974980825277523,0.017171358361829064,0.003505088848079538,0.9889539830156322,1.0066028794049868,24,0.9974980825284128,0.01717135836184044,0.00350508884808186,0.9889539830162871,1.0066028794056534,24,0.9974980825284131,0.017171358361840448,0.003505088848081861,0.9889539830162875,1.0066028794056538,24,0.9974980825277523,0.017171358361829064,0.003505088848079538,0.9889539830156322,1.0066028794049868,24,0.9974980825284128,0.01717135836184044,0.00350508884808186,0.9889539830162871,1.0066028794056534,24,0.9995478674296674,0.020924045726527448,0.004271102948721265,0.9886900189459079,1.0092210169891145,24,0.9974251937621084,0.020856613419786174,0.004257338386746685,0.98662047242856,1.0070523536752143,24,0.9912751961473293,1.0068834193654566,0.01560822321812727,0.001371718617389248,0.20976663395234255,0.214106715840006,0.006475514166255025,0.0025019174722477056,0.00397359669400732,0.0013717186448568138,0.209766629584815,0.21410671946361853,0.0064755143679958715,0.002501917471587234,0.003973596896408638,0.0013717185176874635,0.20976664980628426,0.21410670268644522,0.006475513430898583,0.002501917471586901,0.003973595959311682,0.0013717186448568138,0.209766629584815,0.21410671946361853,0.0064755143679958715,0.002501917471587234,0.003973596896408638
64,0.5,24,1536,32.0,0.0010000567836369071,0.0010000565498271426,0.0010000565498271424,0.0009971675113450245,2.0076421915532733e-05,4.098082462823736e-06,0.0009867907770518916,0.0010082392341605336,24,0.0009971675113450245,2.0076421915532733e-05,4.098082462823736e-06,0.0009867907770518916,0.0010082392341605336,24,0.9971108917621906,0.02007528196801064,0.00409784977201018,0.9867347466643133,1.0081819859207088,24,0.9971111248832706,0.020075286661542183,0.0040978507300732945,0.9867349773594862,1.0081822216301723,24,0.9971111248832708,0.020075286661542183,0.0040978507300732945,0.9867349773594866,1.0081822216301726,24,0.9971108917621906,0.02007528196801064,0.00409784977201018,0.9867347466643133,1.0081819859207088,24,0.9971111248832706,0.020075286661542183,0.0040978507300732945,0.9867349773594862,1.0081822216301723,24,0.9983731465511593,0.011560260377265309,0.0023597282681678475,0.9926667819552442,1.004348493838676,24,0.9953796224249901,0.011494040928515137,0.0023462112797939887,0.9896921053076341,1.0013140884348024,24,0.9853462364604124,1.010854366636627,0.02550813017621456,0.015103977437951471,0.02236184621809129,0.5490386836965068,0.08538728178253063,0.0028891082378094124,0.08249817354472122,0.015286374255821815,0.022949393005339182,0.5459401728198767,0.08673110390037142,0.002888875116729417,0.083842228783642,0.014771306612636603,0.02128990246669183,0.5548567679813858,0.08293562824519485,0.002888875116729195,0.08004675312846565,0.015286374255821815,0.022949393005339182,0.5459401728198767,0.08673110390037142,0.002888875116729417,0.083842228783642
64,0.75,24,1536,32.0,0.001287846486194297,0.0012878451035086703,0.001287845103508671,0.0012834977311634535,2.165391347618594e-05,4.420086579252658e-06,0.0012719844317519587,0.0012935589633987304,24,0.0012834977311634535,2.165391347618594e-05,4.420086579252658e-06,0.0012719844317519587,0.0012935589633987304,24,0.9966232349294252,0.016814048652782528,0.003432153309137343,0.9876832723368977,1.004435681787908,24,0.9966243049467888,0.016814066705064874,0.0034321569940440467,0.9876843327559347,1.004436760193049,24,0.9966243049467881,0.01681406670506486,0.0034321569940440437,0.987684332755934,1.0044367601930484,24,0.9966232349294252,0.016814048652782528,0.003432153309137343,0.9876832723368977,1.004435681787908,24,0.9966243049467888,0.016814066705064874,0.0034321569940440467,0.9876843327559347,1.004436760193049,24,0.9993431631479542,0.012926724705401446,0.002638656631138562,0.9932408631831698,1.0056396987008414,24,0.9950119735518123,0.01285281981724102,0.0026235708590143536,0.9889562481480467,1.0012935791493343,24,0.9923587313486006,1.0039297126034559,0.011570981254855228,0.03317299355432226,0.007354123417606991,0.6653352973333926,0.1715401774231754,0.0033767650705748276,0.16816341235260057,0.037496264157867214,0.012215049469805232,0.6161606854184775,0.2033543741152103,0.003375695053211225,0.19997867906199907,0.028597296205488423,0.0033525040372799375,0.730016345884957,0.13791508550297904,0.0033756950532118912,0.13453939044976715,0.037496264157867214,0.012215049469805232,0.6161606854184775,0.2033543741152103,0.003375695053211225,0.19997867906199907
