p_pixels_per_wavelength,sigma_exp_rad_per_pixel_at_P4,sigma_physical,sigma_over_k0,kappa0_physical,dx_physical,physical_box_wavelengths,seed,realization,rng_route,control_family,margin_wavelengths,margin_pixels,n,roi_cells,spectral_prediction_discrete_cell,winding_density,ratio_discrete
4,0.1,0.1,0.06366197723675814,1.5707963267948966,1.0,24,42,0,numpy_PCG64_SeedSequence,roi_margin,0.5,2,96,8281,0.19873686499574048,0.19683613090206498,0.9904359259480306
4,0.1,0.1,0.06366197723675814,1.5707963267948966,1.0,24,42,0,numpy_PCG64_SeedSequence,roi_margin,1.0,4,96,7569,0.19873686499574048,0.1961950059453032,0.9872099268019965
4,0.1,0.1,0.06366197723675814,1.5707963267948966,1.0,24,42,0,numpy_PCG64_SeedSequence,roi_margin,2.0,8,96,6241,0.19873686499574048,0.19419964749238905,0.9771697238786137
4,0.1,0.1,0.06366197723675814,1.5707963267948966,1.0,24,7,0,numpy_PCG64_SeedSequence,roi_margin,0.5,2,96,8281,0.19873686499574048,0.19973433160246348,1.0050190316061611
4,0.1,0.1,0.06366197723675814,1.5707963267948966,1.0,24,7,0,numpy_PCG64_SeedSequence,roi_margin,1.0,4,96,7569,0.19873686499574048,0.19896948077685295,1.0011704712214187
4,0.1,0.1,0.06366197723675814,1.5707963267948966,1.0,24,7,0,numpy_PCG64_SeedSequence,roi_margin,2.0,8,96,6241,0.19873686499574048,0.19868610799551353,0.9997446019880205
4,0.1,0.1,0.06366197723675814,1.5707963267948966,1.0,24,123,0,numpy_PCG64_SeedSequence,roi_margin,0.5,2,96,8281,0.19873686499574048,0.1975606810771646,0.9940817023625632
4,0.1,0.1,0.06366197723675814,1.5707963267948966,1.0,24,123,0,numpy_PCG64_SeedSequence,roi_margin,1.0,4,96,7569,0.19873686499574048,0.1960628880961818,0.9865451389725002
4,0.1,0.1,0.06366197723675814,1.5707963267948966,1.0,24,123,0,numpy_PCG64_SeedSequence,roi_margin,2.0,8,96,6241,0.19873686499574048,0.19500080115366128,0.9812009521124364
4,0.1,0.1,0.06366197723675814,1.5707963267948966,1.0,24,2023,0,numpy_PCG64_SeedSequence,roi_margin,0.5,2,96,8281,0.19873686499574048,0.20009660669001328,1.0068419198134273
4,0.1,0.1,0.06366197723675814,1.5707963267948966,1.0,24,2023,0,numpy_PCG64_SeedSequence,roi_margin,1.0,4,96,7569,0.19873686499574048,0.19923371647509577,1.0025000468804113
4,0.1,0.1,0.06366197723675814,1.5707963267948966,1.0,24,2023,0,numpy_PCG64_SeedSequence,roi_margin,2.0,8,96,6241,0.19873686499574048,0.19964749238904023,1.0045820758686077
4,0.1,0.1,0.06366197723675814,1.5707963267948966,1.0,24,314159,0,numpy_PCG64_SeedSequence,roi_margin,0.5,2,96,8281,0.19873686499574048,0.1976814394396812,0.9946893317649853
4,0.1,0.1,0.06366197723675814,1.5707963267948966,1.0,24,314159,0,numpy_PCG64_SeedSequence,roi_margin,1.0,4,96,7569,0.19873686499574048,0.2002906592680671,1.0078183495163815
4,0.1,0.1,0.06366197723675814,1.5707963267948966,1.0,24,314159,0,numpy_PCG64_SeedSequence,roi_margin,2.0,8,96,6241,0.19873686499574048,0.20141003044383912,1.0134507779830175
4,0.1,0.1,0.06366197723675814,1.5707963267948966,1.0,24,271828,0,numpy_PCG64_SeedSequence,roi_margin,0.5,2,96,8281,0.19873686499574048,0.20142494867769592,1.0135258432400704
4,0.1,0.1,0.06366197723675814,1.5707963267948966,1.0,24,271828,0,numpy_PCG64_SeedSequence,roi_margin,1.0,4,96,7569,0.19873686499574048,0.19989430572070288,1.0058239860278928
4,0.1,0.1,0.06366197723675814,1.5707963267948966,1.0,24,271828,0,numpy_PCG64_SeedSequence,roi_margin,2.0,8,96,6241,0.19873686499574048,0.198846338727768,1.000550847634785
4,0.5,0.5,0.3183098861837907,1.5707963267948966,1.0,24,42,0,numpy_PCG64_SeedSequence,roi_margin,0.5,2,96,8281,0.2556383198212349,0.2375316990701606,0.9291709444666353
4,0.5,0.5,0.3183098861837907,1.5707963267948966,1.0,24,42,0,numpy_PCG64_SeedSequence,roi_margin,1.0,4,96,7569,0.2556383198212349,0.2391333069097635,0.9354360765513825
4,0.5,0.5,0.3183098861837907,1.5707963267948966,1.0,24,42,0,numpy_PCG64_SeedSequence,roi_margin,2.0,8,96,6241,0.2556383198212349,0.2441916359557763,0.9552231297973514
4,0.5,0.5,0.3183098861837907,1.5707963267948966,1.0,24,7,0,numpy_PCG64_SeedSequence,roi_margin,0.5,2,96,8281,0.2556383198212349,0.23125226421929718,0.9046071980953769
4,0.5,0.5,0.3183098861837907,1.5707963267948966,1.0,24,7,0,numpy_PCG64_SeedSequence,roi_margin,1.0,4,96,7569,0.2556383198212349,0.23252741445369268,0.9095953009560404
4,0.5,0.5,0.3183098861837907,1.5707963267948966,1.0,24,7,0,numpy_PCG64_SeedSequence,roi_margin,2.0,8,96,6241,0.2556383198212349,0.23601986861079954,0.9232570014379912
4,0.5,0.5,0.3183098861837907,1.5707963267948966,1.0,24,123,0,numpy_PCG64_SeedSequence,roi_margin,0.5,2,96,8281,0.2556383198212349,0.23402970655717908,0.9154719320672796
4,0.5,0.5,0.3183098861837907,1.5707963267948966,1.0,24,123,0,numpy_PCG64_SeedSequence,roi_margin,1.0,4,96,7569,0.2556383198212349,0.23358435724666402,0.9137298250512952
4,0.5,0.5,0.3183098861837907,1.5707963267948966,1.0,24,123,0,numpy_PCG64_SeedSequence,roi_margin,2.0,8,96,6241,0.2556383198212349,0.23329594616247395,0.9126016253182044
4,0.5,0.5,0.3183098861837907,1.5707963267948966,1.0,24,2023,0,numpy_PCG64_SeedSequence,roi_margin,0.5,2,96,8281,0.2556383198212349,0.22956164714406474,0.8979938817646537
4,0.5,0.5,0.3183098861837907,1.5707963267948966,1.0,24,2023,0,numpy_PCG64_SeedSequence,roi_margin,1.0,4,96,7569,0.2556383198212349,0.2301492931695072,0.9002926217417173
4,0.5,0.5,0.3183098861837907,1.5707963267948966,1.0,24,2023,0,numpy_PCG64_SeedSequence,roi_margin,2.0,8,96,6241,0.2556383198212349,0.2289697163916039,0.8956783808926608
4,0.5,0.5,0.3183098861837907,1.5707963267948966,1.0,24,314159,0,numpy_PCG64_SeedSequence,roi_margin,0.5,2,96,8281,0.2556383198212349,0.23390894819466249,0.9149995523293709
4,0.5,0.5,0.3183098861837907,1.5707963267948966,1.0,24,314159,0,numpy_PCG64_SeedSequence,roi_margin,1.0,4,96,7569,0.2556383198212349,0.23305588585017836,0.9116625630036679
4,0.5,0.5,0.3183098861837907,1.5707963267948966,1.0,24,314159,0,numpy_PCG64_SeedSequence,roi_margin,2.0,8,96,6241,0.2556383198212349,0.23425733055600065,0.9163623463016587
4,0.5,0.5,0.3183098861837907,1.5707963267948966,1.0,24,271828,0,numpy_PCG64_SeedSequence,roi_margin,0.5,2,96,8281,0.2556383198212349,0.2343919816447289,0.9168890712810062
4,0.5,0.5,0.3183098861837907,1.5707963267948966,1.0,24,271828,0,numpy_PCG64_SeedSequence,roi_margin,1.0,4,96,7569,0.2556383198212349,0.23543400713436385,0.9209652422179909
4,0.5,0.5,0.3183098861837907,1.5707963267948966,1.0,24,271828,0,numpy_PCG64_SeedSequence,roi_margin,2.0,8,96,6241,0.2556383198212349,0.23441756128825508,0.9169891331322343
4,0.75,0.75,0.477464829275686,1.5707963267948966,1.0,24,42,0,numpy_PCG64_SeedSequence,roi_margin,0.5,2,96,8281,0.31702778093217676,0.25769834561043353,0.8128572986654572
4,0.75,0.75,0.477464829275686,1.5707963267948966,1.0,24,42,0,numpy_PCG64_SeedSequence,roi_margin,1.0,4,96,7569,0.31702778093217676,0.2553838023516977,0.8055565401895589
4,0.75,0.75,0.477464829275686,1.5707963267948966,1.0,24,42,0,numpy_PCG64_SeedSequence,roi_margin,2.0,8,96,6241,0.31702778093217676,0.25300432622977087,0.7980509641326899
4,0.75,0.75,0.477464829275686,1.5707963267948966,1.0,24,7,0,numpy_PCG64_SeedSequence,roi_margin,0.5,2,96,8281,0.31702778093217676,0.26458157227387996,0.834569044693541
4,0.75,0.75,0.477464829275686,1.5707963267948966,1.0,24,7,0,numpy_PCG64_SeedSequence,roi_margin,1.0,4,96,7569,0.31702778093217676,0.26370722684634695,0.8318110989231038
4,0.75,0.75,0.477464829275686,1.5707963267948966,1.0,24,7,0,numpy_PCG64_SeedSequence,roi_margin,2.0,8,96,6241,0.31702778093217676,0.26438070821983656,0.8339354596700053
4,0.75,0.75,0.477464829275686,1.5707963267948966,1.0,24,123,0,numpy_PCG64_SeedSequence,roi_margin,0.5,2,96,8281,0.31702778093217676,0.26458157227387996,0.834569044693541
4,0.75,0.75,0.477464829275686,1.5707963267948966,1.0,24,123,0,numpy_PCG64_SeedSequence,roi_margin,1.0,4,96,7569,0.31702778093217676,0.2667459373761395,0.8413960965559851
4,0.75,0.75,0.477464829275686,1.5707963267948966,1.0,24,123,0,numpy_PCG64_SeedSequence,roi_margin,2.0,8,96,6241,0.31702778093217676,0.26630347700688994,0.8400004448312418
4,0.75,0.75,0.477464829275686,1.5707963267948966,1.0,24,2023,0,numpy_PCG64_SeedSequence,roi_margin,0.5,2,96,8281,0.31702778093217676,0.2570945537978505,0.8109527595401866
4,0.75,0.75,0.477464829275686,1.5707963267948966,1.0,24,2023,0,numpy_PCG64_SeedSequence,roi_margin,1.0,4,96,7569,0.31702778093217676,0.2567049808429119,0.8097239304647247
4,0.75,0.75,0.477464829275686,1.5707963267948966,1.0,24,2023,0,numpy_PCG64_SeedSequence,roi_margin,2.0,8,96,6241,0.31702778093217676,0.2573305560006409,0.8116971807454718
4,0.75,0.75,0.477464829275686,1.5707963267948966,1.0,24,314159,0,numpy_PCG64_SeedSequence,roi_margin,0.5,2,96,8281,0.31702778093217676,0.26156261321096486,0.8250463490671884
4,0.75,0.75,0.477464829275686,1.5707963267948966,1.0,24,314159,0,numpy_PCG64_SeedSequence,roi_margin,1.0,4,96,7569,0.31702778093217676,0.2626502840533756,0.828477186702971
4,0.75,0.75,0.477464829275686,1.5707963267948966,1.0,24,314159,0,numpy_PCG64_SeedSequence,roi_margin,2.0,8,96,6241,0.31702778093217676,0.2655023233456177,0.8374733676807266
4,0.75,0.75,0.477464829275686,1.5707963267948966,1.0,24,271828,0,numpy_PCG64_SeedSequence,roi_margin,0.5,2,96,8281,0.31702778093217676,0.259992754498249,0.820094547341485
4,0.75,0.75,0.477464829275686,1.5707963267948966,1.0,24,271828,0,numpy_PCG64_SeedSequence,roi_margin,1.0,4,96,7569,0.31702778093217676,0.2582903950323689,0.8147247987949238
4,0.75,0.75,0.477464829275686,1.5707963267948966,1.0,24,271828,0,numpy_PCG64_SeedSequence,roi_margin,2.0,8,96,6241,0.31702778093217676,0.25396571062329754,0.801083456713308
8,0.1,0.1,0.06366197723675814,1.5707963267948966,0.5,24,42,0,numpy_PCG64_SeedSequence,roi_margin,0.5,4,192,33489,0.04968421624893513,0.05001642330317418,1.0066863700249304
8,0.1,0.1,0.06366197723675814,1.5707963267948966,0.5,24,42,0,numpy_PCG64_SeedSequence,roi_margin,1.0,8,192,30625,0.04968421624893513,0.04969795918367347,1.0002766056461367
8,0.1,0.1,0.06366197723675814,1.5707963267948966,0.5,24,42,0,numpy_PCG64_SeedSequence,roi_margin,2.0,16,192,25281,0.04968421624893513,0.049721134448795536,1.0007430569031306
8,0.1,0.1,0.06366197723675814,1.5707963267948966,0.5,24,7,0,numpy_PCG64_SeedSequence,roi_margin,0.5,4,192,33489,0.04968421624893513,0.048792140702917375,0.9820450917138724
8,0.1,0.1,0.06366197723675814,1.5707963267948966,0.5,24,7,0,numpy_PCG64_SeedSequence,roi_margin,1.0,8,192,30625,0.04968421624893513,0.04881632653061224,0.9825318826813235
8,0.1,0.1,0.06366197723675814,1.5707963267948966,0.5,24,7,0,numpy_PCG64_SeedSequence,roi_margin,2.0,16,192,25281,0.04968421624893513,0.048771804912780346,0.9816357909002068
8,0.1,0.1,0.06366197723675814,1.5707963267948966,0.5,24,123,0,numpy_PCG64_SeedSequence,roi_margin,0.5,4,192,33489,0.04968421624893513,0.05007614440562573,1.0078883836010797
8,0.1,0.1,0.06366197723675814,1.5707963267948966,0.5,24,123,0,numpy_PCG64_SeedSequence,roi_margin,1.0,8,192,30625,0.04968421624893513,0.050187755102040814,1.010134785071033
8,0.1,0.1,0.06366197723675814,1.5707963267948966,0.5,24,123,0,numpy_PCG64_SeedSequence,roi_margin,2.0,16,192,25281,0.04968421624893513,0.05019579921680313,1.0102966899045924
8,0.1,0.1,0.06366197723675814,1.5707963267948966,0.5,24,2023,0,numpy_PCG64_SeedSequence,roi_margin,0.5,4,192,33489,0.04968421624893513,0.049956702200722625,1.0054843564487812
8,0.1,0.1,0.06366197723675814,1.5707963267948966,0.5,24,2023,0,numpy_PCG64_SeedSequence,roi_margin,1.0,8,192,30625,0.04968421624893513,0.05008979591836735,1.0081631491860539
8,0.1,0.1,0.06366197723675814,1.5707963267948966,0.5,24,2023,0,numpy_PCG64_SeedSequence,roi_margin,2.0,16,192,25281,0.04968421624893513,0.0504726869981409,1.0158696424887785
8,0.1,0.1,0.06366197723675814,1.5707963267948966,0.5,24,314159,0,numpy_PCG64_SeedSequence,roi_margin,0.5,4,192,33489,0.04968421624893513,0.051628893069366064,1.0391407365809582
8,0.1,0.1,0.06366197723675814,1.5707963267948966,0.5,24,314159,0,numpy_PCG64_SeedSequence,roi_margin,1.0,8,192,30625,0.04968421624893513,0.05113469387755102,1.0291939319591656
8,0.1,0.1,0.06366197723675814,1.5707963267948966,0.5,24,314159,0,numpy_PCG64_SeedSequence,roi_margin,2.0,16,192,25281,0.04968421624893513,0.05106601795815039,1.027811683740606
8,0.1,0.1,0.06366197723675814,1.5707963267948966,0.5,24,271828,0,numpy_PCG64_SeedSequence,roi_margin,0.5,4,192,33489,0.04968421624893513,0.05037474991788348,1.0138984514818254
8,0.1,0.1,0.06366197723675814,1.5707963267948966,0.5,24,271828,0,numpy_PCG64_SeedSequence,roi_margin,1.0,8,192,30625,0.04968421624893513,0.05012244897959184,1.0088203611477136
8,0.1,0.1,0.06366197723675814,1.5707963267948966,0.5,24,271828,0,numpy_PCG64_SeedSequence,roi_margin,2.0,16,192,25281,0.04968421624893513,0.049681579051461575,0.9999469208196755
8,0.5,0.5,0.3183098861837907,1.5707963267948966,0.5,24,42,0,numpy_PCG64_SeedSequence,roi_margin,0.5,4,192,33489,0.06400363415276204,0.06166203828122667,0.963414641956947
8,0.5,0.5,0.3183098861837907,1.5707963267948966,0.5,24,42,0,numpy_PCG64_SeedSequence,roi_margin,1.0,8,192,30625,0.06400363415276204,0.061518367346938774,0.9611699110726821
8,0.5,0.5,0.3183098861837907,1.5707963267948966,0.5,24,42,0,numpy_PCG64_SeedSequence,roi_margin,2.0,16,192,25281,0.06400363415276204,0.061389976662315576,0.9591639205328831
8,0.5,0.5,0.3183098861837907,1.5707963267948966,0.5,24,7,0,numpy_PCG64_SeedSequence,roi_margin,0.5,4,192,33489,0.06400363415276204,0.06405088237928871,1.0007382116211385
8,0.5,0.5,0.3183098861837907,1.5707963267948966,0.5,24,7,0,numpy_PCG64_SeedSequence,roi_margin,1.0,8,192,30625,0.06400363415276204,0.0643265306122449,1.0050449707076348
8,0.5,0.5,0.3183098861837907,1.5707963267948966,0.5,24,7,0,numpy_PCG64_SeedSequence,roi_margin,2.0,16,192,25281,0.06400363415276204,0.06479174083303667,1.0123134676758134
8,0.5,0.5,0.3183098861837907,1.5707963267948966,0.5,24,123,0,numpy_PCG64_SeedSequence,roi_margin,0.5,4,192,33489,0.06400363415276204,0.06423004568664338,1.003537479345953
8,0.5,0.5,0.3183098861837907,1.5707963267948966,0.5,24,123,0,numpy_PCG64_SeedSequence,roi_margin,1.0,8,192,30625,0.06400363415276204,0.06442448979591836,1.0065754960437376
8,0.5,0.5,0.3183098861837907,1.5707963267948966,0.5,24,123,0,numpy_PCG64_SeedSequence,roi_margin,2.0,16,192,25281,0.06400363415276204,0.06494996242237253,1.0147855396359495
8,0.5,0.5,0.3183098861837907,1.5707963267948966,0.5,24,2023,0,numpy_PCG64_SeedSequence,roi_margin,0.5,4,192,33489,0.06400363415276204,0.0629759025351608,0.9839426052722525
8,0.5,0.5,0.3183098861837907,1.5707963267948966,0.5,24,2023,0,numpy_PCG64_SeedSequence,roi_margin,1.0,8,192,30625,0.06400363415276204,0.062073469387755105,0.9698428879772658
8,0.5,0.5,0.3183098861837907,1.5707963267948966,0.5,24,2023,0,numpy_PCG64_SeedSequence,roi_margin,2.0,16,192,25281,0.06400363415276204,0.06226019540366283,0.9727603163136327
8,0.5,0.5,0.3183098861837907,1.5707963267948966,0.5,24,314159,0,numpy_PCG64_SeedSequence,roi_margin,0.5,4,192,33489,0.06400363415276204,0.063214786944967,0.9876749622386716
8,0.5,0.5,0.3183098861837907,1.5707963267948966,0.5,24,314159,0,numpy_PCG64_SeedSequence,roi_margin,1.0,8,192,30625,0.06400363415276204,0.06373877551020408,0.9958618186910169
8,0.5,0.5,0.3183098861837907,1.5707963267948966,0.5,24,314159,0,numpy_PCG64_SeedSequence,roi_margin,2.0,16,192,25281,0.06400363415276204,0.064396186859697,1.0061332877754727
8,0.5,0.5,0.3183098861837907,1.5707963267948966,0.5,24,271828,0,numpy_PCG64_SeedSequence,roi_margin,0.5,4,192,33489,0.06400363415276204,0.06381199796948252,0.9970058546547196
8,0.5,0.5,0.3183098861837907,1.5707963267948966,0.5,24,271828,0,numpy_PCG64_SeedSequence,roi_margin,1.0,8,192,30625,0.06400363415276204,0.06324897959183673,0.9882091920105017
8,0.5,0.5,0.3183098861837907,1.5707963267948966,0.5,24,271828,0,numpy_PCG64_SeedSequence,roi_margin,2.0,16,192,25281,0.06400363415276204,0.06293263715834026,0.983266622144212
8,0.75,0.75,0.477464829275686,1.5707963267948966,0.5,24,42,0,numpy_PCG64_SeedSequence,roi_margin,0.5,4,192,33489,0.08242217500581656,0.08023530114365911,0.9734674089587769
8,0.75,0.75,0.477464829275686,1.5707963267948966,0.5,24,42,0,numpy_PCG64_SeedSequence,roi_margin,1.0,8,192,30625,0.08242217500581656,0.08035918367346939,0.974970433233513
8,0.75,0.75,0.477464829275686,1.5707963267948966,0.5,24,42,0,numpy_PCG64_SeedSequence,roi_margin,2.0,16,192,25281,0.08242217500581656,0.08089078754796092,0.9814202008410047
8,0.75,0.75,0.477464829275686,1.5707963267948966,0.5,24,7,0,numpy_PCG64_SeedSequence,roi_margin,0.5,4,192,33489,0.08242217500581656,0.07874227358237033,0.9553530172773707
8,0.75,0.75,0.477464829275686,1.5707963267948966,0.5,24,7,0,numpy_PCG64_SeedSequence,roi_margin,1.0,8,192,30625,0.08242217500581656,0.07911836734693878,0.9599160340206427
8,0.75,0.75,0.477464829275686,1.5707963267948966,0.5,24,7,0,numpy_PCG64_SeedSequence,roi_margin,2.0,16,192,25281,0.08242217500581656,0.07875479609192675,0.9555049485938584
8,0.75,0.75,0.477464829275686,1.5707963267948966,0.5,24,123,0,numpy_PCG64_SeedSequence,roi_margin,0.5,4,192,33489,0.08242217500581656,0.07901101854340231,0.9586136077800238
8,0.75,0.75,0.477464829275686,1.5707963267948966,0.5,24,123,0,numpy_PCG64_SeedSequence,roi_margin,1.0,8,192,30625,0.08242217500581656,0.0787265306122449,0.9551620132165785
8,0.75,0.75,0.477464829275686,1.5707963267948966,0.5,24,123,0,numpy_PCG64_SeedSequence,roi_margin,2.0,16,192,25281,0.08242217500581656,0.07828013132391914,0.949746003650048
8,0.75,0.75,0.477464829275686,1.5707963267948966,0.5,24,2023,0,numpy_PCG64_SeedSequence,roi_margin,0.5,4,192,33489,0.08242217500581656,0.07787631759682284,0.9448466701021551
8,0.75,0.75,0.477464829275686,1.5707963267948966,0.5,24,2023,0,numpy_PCG64_SeedSequence,roi_margin,1.0,8,192,30625,0.08242217500581656,0.0783673469387755,0.9508041608128529
8,0.75,0.75,0.477464829275686,1.5707963267948966,0.5,24,2023,0,numpy_PCG64_SeedSequence,roi_margin,2.0,16,192,25281,0.08242217500581656,0.07808235433724932,0.9473464432567937
8,0.75,0.75,0.477464829275686,1.5707963267948966,0.5,24,314159,0,numpy_PCG64_SeedSequence,roi_margin,0.5,4,192,33489,0.08242217500581656,0.07638329003553405,0.9267322784207486
8,0.75,0.75,0.477464829275686,1.5707963267948966,0.5,24,314159,0,numpy_PCG64_SeedSequence,roi_margin,1.0,8,192,30625,0.08242217500581656,0.07621224489795918,0.9246570463904994
8,0.75,0.75,0.477464829275686,1.5707963267948966,0.5,24,314159,0,numpy_PCG64_SeedSequence,roi_margin,2.0,16,192,25281,0.08242217500581656,0.07642102764922273,0.9271901359534577
8,0.75,0.75,0.477464829275686,1.5707963267948966,0.5,24,271828,0,numpy_PCG64_SeedSequence,roi_margin,0.5,4,192,33489,0.08242217500581656,0.07981725342649826,0.9683953792879832
8,0.75,0.75,0.477464829275686,1.5707963267948966,0.5,24,271828,0,numpy_PCG64_SeedSequence,roi_margin,1.0,8,192,30625,0.08242217500581656,0.08009795918367348,0.9718010860308035
8,0.75,0.75,0.477464829275686,1.5707963267948966,0.5,24,271828,0,numpy_PCG64_SeedSequence,roi_margin,2.0,16,192,25281,0.08242217500581656,0.07934812705193624,0.9627036297736212
16,0.1,0.1,0.06366197723675814,1.5707963267948966,0.25,24,42,0,numpy_PCG64_SeedSequence,roi_margin,0.5,8,384,134689,0.01242105406223378,0.012243019103267527,0.9856666786832876
16,0.1,0.1,0.06366197723675814,1.5707963267948966,0.25,24,42,0,numpy_PCG64_SeedSequence,roi_margin,1.0,16,384,123201,0.01242105406223378,0.012361912646812932,0.9952386154086015
16,0.1,0.1,0.06366197723675814,1.5707963267948966,0.25,24,42,0,numpy_PCG64_SeedSequence,roi_margin,2.0,32,384,101761,0.01242105406223378,0.012214895686952762,0.9834025055966995
16,0.1,0.1,0.06366197723675814,1.5707963267948966,0.25,24,7,0,numpy_PCG64_SeedSequence,roi_margin,0.5,8,384,134689,0.01242105406223378,0.012725612336567946,1.024519519262071
16,0.1,0.1,0.06366197723675814,1.5707963267948966,0.25,24,7,0,numpy_PCG64_SeedSequence,roi_margin,1.0,16,384,123201,0.01242105406223378,0.01274340305679337,1.0259518228440607
16,0.1,0.1,0.06366197723675814,1.5707963267948966,0.25,24,7,0,numpy_PCG64_SeedSequence,roi_margin,2.0,32,384,101761,0.01242105406223378,0.012745550849539607,1.0261247383418497
16,0.1,0.1,0.06366197723675814,1.5707963267948966,0.25,24,123,0,numpy_PCG64_SeedSequence,roi_margin,0.5,8,384,134689,0.01242105406223378,0.012228170080704438,0.9844712066654789
16,0.1,0.1,0.06366197723675814,1.5707963267948966,0.25,24,123,0,numpy_PCG64_SeedSequence,roi_margin,1.0,16,384,123201,0.01242105406223378,0.012150875398738646,0.9782483304443049
16,0.1,0.1,0.06366197723675814,1.5707963267948966,0.25,24,123,0,numpy_PCG64_SeedSequence,roi_margin,2.0,32,384,101761,0.01242105406223378,0.01220506873949745,0.982611353138456
16,0.1,0.1,0.06366197723675814,1.5707963267948966,0.25,24,2023,0,numpy_PCG64_SeedSequence,roi_margin,0.5,8,384,134689,0.01242105406223378,0.012124226922762809,0.9761029025408179
16,0.1,0.1,0.06366197723675814,1.5707963267948966,0.25,24,2023,0,numpy_PCG64_SeedSequence,roi_margin,1.0,16,384,123201,0.01242105406223378,0.012158992215972273,0.9789018029429317
16,0.1,0.1,0.06366197723675814,1.5707963267948966,0.25,24,2023,0,numpy_PCG64_SeedSequence,roi_margin,2.0,32,384,101761,0.01242105406223378,0.012126453159854955,0.9762821334725078
16,0.1,0.1,0.06366197723675814,1.5707963267948966,0.25,24,314159,0,numpy_PCG64_SeedSequence,roi_margin,0.5,8,384,134689,0.01242105406223378,0.012532575043247778,1.0089783830305576
16,0.1,0.1,0.06366197723675814,1.5707963267948966,0.25,24,314159,0,numpy_PCG64_SeedSequence,roi_margin,1.0,16,384,123201,0.01242105406223378,0.012516132174251833,1.0076545928825105
16,0.1,0.1,0.06366197723675814,1.5707963267948966,0.25,24,314159,0,numpy_PCG64_SeedSequence,roi_margin,2.0,32,384,101761,0.01242105406223378,0.012421261583514313,1.0000167072198134
16,0.1,0.1,0.06366197723675814,1.5707963267948966,0.25,24,271828,0,numpy_PCG64_SeedSequence,roi_margin,0.5,8,384,134689,0.01242105406223378,0.012502876998121599,1.0065874389949403
16,0.1,0.1,0.06366197723675814,1.5707963267948966,0.25,24,271828,0,numpy_PCG64_SeedSequence,roi_margin,1.0,16,384,123201,0.01242105406223378,0.012532365808719085,1.008961537879764
16,0.1,0.1,0.06366197723675814,1.5707963267948966,0.25,24,271828,0,numpy_PCG64_SeedSequence,roi_margin,2.0,32,384,101761,0.01242105406223378,0.012676762217352424,1.0205866711341451
16,0.5,0.5,0.3183098861837907,1.5707963267948966,0.25,24,42,0,numpy_PCG64_SeedSequence,roi_margin,0.5,8,384,134689,0.016000908538190514,0.01563602075893354,0.9771958087013579
16,0.5,0.5,0.3183098861837907,1.5707963267948966,0.25,24,42,0,numpy_PCG64_SeedSequence,roi_margin,1.0,16,384,123201,0.016000908538190514,0.01550312091622633,0.968890040163902
16,0.5,0.5,0.3183098861837907,1.5707963267948966,0.25,24,42,0,numpy_PCG64_SeedSequence,roi_margin,2.0,32,384,101761,0.016000908538190514,0.015497096137026956,0.9685135128445317
16,0.5,0.5,0.3183098861837907,1.5707963267948966,0.25,24,7,0,numpy_PCG64_SeedSequence,roi_margin,0.5,8,384,134689,0.016000908538190514,0.01579936000712753,0.9874039320591119
16,0.5,0.5,0.3183098861837907,1.5707963267948966,0.25,24,7,0,numpy_PCG64_SeedSequence,roi_margin,1.0,16,384,123201,0.016000908538190514,0.015795326336636877,0.9871518419680383
16,0.5,0.5,0.3183098861837907,1.5707963267948966,0.25,24,7,0,numpy_PCG64_SeedSequence,roi_margin,2.0,32,384,101761,0.016000908538190514,0.015801731508141625,0.9875521424565674
16,0.5,0.5,0.3183098861837907,1.5707963267948966,0.25,24,123,0,numpy_PCG64_SeedSequence,roi_margin,0.5,8,384,134689,0.016000908538190514,0.016215132638894045,1.0133882460606676
16,0.5,0.5,0.3183098861837907,1.5707963267948966,0.25,24,123,0,numpy_PCG64_SeedSequence,roi_margin,1.0,16,384,123201,0.016000908538190514,0.01616869992938369,1.010486366495546
16,0.5,0.5,0.3183098861837907,1.5707963267948966,0.25,24,123,0,numpy_PCG64_SeedSequence,roi_margin,2.0,32,384,101761,0.016000908538190514,0.016204636353809417,1.0127322654918407
16,0.5,0.5,0.3183098861837907,1.5707963267948966,0.25,24,2023,0,numpy_PCG64_SeedSequence,roi_margin,0.5,8,384,134689,0.016000908538190514,0.016074066924544692,1.0045721395244256
16,0.5,0.5,0.3183098861837907,1.5707963267948966,0.25,24,2023,0,numpy_PCG64_SeedSequence,roi_margin,1.0,16,384,123201,0.016000908538190514,0.016071298122580173,1.0043990992275005
16,0.5,0.5,0.3183098861837907,1.5707963267948966,0.25,24,2023,0,numpy_PCG64_SeedSequence,roi_margin,2.0,32,384,101761,0.016000908538190514,0.01617515551144348,1.0108898174648695
16,0.5,0.5,0.3183098861837907,1.5707963267948966,0.25,24,314159,0,numpy_PCG64_SeedSequence,roi_margin,0.5,8,384,134689,0.016000908538190514,0.01590330316506916,0.993900010559501
16,0.5,0.5,0.3183098861837907,1.5707963267948966,0.25,24,314159,0,numpy_PCG64_SeedSequence,roi_margin,1.0,16,384,123201,0.016000908538190514,0.015803443153870503,0.9876591142403754
16,0.5,0.5,0.3183098861837907,1.5707963267948966,0.25,24,314159,0,numpy_PCG64_SeedSequence,roi_margin,2.0,32,384,101761,0.016000908538190514,0.01587052014032881,0.9918511878528337
16,0.5,0.5,0.3183098861837907,1.5707963267948966,0.25,24,271828,0,numpy_PCG64_SeedSequence,roi_margin,0.5,8,384,134689,0.016000908538190514,0.015955274744039974,0.9971480498096953
16,0.5,0.5,0.3183098861837907,1.5707963267948966,0.25,24,271828,0,numpy_PCG64_SeedSequence,roi_margin,1.0,16,384,123201,0.016000908538190514,0.016046947670879295,1.0028772824104892
16,0.5,0.5,0.3183098861837907,1.5707963267948966,0.25,24,271828,0,numpy_PCG64_SeedSequence,roi_margin,2.0,32,384,101761,0.016000908538190514,0.016106366879256297,1.0065907720686034
16,0.75,0.75,0.477464829275686,1.5707963267948966,0.25,24,42,0,numpy_PCG64_SeedSequence,roi_margin,0.5,8,384,134689,0.020605543779108757,0.02042483053553,0.9912298726247654
16,0.75,0.75,0.477464829275686,1.5707963267948966,0.25,24,42,0,numpy_PCG64_SeedSequence,roi_margin,1.0,16,384,123201,0.020605543779108757,0.020681650311279942,1.003693497875477
16,0.75,0.75,0.477464829275686,1.5707963267948966,0.25,24,42,0,numpy_PCG64_SeedSequence,roi_margin,2.0,32,384,101761,0.020605543779108757,0.020567801023967925,0.9981683203537148
16,0.75,0.75,0.477464829275686,1.5707963267948966,0.25,24,7,0,numpy_PCG64_SeedSequence,roi_margin,0.5,8,384,134689,0.020605543779108757,0.02033573640015146,0.9869060781967403
16,0.75,0.75,0.477464829275686,1.5707963267948966,0.25,24,7,0,numpy_PCG64_SeedSequence,roi_margin,1.0,16,384,123201,0.020605543779108757,0.02025957581513137,0.9832099571025079
16,0.75,0.75,0.477464829275686,1.5707963267948966,0.25,24,7,0,numpy_PCG64_SeedSequence,roi_margin,2.0,32,384,101761,0.020605543779108757,0.020322127337585125,0.9862456218306174
16,0.75,0.75,0.477464829275686,1.5707963267948966,0.25,24,123,0,numpy_PCG64_SeedSequence,roi_margin,0.5,8,384,134689,0.020605543779108757,0.02033573640015146,0.9869060781967403
16,0.75,0.75,0.477464829275686,1.5707963267948966,0.25,24,123,0,numpy_PCG64_SeedSequence,roi_margin,1.0,16,384,123201,0.020605543779108757,0.02043814579427115,0.9918760705064563
16,0.75,0.75,0.477464829275686,1.5707963267948966,0.25,24,123,0,numpy_PCG64_SeedSequence,roi_margin,2.0,32,384,101761,0.020605543779108757,0.020361435127406374,0.9881532535943129
16,0.75,0.75,0.477464829275686,1.5707963267948966,0.25,24,2023,0,numpy_PCG64_SeedSequence,roi_margin,0.5,8,384,134689,0.020605543779108757,0.02023179324220983,0.9818616513640441
16,0.75,0.75,0.477464829275686,1.5707963267948966,0.25,24,2023,0,numpy_PCG64_SeedSequence,roi_margin,1.0,16,384,123201,0.020605543779108757,0.020340743987467633,0.9871490995588481
16,0.75,0.75,0.477464829275686,1.5707963267948966,0.25,24,2023,0,numpy_PCG64_SeedSequence,roi_margin,2.0,32,384,101761,0.020605543779108757,0.020381089022316997,0.9891070694761608
16,0.75,0.75,0.477464829275686,1.5707963267948966,0.25,24,314159,0,numpy_PCG64_SeedSequence,roi_margin,0.5,8,384,134689,0.020605543779108757,0.02042483053553,0.9912298726247654
16,0.75,0.75,0.477464829275686,1.5707963267948966,0.25,24,314159,0,numpy_PCG64_SeedSequence,roi_margin,1.0,16,384,123201,0.020605543779108757,0.02047872988043928,0.9938456417346264
16,0.75,0.75,0.477464829275686,1.5707963267948966,0.25,24,314159,0,numpy_PCG64_SeedSequence,roi_margin,2.0,32,384,101761,0.020605543779108757,0.020381089022316997,0.9891070694761608
16,0.75,0.75,0.477464829275686,1.5707963267948966,0.25,24,271828,0,numpy_PCG64_SeedSequence,roi_margin,0.5,8,384,134689,0.020605543779108757,0.020432255046811544,0.9915901888271008
16,0.75,0.75,0.477464829275686,1.5707963267948966,0.25,24,271828,0,numpy_PCG64_SeedSequence,roi_margin,1.0,16,384,123201,0.020605543779108757,0.020381328073635765,0.9891186707870182
16,0.75,0.75,0.477464829275686,1.5707963267948966,0.25,24,271828,0,numpy_PCG64_SeedSequence,roi_margin,2.0,32,384,101761,0.020605543779108757,0.020381089022316997,0.9891070694761608
