p_pixels_per_wavelength,sigma_exp_rad_per_pixel_at_P4,sigma_physical,sigma_over_k0,kappa0_physical,dx_physical,physical_box_wavelengths,seed,realization,rng_route,control_family,grid_label,ny,nx,n,margin_pixels,physical_box_x_wavelengths,physical_box_y_wavelengths,spectral_prediction_discrete_cell,spectral_prediction_cont_full_cell,winding_density,ratio_discrete,ratio_cont_full
8,0.75,0.75,0.477464829275686,1.5707963267948966,0.5,24,42,0,numpy_PCG64_SeedSequence,non_square_grid,square_192x192,192,192,192,8,24.0,24.0,0.08242217500581656,0.0824220866245549,0.0796734693877551,0.9666508968264005,0.9666519333668393
8,0.75,0.75,0.477464829275686,1.5707963267948966,0.5,24,42,0,numpy_PCG64_SeedSequence,non_square_grid,rect_221x192,221,192,192,8,24.0,27.625,0.08242215886837405,0.0824220866245549,0.08,0.9706127708661191,0.9706136216183427
8,0.75,0.75,0.477464829275686,1.5707963267948966,0.5,24,42,0,numpy_PCG64_SeedSequence,non_square_grid,rect_193x192,193,192,192,8,24.0,24.125,0.08242217432018335,0.0824220866245549,0.07951298701298701,0.9647038272019481,0.9647048536295947
8,0.75,0.75,0.477464829275686,1.5707963267948966,0.5,24,7,0,numpy_PCG64_SeedSequence,non_square_grid,square_192x192,192,192,192,8,24.0,24.0,0.08242217500581656,0.0824220866245549,0.07859591836734695,0.9535773396152238,0.9535783621368781
8,0.75,0.75,0.477464829275686,1.5707963267948966,0.5,24,7,0,numpy_PCG64_SeedSequence,non_square_grid,rect_221x192,221,192,192,8,24.0,27.625,0.08242215886837405,0.0824220866245549,0.07966386554621849,0.9665345659465134,0.966535413124148
8,0.75,0.75,0.477464829275686,1.5707963267948966,0.5,24,7,0,numpy_PCG64_SeedSequence,non_square_grid,rect_193x192,193,192,192,8,24.0,24.125,0.08242217432018335,0.0824220866245549,0.0788961038961039,0.9572193957128354,0.9572204141771805
8,0.75,0.75,0.477464829275686,1.5707963267948966,0.5,24,123,0,numpy_PCG64_SeedSequence,non_square_grid,square_192x192,192,192,192,8,24.0,24.0,0.08242217500581656,0.0824220866245549,0.07911836734693878,0.9599160340206427,0.9599170633392835
8,0.75,0.75,0.477464829275686,1.5707963267948966,0.5,24,123,0,numpy_PCG64_SeedSequence,non_square_grid,rect_221x192,221,192,192,8,24.0,27.625,0.08242215886837405,0.0824220866245549,0.07904761904761905,0.9590578569272367,0.9590586975514578
8,0.75,0.75,0.477464829275686,1.5707963267948966,0.5,24,123,0,numpy_PCG64_SeedSequence,non_square_grid,rect_193x192,193,192,192,8,24.0,24.125,0.08242217432018335,0.0824220866245549,0.08022727272727273,0.9733700110314472,0.9733710466797586
8,0.75,0.75,0.477464829275686,1.5707963267948966,0.5,24,2023,0,numpy_PCG64_SeedSequence,non_square_grid,square_192x192,192,192,192,8,24.0,24.0,0.08242217500581656,0.0824220866245549,0.08006530612244898,0.9714049176304648,0.9714059592686435
8,0.75,0.75,0.477464829275686,1.5707963267948966,0.5,24,2023,0,numpy_PCG64_SeedSequence,non_square_grid,rect_221x192,221,192,192,8,24.0,27.625,0.08242215886837405,0.0824220866245549,0.07932773109243697,0.9624563610269079,0.9624572046299533
8,0.75,0.75,0.477464829275686,1.5707963267948966,0.5,24,2023,0,numpy_PCG64_SeedSequence,non_square_grid,rect_193x192,193,192,192,8,24.0,24.125,0.08242217432018335,0.0824220866245549,0.07694805194805195,0.9335843489051111,0.9335853422221885
8,0.75,0.75,0.477464829275686,1.5707963267948966,0.5,24,314159,0,numpy_PCG64_SeedSequence,non_square_grid,square_192x192,192,192,192,8,24.0,24.0,0.08242217500581656,0.0824220866245549,0.07951020408163266,0.9646700548247071,0.9646710892410877
8,0.75,0.75,0.477464829275686,1.5707963267948966,0.5,24,314159,0,numpy_PCG64_SeedSequence,non_square_grid,rect_221x192,221,192,192,8,24.0,27.625,0.08242215886837405,0.0824220866245549,0.08030812324929971,0.9743511253757574,0.9743519794046879
8,0.75,0.75,0.477464829275686,1.5707963267948966,0.5,24,314159,0,numpy_PCG64_SeedSequence,non_square_grid,rect_193x192,193,192,192,8,24.0,24.125,0.08242217432018335,0.0824220866245549,0.0796103896103896,0.9658855795423343,0.9658866072273443
8,0.75,0.75,0.477464829275686,1.5707963267948966,0.5,24,271828,0,numpy_PCG64_SeedSequence,non_square_grid,square_192x192,192,192,192,8,24.0,24.0,0.08242217500581656,0.0824220866245549,0.0786938775510204,0.9547658448162397,0.954766868612329
8,0.75,0.75,0.477464829275686,1.5707963267948966,0.5,24,271828,0,numpy_PCG64_SeedSequence,non_square_grid,rect_221x192,221,192,192,8,24.0,27.625,0.08242215886837405,0.0824220866245549,0.07893557422969187,0.9576984552873681,0.9576992947200594
8,0.75,0.75,0.477464829275686,1.5707963267948966,0.5,24,271828,0,numpy_PCG64_SeedSequence,non_square_grid,rect_193x192,193,192,192,8,24.0,24.125,0.08242217432018335,0.0824220866245549,0.07915584415584416,0.9603707352871987,0.960371757104513
