spot_type,family,detector,charge,x,x_label,n,joint,location,absolute,signed,mean_location_error,mean_abs_error
single_core_scale,single,raw_winding,-2,0.5,core/pixel=0.5,3,0.3333333333333333,0.3333333333333333,0.3333333333333333,0.0,0.3333333333333333,0.6666666666666666
single_core_scale,single,raw_winding,-2,1.0,core/pixel=1,6,0.3333333333333333,0.3333333333333333,0.3333333333333333,0.0,0.3333333333333333,0.6666666666666666
single_core_scale,single,raw_winding,-2,1.5,core/pixel=1.5,6,0.16666666666666666,0.16666666666666666,0.16666666666666666,0.0,0.16666666666666666,0.3333333333333333
single_core_scale,single,raw_winding,-2,2.0,core/pixel=2,9,0.3333333333333333,0.3333333333333333,0.3333333333333333,0.0,0.3333333333333333,0.6666666666666666
single_core_scale,single,raw_winding,-2,3.0,core/pixel=3,9,0.1111111111111111,0.1111111111111111,0.1111111111111111,0.0,0.1111111111111111,0.2222222222222222
single_core_scale,single,raw_winding,-2,4.0,core/pixel=4,12,0.3333333333333333,0.3333333333333333,0.3333333333333333,0.0,0.3333333333333333,0.6666666666666666
single_core_scale,single,raw_winding,-2,6.0,core/pixel=6,9,0.1111111111111111,0.1111111111111111,0.1111111111111111,0.0,0.1111111111111111,0.2222222222222222
single_core_scale,single,raw_winding,-2,8.0,core/pixel=8,9,0.3333333333333333,0.3333333333333333,0.3333333333333333,0.0,0.3333333333333333,0.6666666666666666
single_core_scale,single,raw_winding,-2,12.0,core/pixel=12,6,0.16666666666666666,0.16666666666666666,0.16666666666666666,0.0,0.16666666666666666,0.3333333333333333
single_core_scale,single,raw_winding,-2,16.0,core/pixel=16,6,0.3333333333333333,0.3333333333333333,0.3333333333333333,0.0,0.3333333333333333,0.6666666666666666
single_core_scale,single,raw_winding,-2,32.0,core/pixel=32,3,0.3333333333333333,0.3333333333333333,0.3333333333333333,0.0,0.3333333333333333,0.6666666666666666
single_core_scale,single,clustered_winding,-2,0.5,core/pixel=0.5,3,0.3333333333333333,0.3333333333333333,0.3333333333333333,0.0,0.3333333333333333,0.6666666666666666
single_core_scale,single,clustered_winding,-2,1.0,core/pixel=1,6,0.3333333333333333,0.3333333333333333,0.3333333333333333,0.0,0.3333333333333333,0.6666666666666666
single_core_scale,single,clustered_winding,-2,1.5,core/pixel=1.5,6,0.16666666666666666,0.16666666666666666,0.16666666666666666,0.0,0.16666666666666666,0.3333333333333333
single_core_scale,single,clustered_winding,-2,2.0,core/pixel=2,9,0.3333333333333333,0.3333333333333333,0.3333333333333333,0.0,0.3333333333333333,0.6666666666666666
single_core_scale,single,clustered_winding,-2,3.0,core/pixel=3,9,0.1111111111111111,0.1111111111111111,0.1111111111111111,0.0,0.1111111111111111,0.2222222222222222
single_core_scale,single,clustered_winding,-2,4.0,core/pixel=4,12,0.3333333333333333,0.3333333333333333,0.3333333333333333,0.0,0.3333333333333333,0.6666666666666666
single_core_scale,single,clustered_winding,-2,6.0,core/pixel=6,9,0.1111111111111111,0.1111111111111111,0.1111111111111111,0.0,0.1111111111111111,0.2222222222222222
single_core_scale,single,clustered_winding,-2,8.0,core/pixel=8,9,0.3333333333333333,0.3333333333333333,0.3333333333333333,0.0,0.3333333333333333,0.6666666666666666
single_core_scale,single,clustered_winding,-2,12.0,core/pixel=12,6,0.16666666666666666,0.16666666666666666,0.16666666666666666,0.0,0.16666666666666666,0.3333333333333333
single_core_scale,single,clustered_winding,-2,16.0,core/pixel=16,6,0.3333333333333333,0.3333333333333333,0.3333333333333333,0.0,0.3333333333333333,0.6666666666666666
single_core_scale,single,clustered_winding,-2,32.0,core/pixel=32,3,0.3333333333333333,0.3333333333333333,0.3333333333333333,0.0,0.3333333333333333,0.6666666666666666
single_core_scale,single,circular_contour,-2,0.5,core/pixel=0.5,3,0.3333333333333333,0.3333333333333333,0.3333333333333333,0.3333333333333333,0.3333333333333333,0.6666666666666666
single_core_scale,single,circular_contour,-2,0.75,core/pixel=0.75,3,0.3333333333333333,0.3333333333333333,0.3333333333333333,0.3333333333333333,0.3333333333333333,0.6666666666666666
single_core_scale,single,jacobian_locator,-2,0.5,core/pixel=0.5,3,0.3333333333333333,0.3333333333333333,0.3333333333333333,0.3333333333333333,0.3333333333333333,0.6666666666666666
single_core_scale,single,jacobian_locator,-2,0.75,core/pixel=0.75,3,0.3333333333333333,0.3333333333333333,0.3333333333333333,0.3333333333333333,0.3333333333333333,0.6666666666666666
single_core_scale,single,circular_contour,-1,0.5,core/pixel=0.5,3,0.3333333333333333,0.3333333333333333,0.3333333333333333,0.3333333333333333,0.3333333333333333,0.3333333333333333
single_core_scale,single,circular_contour,-1,0.75,core/pixel=0.75,3,0.3333333333333333,0.3333333333333333,0.3333333333333333,0.3333333333333333,0.3333333333333333,0.3333333333333333
single_core_scale,single,jacobian_locator,-1,0.5,core/pixel=0.5,3,0.3333333333333333,0.3333333333333333,0.3333333333333333,0.3333333333333333,0.3333333333333333,0.3333333333333333
single_core_scale,single,jacobian_locator,-1,0.75,core/pixel=0.75,3,0.3333333333333333,0.3333333333333333,0.3333333333333333,0.3333333333333333,0.3333333333333333,0.3333333333333333
single_core_scale,single,circular_contour,1,0.5,core/pixel=0.5,3,0.3333333333333333,0.3333333333333333,0.3333333333333333,0.3333333333333333,0.3333333333333333,0.3333333333333333
single_core_scale,single,circular_contour,1,0.75,core/pixel=0.75,3,0.3333333333333333,0.3333333333333333,0.3333333333333333,0.3333333333333333,0.3333333333333333,0.3333333333333333
single_core_scale,single,jacobian_locator,1,0.5,core/pixel=0.5,3,0.3333333333333333,0.3333333333333333,0.3333333333333333,0.3333333333333333,0.3333333333333333,0.3333333333333333
single_core_scale,single,jacobian_locator,1,0.75,core/pixel=0.75,3,0.3333333333333333,0.3333333333333333,0.3333333333333333,0.3333333333333333,0.3333333333333333,0.3333333333333333
single_core_scale,single,raw_winding,2,0.5,core/pixel=0.5,3,0.3333333333333333,0.3333333333333333,0.3333333333333333,0.0,0.3333333333333333,0.6666666666666666
single_core_scale,single,raw_winding,2,1.0,core/pixel=1,6,0.3333333333333333,0.3333333333333333,0.3333333333333333,0.0,0.3333333333333333,0.6666666666666666
single_core_scale,single,raw_winding,2,1.5,core/pixel=1.5,6,0.16666666666666666,0.16666666666666666,0.16666666666666666,0.0,0.16666666666666666,0.3333333333333333
single_core_scale,single,raw_winding,2,2.0,core/pixel=2,9,0.3333333333333333,0.3333333333333333,0.3333333333333333,0.0,0.3333333333333333,0.6666666666666666
single_core_scale,single,raw_winding,2,3.0,core/pixel=3,9,0.1111111111111111,0.1111111111111111,0.1111111111111111,0.0,0.1111111111111111,0.2222222222222222
single_core_scale,single,raw_winding,2,4.0,core/pixel=4,12,0.3333333333333333,0.3333333333333333,0.3333333333333333,0.0,0.3333333333333333,0.6666666666666666
single_core_scale,single,raw_winding,2,6.0,core/pixel=6,9,0.1111111111111111,0.1111111111111111,0.1111111111111111,0.0,0.1111111111111111,0.2222222222222222
single_core_scale,single,raw_winding,2,8.0,core/pixel=8,9,0.3333333333333333,0.3333333333333333,0.3333333333333333,0.0,0.3333333333333333,0.6666666666666666
single_core_scale,single,raw_winding,2,12.0,core/pixel=12,6,0.16666666666666666,0.16666666666666666,0.16666666666666666,0.0,0.16666666666666666,0.3333333333333333
single_core_scale,single,raw_winding,2,16.0,core/pixel=16,6,0.3333333333333333,0.3333333333333333,0.3333333333333333,0.0,0.3333333333333333,0.6666666666666666
single_core_scale,single,raw_winding,2,32.0,core/pixel=32,3,0.3333333333333333,0.3333333333333333,0.3333333333333333,0.0,0.3333333333333333,0.6666666666666666
single_core_scale,single,clustered_winding,2,0.5,core/pixel=0.5,3,0.3333333333333333,0.3333333333333333,0.3333333333333333,0.0,0.3333333333333333,0.6666666666666666
single_core_scale,single,clustered_winding,2,1.0,core/pixel=1,6,0.3333333333333333,0.3333333333333333,0.3333333333333333,0.0,0.3333333333333333,0.6666666666666666
single_core_scale,single,clustered_winding,2,1.5,core/pixel=1.5,6,0.16666666666666666,0.16666666666666666,0.16666666666666666,0.0,0.16666666666666666,0.3333333333333333
single_core_scale,single,clustered_winding,2,2.0,core/pixel=2,9,0.3333333333333333,0.3333333333333333,0.3333333333333333,0.0,0.3333333333333333,0.6666666666666666
single_core_scale,single,clustered_winding,2,3.0,core/pixel=3,9,0.1111111111111111,0.1111111111111111,0.1111111111111111,0.0,0.1111111111111111,0.2222222222222222
single_core_scale,single,clustered_winding,2,4.0,core/pixel=4,12,0.3333333333333333,0.3333333333333333,0.3333333333333333,0.0,0.3333333333333333,0.6666666666666666
single_core_scale,single,clustered_winding,2,6.0,core/pixel=6,9,0.1111111111111111,0.1111111111111111,0.1111111111111111,0.0,0.1111111111111111,0.2222222222222222
single_core_scale,single,clustered_winding,2,8.0,core/pixel=8,9,0.3333333333333333,0.3333333333333333,0.3333333333333333,0.0,0.3333333333333333,0.6666666666666666
single_core_scale,single,clustered_winding,2,12.0,core/pixel=12,6,0.16666666666666666,0.16666666666666666,0.16666666666666666,0.0,0.16666666666666666,0.3333333333333333
single_core_scale,single,clustered_winding,2,16.0,core/pixel=16,6,0.3333333333333333,0.3333333333333333,0.3333333333333333,0.0,0.3333333333333333,0.6666666666666666
single_core_scale,single,clustered_winding,2,32.0,core/pixel=32,3,0.3333333333333333,0.3333333333333333,0.3333333333333333,0.0,0.3333333333333333,0.6666666666666666
single_core_scale,single,circular_contour,2,0.5,core/pixel=0.5,3,0.3333333333333333,0.3333333333333333,0.3333333333333333,0.3333333333333333,0.3333333333333333,0.6666666666666666
single_core_scale,single,circular_contour,2,0.75,core/pixel=0.75,3,0.3333333333333333,0.3333333333333333,0.3333333333333333,0.3333333333333333,0.3333333333333333,0.6666666666666666
single_core_scale,single,jacobian_locator,2,0.5,core/pixel=0.5,3,0.3333333333333333,0.3333333333333333,0.3333333333333333,0.3333333333333333,0.3333333333333333,0.6666666666666666
single_core_scale,single,jacobian_locator,2,0.75,core/pixel=0.75,3,0.3333333333333333,0.3333333333333333,0.3333333333333333,0.3333333333333333,0.3333333333333333,0.6666666666666666
close_pair_separation,close_pair,raw_winding,0,1.0,separation/pixel=1,1,1.0,1.0,1.0,0.0,2.0,2.0
close_pair_separation,close_pair,clustered_winding,0,1.0,separation/pixel=1,1,1.0,1.0,1.0,0.0,2.0,2.0
close_pair_separation,close_pair,circular_contour,0,1.0,separation/pixel=1,1,1.0,1.0,1.0,0.0,2.0,2.0
close_pair_separation,close_pair,jacobian_locator,0,1.0,separation/pixel=1,1,1.0,1.0,1.0,0.0,2.0,2.0
close_pair_separation,close_pair,jacobian_locator,0,1.5,separation/pixel=1.5,1,1.0,1.0,1.0,0.0,2.0,2.0
close_pair_separation,close_pair,jacobian_locator,0,2.0,separation/pixel=2,2,1.0,1.0,1.0,0.0,2.0,2.0
close_pair_separation,close_pair,jacobian_locator,0,3.0,separation/pixel=3,3,1.0,1.0,1.0,1.0,1.0,1.0
close_pair_separation,close_pair,jacobian_locator,0,4.0,separation/pixel=4,3,0.6666666666666666,0.6666666666666666,0.6666666666666666,0.6666666666666666,0.6666666666666666,0.6666666666666666
boundary_full_vs_crop,boundary,raw_winding,0,0.5,edge distance/pixel=0.5,30,0.7,0.7,0.7,0.0,0.0,0.0
boundary_full_vs_crop,boundary,raw_winding,0,1.0,edge distance/pixel=1,30,0.1,0.1,0.1,0.0,0.0,0.0
boundary_full_vs_crop,boundary,clustered_winding,0,0.5,edge distance/pixel=0.5,30,0.7,0.7,0.7,0.0,0.0,0.0
boundary_full_vs_crop,boundary,clustered_winding,0,1.0,edge distance/pixel=1,30,0.1,0.1,0.1,0.0,0.0,0.0
boundary_full_vs_crop,boundary,circular_contour,0,0.5,edge distance/pixel=0.5,30,1.0,1.0,1.0,0.0,0.0,0.0
boundary_full_vs_crop,boundary,circular_contour,0,1.0,edge distance/pixel=1,30,1.0,1.0,1.0,0.0,0.0,0.0
boundary_full_vs_crop,boundary,circular_contour,0,2.0,edge distance/pixel=2,30,0.2,0.2,0.2,0.0,0.0,0.0
boundary_full_vs_crop,boundary,jacobian_locator,0,0.5,edge distance/pixel=0.5,30,1.0,1.0,1.0,0.0,0.0,0.0
boundary_full_vs_crop,boundary,jacobian_locator,0,1.0,edge distance/pixel=1,30,0.8666666666666667,0.8666666666666667,0.8666666666666667,0.0,0.0,0.0
boundary_full_vs_crop,boundary,jacobian_locator,0,2.0,edge distance/pixel=2,30,0.5333333333333333,0.5333333333333333,0.5333333333333333,0.0,0.0,0.0
boundary_full_vs_crop,boundary,jacobian_locator,0,3.0,edge distance/pixel=3,30,0.1,0.1,0.1,0.0,0.0,0.0
