detector,position_inside,distance_band_px,n,unpadded_location_mean,padded_location_mean,unpadded_charge_mean,padded_charge_mean,padded_full_location_mean,padded_full_charge_mean,location_change_rate,full_vs_crop_location_change_rate,charge_change_rate,full_vs_crop_charge_change_rate,unpadded_boundary_fp_rate,padded_boundary_fp_rate
circular_contour,False,0-1,90,0.0,0.0,0.0,0.0,1.0,1.5,0.0,1.0,0.0,1.0,0.0,0.0
circular_contour,False,1-3,30,0.0,0.0,0.0,0.0,1.0,1.5,0.0,1.0,0.0,1.0,0.0,0.0
circular_contour,True,0-1,60,0.0,0.0,0.0,0.0,1.0,1.5,0.0,1.0,0.0,1.0,0.0,0.0
circular_contour,True,1-3,60,0.95,0.95,1.4,1.4,1.0,1.5,0.0,0.05,0.0,0.1,0.0,0.0
circular_contour,True,3-6,30,1.0,1.0,1.5,1.5,1.0,1.5,0.0,0.0,0.0,0.0,0.0,0.0
clustered_winding,False,0-1,90,0.0,0.0,0.0,0.0,1.0666666666666667,1.6333333333333333,0.0,1.0,0.0,1.0,0.0,0.0
clustered_winding,False,1-3,30,0.0,0.0,0.0,0.0,1.1,1.7,0.0,1.0,0.0,1.0,0.0,0.0
clustered_winding,True,0-1,60,0.8,0.8,1.05,1.05,1.05,1.6,0.0,0.25,0.0,0.4,0.0,0.0
clustered_winding,True,1-3,60,1.1,1.1,1.7,1.7,1.1,1.7,0.0,0.0,0.0,0.0,0.0,0.0
clustered_winding,True,3-6,30,1.1,1.1,1.7,1.7,1.1,1.7,0.0,0.0,0.0,0.0,0.0,0.0
jacobian_locator,False,0-1,90,0.0,0.0,0.0,0.0,1.0,1.5,0.0,1.0,0.0,1.0,0.0,0.0
jacobian_locator,False,1-3,30,0.0,0.0,0.0,0.0,1.0,1.5,0.0,1.0,0.0,1.0,0.0,0.0
jacobian_locator,True,0-1,60,0.06666666666666667,0.06666666666666667,0.13333333333333333,0.13333333333333333,1.0,1.5,0.0,0.9333333333333333,0.0,0.9333333333333333,0.0,0.0
jacobian_locator,True,1-3,60,0.6833333333333333,0.6833333333333333,1.1,1.1,1.0,1.5,0.0,0.31666666666666665,0.0,0.31666666666666665,0.0,0.0
jacobian_locator,True,3-6,30,1.0,1.0,1.5,1.5,1.0,1.5,0.0,0.0,0.0,0.0,0.0,0.0
raw_winding,False,0-1,90,0.0,0.0,0.0,0.0,1.0666666666666667,1.6333333333333333,0.0,1.0,0.0,1.0,0.0,0.0
raw_winding,False,1-3,30,0.0,0.0,0.0,0.0,1.1,1.7,0.0,1.0,0.0,1.0,0.0,0.0
raw_winding,True,0-1,60,0.8,0.8,1.05,1.05,1.05,1.6,0.0,0.25,0.0,0.4,0.0,0.0
raw_winding,True,1-3,60,1.1,1.1,1.7,1.7,1.1,1.7,0.0,0.0,0.0,0.0,0.0,0.0
raw_winding,True,3-6,30,1.1,1.1,1.7,1.7,1.1,1.7,0.0,0.0,0.0,0.0,0.0,0.0
