detector,charge,position_mode,n,joint_success_rate,location_match_rate,absolute_charge_match_rate,signed_charge_match_rate,mean_location_count,mean_component_count,mean_winding_cell_count,mean_absolute_charge,mean_signed_charge,location_count_values,winding_cell_count_values,absolute_charge_values,charge_normalized_count_values
circular_contour,-2,exact_pixel,4,1.0,1.0,1.0,1.0,1.0,1.0,0.0,2.0,-2.0,[1],[0],[2],[1.0]
circular_contour,-2,half_pixel,4,1.0,1.0,1.0,1.0,1.0,1.0,0.0,2.0,-2.0,[1],[0],[2],[1.0]
circular_contour,-2,quarter_pixel,4,1.0,1.0,1.0,1.0,1.0,1.0,0.0,2.0,-2.0,[1],[0],[2],[1.0]
circular_contour,-1,exact_pixel,4,1.0,1.0,1.0,1.0,1.0,1.0,0.0,1.0,-1.0,[1],[0],[1],[1.0]
circular_contour,-1,half_pixel,4,1.0,1.0,1.0,1.0,1.0,1.0,0.0,1.0,-1.0,[1],[0],[1],[1.0]
circular_contour,-1,quarter_pixel,4,1.0,1.0,1.0,1.0,1.0,1.0,0.0,1.0,-1.0,[1],[0],[1],[1.0]
circular_contour,1,exact_pixel,4,1.0,1.0,1.0,1.0,1.0,1.0,0.0,1.0,1.0,[1],[0],[1],[1.0]
circular_contour,1,half_pixel,4,1.0,1.0,1.0,1.0,1.0,1.0,0.0,1.0,1.0,[1],[0],[1],[1.0]
circular_contour,1,quarter_pixel,4,1.0,1.0,1.0,1.0,1.0,1.0,0.0,1.0,1.0,[1],[0],[1],[1.0]
circular_contour,2,exact_pixel,4,1.0,1.0,1.0,1.0,1.0,1.0,0.0,2.0,2.0,[1],[0],[2],[1.0]
circular_contour,2,half_pixel,4,1.0,1.0,1.0,1.0,1.0,1.0,0.0,2.0,2.0,[1],[0],[2],[1.0]
circular_contour,2,quarter_pixel,4,1.0,1.0,1.0,1.0,1.0,1.0,0.0,2.0,2.0,[1],[0],[2],[1.0]
clustered_winding,-2,exact_pixel,4,1.0,1.0,1.0,1.0,1.0,1.0,2.0,2.0,-2.0,[1],[2],[2],[1.0]
clustered_winding,-2,half_pixel,4,0.0,0.0,0.0,1.0,2.0,2.0,4.0,4.0,-2.0,[2],[4],[4],[2.0]
clustered_winding,-2,quarter_pixel,4,1.0,1.0,1.0,1.0,1.0,1.0,2.0,2.0,-2.0,[1],[2],[2],[1.0]
clustered_winding,-1,exact_pixel,4,1.0,1.0,1.0,1.0,1.0,1.0,1.0,1.0,-1.0,[1],[1],[1],[1.0]
clustered_winding,-1,half_pixel,4,1.0,1.0,1.0,1.0,1.0,1.0,1.0,1.0,-1.0,[1],[1],[1],[1.0]
clustered_winding,-1,quarter_pixel,4,1.0,1.0,1.0,1.0,1.0,1.0,1.0,1.0,-1.0,[1],[1],[1],[1.0]
clustered_winding,1,exact_pixel,4,1.0,1.0,1.0,1.0,1.0,1.0,1.0,1.0,1.0,[1],[1],[1],[1.0]
clustered_winding,1,half_pixel,4,1.0,1.0,1.0,1.0,1.0,1.0,1.0,1.0,1.0,[1],[1],[1],[1.0]
clustered_winding,1,quarter_pixel,4,1.0,1.0,1.0,1.0,1.0,1.0,1.0,1.0,1.0,[1],[1],[1],[1.0]
clustered_winding,2,exact_pixel,4,1.0,1.0,1.0,1.0,1.0,1.0,2.0,2.0,2.0,[1],[2],[2],[1.0]
clustered_winding,2,half_pixel,4,0.0,0.0,0.0,1.0,2.0,2.0,4.0,4.0,2.0,[2],[4],[4],[2.0]
clustered_winding,2,quarter_pixel,4,1.0,1.0,1.0,1.0,1.0,1.0,2.0,2.0,2.0,[1],[2],[2],[1.0]
jacobian_locator,-2,exact_pixel,4,1.0,1.0,1.0,1.0,1.0,1.0,0.0,2.0,-2.0,[1],[0],[2],[1.0]
jacobian_locator,-2,half_pixel,4,1.0,1.0,1.0,1.0,1.0,1.0,0.0,2.0,-2.0,[1],[0],[2],[1.0]
jacobian_locator,-2,quarter_pixel,4,1.0,1.0,1.0,1.0,1.0,1.0,0.0,2.0,-2.0,[1],[0],[2],[1.0]
jacobian_locator,-1,exact_pixel,4,1.0,1.0,1.0,1.0,1.0,1.0,0.0,1.0,-1.0,[1],[0],[1],[1.0]
jacobian_locator,-1,half_pixel,4,1.0,1.0,1.0,1.0,1.0,1.0,0.0,1.0,-1.0,[1],[0],[1],[1.0]
jacobian_locator,-1,quarter_pixel,4,1.0,1.0,1.0,1.0,1.0,1.0,0.0,1.0,-1.0,[1],[0],[1],[1.0]
jacobian_locator,1,exact_pixel,4,1.0,1.0,1.0,1.0,1.0,1.0,0.0,1.0,1.0,[1],[0],[1],[1.0]
jacobian_locator,1,half_pixel,4,1.0,1.0,1.0,1.0,1.0,1.0,0.0,1.0,1.0,[1],[0],[1],[1.0]
jacobian_locator,1,quarter_pixel,4,1.0,1.0,1.0,1.0,1.0,1.0,0.0,1.0,1.0,[1],[0],[1],[1.0]
jacobian_locator,2,exact_pixel,4,1.0,1.0,1.0,1.0,1.0,1.0,0.0,2.0,2.0,[1],[0],[2],[1.0]
jacobian_locator,2,half_pixel,4,1.0,1.0,1.0,1.0,1.0,1.0,0.0,2.0,2.0,[1],[0],[2],[1.0]
jacobian_locator,2,quarter_pixel,4,1.0,1.0,1.0,1.0,1.0,1.0,0.0,2.0,2.0,[1],[0],[2],[1.0]
raw_winding,-2,exact_pixel,4,1.0,1.0,1.0,1.0,1.0,1.0,2.0,2.0,-2.0,[1],[2],[2],[1.0]
raw_winding,-2,half_pixel,4,0.0,0.0,0.0,1.0,2.0,2.0,4.0,4.0,-2.0,[2],[4],[4],[2.0]
raw_winding,-2,quarter_pixel,4,1.0,1.0,1.0,1.0,1.0,1.0,2.0,2.0,-2.0,[1],[2],[2],[1.0]
raw_winding,-1,exact_pixel,4,1.0,1.0,1.0,1.0,1.0,1.0,1.0,1.0,-1.0,[1],[1],[1],[1.0]
raw_winding,-1,half_pixel,4,1.0,1.0,1.0,1.0,1.0,1.0,1.0,1.0,-1.0,[1],[1],[1],[1.0]
raw_winding,-1,quarter_pixel,4,1.0,1.0,1.0,1.0,1.0,1.0,1.0,1.0,-1.0,[1],[1],[1],[1.0]
raw_winding,1,exact_pixel,4,1.0,1.0,1.0,1.0,1.0,1.0,1.0,1.0,1.0,[1],[1],[1],[1.0]
raw_winding,1,half_pixel,4,1.0,1.0,1.0,1.0,1.0,1.0,1.0,1.0,1.0,[1],[1],[1],[1.0]
raw_winding,1,quarter_pixel,4,1.0,1.0,1.0,1.0,1.0,1.0,1.0,1.0,1.0,[1],[1],[1],[1.0]
raw_winding,2,exact_pixel,4,1.0,1.0,1.0,1.0,1.0,1.0,2.0,2.0,2.0,[1],[2],[2],[1.0]
raw_winding,2,half_pixel,4,0.0,0.0,0.0,1.0,2.0,2.0,4.0,4.0,2.0,[2],[4],[4],[2.0]
raw_winding,2,quarter_pixel,4,1.0,1.0,1.0,1.0,1.0,1.0,2.0,2.0,2.0,[1],[2],[2],[1.0]
