family,detector,charge,normalized_bin,core_or_separation_over_pixel,n,joint_success_rate,location_match_rate,absolute_charge_match_rate,signed_charge_match_rate,mean_location_count,mean_component_count,mean_winding_cell_count,mean_absolute_charge,mean_signed_charge,location_count_values,winding_cell_count_values,absolute_charge_values,charge_normalized_count_values
close_pair,circular_contour,0,1-1.5,1-1.5,1,0.0,0.0,0.0,1.0,0.0,0.0,0.0,0.0,0.0,[0],[0],[0],[0.0]
close_pair,circular_contour,0,1.5-2,1.5-2,1,1.0,1.0,1.0,1.0,2.0,2.0,0.0,2.0,0.0,[2],[0],[2],[2.0]
close_pair,circular_contour,0,12-20,12-20,10,1.0,1.0,1.0,1.0,2.0,2.0,0.0,2.0,0.0,[2],[0],[2],[2.0]
close_pair,circular_contour,0,2-3,2-3,2,1.0,1.0,1.0,1.0,2.0,2.0,0.0,2.0,0.0,[2],[0],[2],[2.0]
close_pair,circular_contour,0,3-4,3-4,3,1.0,1.0,1.0,1.0,2.0,2.0,0.0,2.0,0.0,[2],[0],[2],[2.0]
close_pair,circular_contour,0,4-6,4-6,4,1.0,1.0,1.0,1.0,2.0,2.0,0.0,2.0,0.0,[2],[0],[2],[2.0]
close_pair,circular_contour,0,6-8,6-8,5,1.0,1.0,1.0,1.0,2.0,2.0,0.0,2.0,0.0,[2],[0],[2],[2.0]
close_pair,circular_contour,0,8-12,8-12,6,1.0,1.0,1.0,1.0,2.0,2.0,0.0,2.0,0.0,[2],[0],[2],[2.0]
close_pair,circular_contour,0,>20,>20,10,1.0,1.0,1.0,1.0,2.0,2.0,0.0,2.0,0.0,[2],[0],[2],[2.0]
close_pair,clustered_winding,0,1-1.5,1-1.5,1,0.0,0.0,0.0,1.0,0.0,0.0,0.0,0.0,0.0,[0],[0],[0],[0.0]
close_pair,clustered_winding,0,1.5-2,1.5-2,1,1.0,1.0,1.0,1.0,2.0,2.0,2.0,2.0,0.0,[2],[2],[2],[2.0]
close_pair,clustered_winding,0,12-20,12-20,10,1.0,1.0,1.0,1.0,2.0,2.0,2.0,2.0,0.0,[2],[2],[2],[2.0]
close_pair,clustered_winding,0,2-3,2-3,2,1.0,1.0,1.0,1.0,2.0,2.0,2.0,2.0,0.0,[2],[2],[2],[2.0]
close_pair,clustered_winding,0,3-4,3-4,3,1.0,1.0,1.0,1.0,2.0,2.0,2.0,2.0,0.0,[2],[2],[2],[2.0]
close_pair,clustered_winding,0,4-6,4-6,4,1.0,1.0,1.0,1.0,2.0,2.0,2.0,2.0,0.0,[2],[2],[2],[2.0]
close_pair,clustered_winding,0,6-8,6-8,5,1.0,1.0,1.0,1.0,2.0,2.0,2.0,2.0,0.0,[2],[2],[2],[2.0]
close_pair,clustered_winding,0,8-12,8-12,6,1.0,1.0,1.0,1.0,2.0,2.0,2.0,2.0,0.0,[2],[2],[2],[2.0]
close_pair,clustered_winding,0,>20,>20,10,1.0,1.0,1.0,1.0,2.0,2.0,2.0,2.0,0.0,[2],[2],[2],[2.0]
close_pair,jacobian_locator,0,1-1.5,1-1.5,1,0.0,0.0,0.0,1.0,0.0,0.0,0.0,0.0,0.0,[0],[0],[0],[0.0]
close_pair,jacobian_locator,0,1.5-2,1.5-2,1,0.0,0.0,0.0,1.0,0.0,0.0,0.0,0.0,0.0,[0],[0],[0],[0.0]
close_pair,jacobian_locator,0,12-20,12-20,10,1.0,1.0,1.0,1.0,2.0,2.0,0.0,2.0,0.0,[2],[0],[2],[2.0]
close_pair,jacobian_locator,0,2-3,2-3,2,0.0,0.0,0.0,1.0,0.0,0.0,0.0,0.0,0.0,[0],[0],[0],[0.0]
close_pair,jacobian_locator,0,3-4,3-4,3,0.0,0.0,0.0,0.0,1.0,1.0,0.0,1.0,1.0,[1],[0],[1],[1.0]
close_pair,jacobian_locator,0,4-6,4-6,4,0.5,0.5,0.5,0.5,1.5,1.5,0.0,1.5,-0.5,"[1, 2]",[0],"[1, 2]","[1.0, 2.0]"
close_pair,jacobian_locator,0,6-8,6-8,5,1.0,1.0,1.0,1.0,2.0,2.0,0.0,2.0,0.0,[2],[0],[2],[2.0]
close_pair,jacobian_locator,0,8-12,8-12,6,1.0,1.0,1.0,1.0,2.0,2.0,0.0,2.0,0.0,[2],[0],[2],[2.0]
close_pair,jacobian_locator,0,>20,>20,10,1.0,1.0,1.0,1.0,2.0,2.0,0.0,2.0,0.0,[2],[0],[2],[2.0]
close_pair,raw_winding,0,1-1.5,1-1.5,1,0.0,0.0,0.0,1.0,0.0,0.0,0.0,0.0,0.0,[0],[0],[0],[0.0]
close_pair,raw_winding,0,1.5-2,1.5-2,1,1.0,1.0,1.0,1.0,2.0,2.0,2.0,2.0,0.0,[2],[2],[2],[2.0]
close_pair,raw_winding,0,12-20,12-20,10,1.0,1.0,1.0,1.0,2.0,2.0,2.0,2.0,0.0,[2],[2],[2],[2.0]
close_pair,raw_winding,0,2-3,2-3,2,1.0,1.0,1.0,1.0,2.0,2.0,2.0,2.0,0.0,[2],[2],[2],[2.0]
close_pair,raw_winding,0,3-4,3-4,3,1.0,1.0,1.0,1.0,2.0,2.0,2.0,2.0,0.0,[2],[2],[2],[2.0]
close_pair,raw_winding,0,4-6,4-6,4,1.0,1.0,1.0,1.0,2.0,2.0,2.0,2.0,0.0,[2],[2],[2],[2.0]
close_pair,raw_winding,0,6-8,6-8,5,1.0,1.0,1.0,1.0,2.0,2.0,2.0,2.0,0.0,[2],[2],[2],[2.0]
close_pair,raw_winding,0,8-12,8-12,6,1.0,1.0,1.0,1.0,2.0,2.0,2.0,2.0,0.0,[2],[2],[2],[2.0]
close_pair,raw_winding,0,>20,>20,10,1.0,1.0,1.0,1.0,2.0,2.0,2.0,2.0,0.0,[2],[2],[2],[2.0]
single,circular_contour,-2,0.5-0.75,0.5-0.75,3,0.6666666666666666,0.6666666666666666,0.6666666666666666,0.6666666666666666,0.6666666666666666,0.6666666666666666,0.0,1.3333333333333333,-1.3333333333333333,"[0, 1]",[0],"[0, 2]","[0.0, 1.0]"
single,circular_contour,-2,0.75-1,0.75-1,3,0.6666666666666666,0.6666666666666666,0.6666666666666666,0.6666666666666666,0.6666666666666666,0.6666666666666666,0.0,1.3333333333333333,-1.3333333333333333,"[0, 1]",[0],"[0, 2]","[0.0, 1.0]"
single,circular_contour,-2,1-1.5,1-1.5,6,1.0,1.0,1.0,1.0,1.0,1.0,0.0,2.0,-2.0,[1],[0],[2],[1.0]
single,circular_contour,-2,1.5-2,1.5-2,6,1.0,1.0,1.0,1.0,1.0,1.0,0.0,2.0,-2.0,[1],[0],[2],[1.0]
single,circular_contour,-2,12-20,12-20,12,1.0,1.0,1.0,1.0,1.0,1.0,0.0,2.0,-2.0,[1],[0],[2],[1.0]
single,circular_contour,-2,2-3,2-3,9,1.0,1.0,1.0,1.0,1.0,1.0,0.0,2.0,-2.0,[1],[0],[2],[1.0]
single,circular_contour,-2,3-4,3-4,9,1.0,1.0,1.0,1.0,1.0,1.0,0.0,2.0,-2.0,[1],[0],[2],[1.0]
single,circular_contour,-2,4-6,4-6,12,1.0,1.0,1.0,1.0,1.0,1.0,0.0,2.0,-2.0,[1],[0],[2],[1.0]
single,circular_contour,-2,6-8,6-8,9,1.0,1.0,1.0,1.0,1.0,1.0,0.0,2.0,-2.0,[1],[0],[2],[1.0]
single,circular_contour,-2,8-12,8-12,9,1.0,1.0,1.0,1.0,1.0,1.0,0.0,2.0,-2.0,[1],[0],[2],[1.0]
single,circular_contour,-2,>20,>20,6,1.0,1.0,1.0,1.0,1.0,1.0,0.0,2.0,-2.0,[1],[0],[2],[1.0]
single,circular_contour,-1,0.5-0.75,0.5-0.75,3,0.6666666666666666,0.6666666666666666,0.6666666666666666,0.6666666666666666,0.6666666666666666,0.6666666666666666,0.0,0.6666666666666666,-0.6666666666666666,"[0, 1]",[0],"[0, 1]","[0.0, 1.0]"
single,circular_contour,-1,0.75-1,0.75-1,3,0.6666666666666666,0.6666666666666666,0.6666666666666666,0.6666666666666666,0.6666666666666666,0.6666666666666666,0.0,0.6666666666666666,-0.6666666666666666,"[0, 1]",[0],"[0, 1]","[0.0, 1.0]"
single,circular_contour,-1,1-1.5,1-1.5,6,1.0,1.0,1.0,1.0,1.0,1.0,0.0,1.0,-1.0,[1],[0],[1],[1.0]
single,circular_contour,-1,1.5-2,1.5-2,6,1.0,1.0,1.0,1.0,1.0,1.0,0.0,1.0,-1.0,[1],[0],[1],[1.0]
single,circular_contour,-1,12-20,12-20,12,1.0,1.0,1.0,1.0,1.0,1.0,0.0,1.0,-1.0,[1],[0],[1],[1.0]
single,circular_contour,-1,2-3,2-3,9,1.0,1.0,1.0,1.0,1.0,1.0,0.0,1.0,-1.0,[1],[0],[1],[1.0]
single,circular_contour,-1,3-4,3-4,9,1.0,1.0,1.0,1.0,1.0,1.0,0.0,1.0,-1.0,[1],[0],[1],[1.0]
single,circular_contour,-1,4-6,4-6,12,1.0,1.0,1.0,1.0,1.0,1.0,0.0,1.0,-1.0,[1],[0],[1],[1.0]
single,circular_contour,-1,6-8,6-8,9,1.0,1.0,1.0,1.0,1.0,1.0,0.0,1.0,-1.0,[1],[0],[1],[1.0]
single,circular_contour,-1,8-12,8-12,9,1.0,1.0,1.0,1.0,1.0,1.0,0.0,1.0,-1.0,[1],[0],[1],[1.0]
single,circular_contour,-1,>20,>20,6,1.0,1.0,1.0,1.0,1.0,1.0,0.0,1.0,-1.0,[1],[0],[1],[1.0]
single,circular_contour,1,0.5-0.75,0.5-0.75,3,0.6666666666666666,0.6666666666666666,0.6666666666666666,0.6666666666666666,0.6666666666666666,0.6666666666666666,0.0,0.6666666666666666,0.6666666666666666,"[0, 1]",[0],"[0, 1]","[0.0, 1.0]"
single,circular_contour,1,0.75-1,0.75-1,3,0.6666666666666666,0.6666666666666666,0.6666666666666666,0.6666666666666666,0.6666666666666666,0.6666666666666666,0.0,0.6666666666666666,0.6666666666666666,"[0, 1]",[0],"[0, 1]","[0.0, 1.0]"
single,circular_contour,1,1-1.5,1-1.5,6,1.0,1.0,1.0,1.0,1.0,1.0,0.0,1.0,1.0,[1],[0],[1],[1.0]
single,circular_contour,1,1.5-2,1.5-2,6,1.0,1.0,1.0,1.0,1.0,1.0,0.0,1.0,1.0,[1],[0],[1],[1.0]
single,circular_contour,1,12-20,12-20,12,1.0,1.0,1.0,1.0,1.0,1.0,0.0,1.0,1.0,[1],[0],[1],[1.0]
single,circular_contour,1,2-3,2-3,9,1.0,1.0,1.0,1.0,1.0,1.0,0.0,1.0,1.0,[1],[0],[1],[1.0]
single,circular_contour,1,3-4,3-4,9,1.0,1.0,1.0,1.0,1.0,1.0,0.0,1.0,1.0,[1],[0],[1],[1.0]
single,circular_contour,1,4-6,4-6,12,1.0,1.0,1.0,1.0,1.0,1.0,0.0,1.0,1.0,[1],[0],[1],[1.0]
single,circular_contour,1,6-8,6-8,9,1.0,1.0,1.0,1.0,1.0,1.0,0.0,1.0,1.0,[1],[0],[1],[1.0]
single,circular_contour,1,8-12,8-12,9,1.0,1.0,1.0,1.0,1.0,1.0,0.0,1.0,1.0,[1],[0],[1],[1.0]
single,circular_contour,1,>20,>20,6,1.0,1.0,1.0,1.0,1.0,1.0,0.0,1.0,1.0,[1],[0],[1],[1.0]
single,circular_contour,2,0.5-0.75,0.5-0.75,3,0.6666666666666666,0.6666666666666666,0.6666666666666666,0.6666666666666666,0.6666666666666666,0.6666666666666666,0.0,1.3333333333333333,1.3333333333333333,"[0, 1]",[0],"[0, 2]","[0.0, 1.0]"
single,circular_contour,2,0.75-1,0.75-1,3,0.6666666666666666,0.6666666666666666,0.6666666666666666,0.6666666666666666,0.6666666666666666,0.6666666666666666,0.0,1.3333333333333333,1.3333333333333333,"[0, 1]",[0],"[0, 2]","[0.0, 1.0]"
single,circular_contour,2,1-1.5,1-1.5,6,1.0,1.0,1.0,1.0,1.0,1.0,0.0,2.0,2.0,[1],[0],[2],[1.0]
single,circular_contour,2,1.5-2,1.5-2,6,1.0,1.0,1.0,1.0,1.0,1.0,0.0,2.0,2.0,[1],[0],[2],[1.0]
single,circular_contour,2,12-20,12-20,12,1.0,1.0,1.0,1.0,1.0,1.0,0.0,2.0,2.0,[1],[0],[2],[1.0]
single,circular_contour,2,2-3,2-3,9,1.0,1.0,1.0,1.0,1.0,1.0,0.0,2.0,2.0,[1],[0],[2],[1.0]
single,circular_contour,2,3-4,3-4,9,1.0,1.0,1.0,1.0,1.0,1.0,0.0,2.0,2.0,[1],[0],[2],[1.0]
single,circular_contour,2,4-6,4-6,12,1.0,1.0,1.0,1.0,1.0,1.0,0.0,2.0,2.0,[1],[0],[2],[1.0]
single,circular_contour,2,6-8,6-8,9,1.0,1.0,1.0,1.0,1.0,1.0,0.0,2.0,2.0,[1],[0],[2],[1.0]
single,circular_contour,2,8-12,8-12,9,1.0,1.0,1.0,1.0,1.0,1.0,0.0,2.0,2.0,[1],[0],[2],[1.0]
single,circular_contour,2,>20,>20,6,1.0,1.0,1.0,1.0,1.0,1.0,0.0,2.0,2.0,[1],[0],[2],[1.0]
single,clustered_winding,-2,0.5-0.75,0.5-0.75,3,0.6666666666666666,0.6666666666666666,0.6666666666666666,1.0,1.3333333333333333,1.3333333333333333,2.6666666666666665,2.6666666666666665,-2.0,"[1, 2]","[2, 4]","[2, 4]","[1.0, 2.0]"
single,clustered_winding,-2,0.75-1,0.75-1,3,1.0,1.0,1.0,1.0,1.0,1.0,2.0,2.0,-2.0,[1],[2],[2],[1.0]
single,clustered_winding,-2,1-1.5,1-1.5,6,0.6666666666666666,0.6666666666666666,0.6666666666666666,1.0,1.3333333333333333,1.3333333333333333,2.6666666666666665,2.6666666666666665,-2.0,"[1, 2]","[2, 4]","[2, 4]","[1.0, 2.0]"
single,clustered_winding,-2,1.5-2,1.5-2,6,0.8333333333333334,0.8333333333333334,0.8333333333333334,1.0,1.1666666666666667,1.1666666666666667,2.3333333333333335,2.3333333333333335,-2.0,"[1, 2]","[2, 4]","[2, 4]","[1.0, 2.0]"
single,clustered_winding,-2,12-20,12-20,12,0.75,0.75,0.75,1.0,1.25,1.25,2.5,2.5,-2.0,"[1, 2]","[2, 4]","[2, 4]","[1.0, 2.0]"
single,clustered_winding,-2,2-3,2-3,9,0.6666666666666666,0.6666666666666666,0.6666666666666666,1.0,1.3333333333333333,1.3333333333333333,2.6666666666666665,2.6666666666666665,-2.0,"[1, 2]","[2, 4]","[2, 4]","[1.0, 2.0]"
single,clustered_winding,-2,3-4,3-4,9,0.8888888888888888,0.8888888888888888,0.8888888888888888,1.0,1.1111111111111112,1.1111111111111112,2.2222222222222223,2.2222222222222223,-2.0,"[1, 2]","[2, 4]","[2, 4]","[1.0, 2.0]"
single,clustered_winding,-2,4-6,4-6,12,0.6666666666666666,0.6666666666666666,0.6666666666666666,1.0,1.3333333333333333,1.3333333333333333,2.6666666666666665,2.6666666666666665,-2.0,"[1, 2]","[2, 4]","[2, 4]","[1.0, 2.0]"
single,clustered_winding,-2,6-8,6-8,9,0.8888888888888888,0.8888888888888888,0.8888888888888888,1.0,1.1111111111111112,1.1111111111111112,2.2222222222222223,2.2222222222222223,-2.0,"[1, 2]","[2, 4]","[2, 4]","[1.0, 2.0]"
single,clustered_winding,-2,8-12,8-12,9,0.6666666666666666,0.6666666666666666,0.6666666666666666,1.0,1.3333333333333333,1.3333333333333333,2.6666666666666665,2.6666666666666665,-2.0,"[1, 2]","[2, 4]","[2, 4]","[1.0, 2.0]"
single,clustered_winding,-2,>20,>20,6,0.8333333333333334,0.8333333333333334,0.8333333333333334,1.0,1.1666666666666667,1.1666666666666667,2.3333333333333335,2.3333333333333335,-2.0,"[1, 2]","[2, 4]","[2, 4]","[1.0, 2.0]"
single,clustered_winding,-1,0.5-0.75,0.5-0.75,3,1.0,1.0,1.0,1.0,1.0,1.0,1.0,1.0,-1.0,[1],[1],[1],[1.0]
single,clustered_winding,-1,0.75-1,0.75-1,3,1.0,1.0,1.0,1.0,1.0,1.0,1.0,1.0,-1.0,[1],[1],[1],[1.0]
single,clustered_winding,-1,1-1.5,1-1.5,6,1.0,1.0,1.0,1.0,1.0,1.0,1.0,1.0,-1.0,[1],[1],[1],[1.0]
single,clustered_winding,-1,1.5-2,1.5-2,6,1.0,1.0,1.0,1.0,1.0,1.0,1.0,1.0,-1.0,[1],[1],[1],[1.0]
single,clustered_winding,-1,12-20,12-20,12,1.0,1.0,1.0,1.0,1.0,1.0,1.0,1.0,-1.0,[1],[1],[1],[1.0]
single,clustered_winding,-1,2-3,2-3,9,1.0,1.0,1.0,1.0,1.0,1.0,1.0,1.0,-1.0,[1],[1],[1],[1.0]
single,clustered_winding,-1,3-4,3-4,9,1.0,1.0,1.0,1.0,1.0,1.0,1.0,1.0,-1.0,[1],[1],[1],[1.0]
single,clustered_winding,-1,4-6,4-6,12,1.0,1.0,1.0,1.0,1.0,1.0,1.0,1.0,-1.0,[1],[1],[1],[1.0]
single,clustered_winding,-1,6-8,6-8,9,1.0,1.0,1.0,1.0,1.0,1.0,1.0,1.0,-1.0,[1],[1],[1],[1.0]
single,clustered_winding,-1,8-12,8-12,9,1.0,1.0,1.0,1.0,1.0,1.0,1.0,1.0,-1.0,[1],[1],[1],[1.0]
single,clustered_winding,-1,>20,>20,6,1.0,1.0,1.0,1.0,1.0,1.0,1.0,1.0,-1.0,[1],[1],[1],[1.0]
single,clustered_winding,1,0.5-0.75,0.5-0.75,3,1.0,1.0,1.0,1.0,1.0,1.0,1.0,1.0,1.0,[1],[1],[1],[1.0]
single,clustered_winding,1,0.75-1,0.75-1,3,1.0,1.0,1.0,1.0,1.0,1.0,1.0,1.0,1.0,[1],[1],[1],[1.0]
single,clustered_winding,1,1-1.5,1-1.5,6,1.0,1.0,1.0,1.0,1.0,1.0,1.0,1.0,1.0,[1],[1],[1],[1.0]
single,clustered_winding,1,1.5-2,1.5-2,6,1.0,1.0,1.0,1.0,1.0,1.0,1.0,1.0,1.0,[1],[1],[1],[1.0]
single,clustered_winding,1,12-20,12-20,12,1.0,1.0,1.0,1.0,1.0,1.0,1.0,1.0,1.0,[1],[1],[1],[1.0]
single,clustered_winding,1,2-3,2-3,9,1.0,1.0,1.0,1.0,1.0,1.0,1.0,1.0,1.0,[1],[1],[1],[1.0]
single,clustered_winding,1,3-4,3-4,9,1.0,1.0,1.0,1.0,1.0,1.0,1.0,1.0,1.0,[1],[1],[1],[1.0]
single,clustered_winding,1,4-6,4-6,12,1.0,1.0,1.0,1.0,1.0,1.0,1.0,1.0,1.0,[1],[1],[1],[1.0]
single,clustered_winding,1,6-8,6-8,9,1.0,1.0,1.0,1.0,1.0,1.0,1.0,1.0,1.0,[1],[1],[1],[1.0]
single,clustered_winding,1,8-12,8-12,9,1.0,1.0,1.0,1.0,1.0,1.0,1.0,1.0,1.0,[1],[1],[1],[1.0]
single,clustered_winding,1,>20,>20,6,1.0,1.0,1.0,1.0,1.0,1.0,1.0,1.0,1.0,[1],[1],[1],[1.0]
single,clustered_winding,2,0.5-0.75,0.5-0.75,3,0.6666666666666666,0.6666666666666666,0.6666666666666666,1.0,1.3333333333333333,1.3333333333333333,2.6666666666666665,2.6666666666666665,2.0,"[1, 2]","[2, 4]","[2, 4]","[1.0, 2.0]"
single,clustered_winding,2,0.75-1,0.75-1,3,1.0,1.0,1.0,1.0,1.0,1.0,2.0,2.0,2.0,[1],[2],[2],[1.0]
single,clustered_winding,2,1-1.5,1-1.5,6,0.6666666666666666,0.6666666666666666,0.6666666666666666,1.0,1.3333333333333333,1.3333333333333333,2.6666666666666665,2.6666666666666665,2.0,"[1, 2]","[2, 4]","[2, 4]","[1.0, 2.0]"
single,clustered_winding,2,1.5-2,1.5-2,6,0.8333333333333334,0.8333333333333334,0.8333333333333334,1.0,1.1666666666666667,1.1666666666666667,2.3333333333333335,2.3333333333333335,2.0,"[1, 2]","[2, 4]","[2, 4]","[1.0, 2.0]"
single,clustered_winding,2,12-20,12-20,12,0.75,0.75,0.75,1.0,1.25,1.25,2.5,2.5,2.0,"[1, 2]","[2, 4]","[2, 4]","[1.0, 2.0]"
single,clustered_winding,2,2-3,2-3,9,0.6666666666666666,0.6666666666666666,0.6666666666666666,1.0,1.3333333333333333,1.3333333333333333,2.6666666666666665,2.6666666666666665,2.0,"[1, 2]","[2, 4]","[2, 4]","[1.0, 2.0]"
single,clustered_winding,2,3-4,3-4,9,0.8888888888888888,0.8888888888888888,0.8888888888888888,1.0,1.1111111111111112,1.1111111111111112,2.2222222222222223,2.2222222222222223,2.0,"[1, 2]","[2, 4]","[2, 4]","[1.0, 2.0]"
single,clustered_winding,2,4-6,4-6,12,0.6666666666666666,0.6666666666666666,0.6666666666666666,1.0,1.3333333333333333,1.3333333333333333,2.6666666666666665,2.6666666666666665,2.0,"[1, 2]","[2, 4]","[2, 4]","[1.0, 2.0]"
single,clustered_winding,2,6-8,6-8,9,0.8888888888888888,0.8888888888888888,0.8888888888888888,1.0,1.1111111111111112,1.1111111111111112,2.2222222222222223,2.2222222222222223,2.0,"[1, 2]","[2, 4]","[2, 4]","[1.0, 2.0]"
single,clustered_winding,2,8-12,8-12,9,0.6666666666666666,0.6666666666666666,0.6666666666666666,1.0,1.3333333333333333,1.3333333333333333,2.6666666666666665,2.6666666666666665,2.0,"[1, 2]","[2, 4]","[2, 4]","[1.0, 2.0]"
single,clustered_winding,2,>20,>20,6,0.8333333333333334,0.8333333333333334,0.8333333333333334,1.0,1.1666666666666667,1.1666666666666667,2.3333333333333335,2.3333333333333335,2.0,"[1, 2]","[2, 4]","[2, 4]","[1.0, 2.0]"
single,jacobian_locator,-2,0.5-0.75,0.5-0.75,3,0.6666666666666666,0.6666666666666666,0.6666666666666666,0.6666666666666666,0.6666666666666666,0.6666666666666666,0.0,1.3333333333333333,-1.3333333333333333,"[0, 1]",[0],"[0, 2]","[0.0, 1.0]"
single,jacobian_locator,-2,0.75-1,0.75-1,3,0.6666666666666666,0.6666666666666666,0.6666666666666666,0.6666666666666666,0.6666666666666666,0.6666666666666666,0.0,1.3333333333333333,-1.3333333333333333,"[0, 1]",[0],"[0, 2]","[0.0, 1.0]"
single,jacobian_locator,-2,1-1.5,1-1.5,6,1.0,1.0,1.0,1.0,1.0,1.0,0.0,2.0,-2.0,[1],[0],[2],[1.0]
single,jacobian_locator,-2,1.5-2,1.5-2,6,1.0,1.0,1.0,1.0,1.0,1.0,0.0,2.0,-2.0,[1],[0],[2],[1.0]
single,jacobian_locator,-2,12-20,12-20,12,1.0,1.0,1.0,1.0,1.0,1.0,0.0,2.0,-2.0,[1],[0],[2],[1.0]
single,jacobian_locator,-2,2-3,2-3,9,1.0,1.0,1.0,1.0,1.0,1.0,0.0,2.0,-2.0,[1],[0],[2],[1.0]
single,jacobian_locator,-2,3-4,3-4,9,1.0,1.0,1.0,1.0,1.0,1.0,0.0,2.0,-2.0,[1],[0],[2],[1.0]
single,jacobian_locator,-2,4-6,4-6,12,1.0,1.0,1.0,1.0,1.0,1.0,0.0,2.0,-2.0,[1],[0],[2],[1.0]
single,jacobian_locator,-2,6-8,6-8,9,1.0,1.0,1.0,1.0,1.0,1.0,0.0,2.0,-2.0,[1],[0],[2],[1.0]
single,jacobian_locator,-2,8-12,8-12,9,1.0,1.0,1.0,1.0,1.0,1.0,0.0,2.0,-2.0,[1],[0],[2],[1.0]
single,jacobian_locator,-2,>20,>20,6,1.0,1.0,1.0,1.0,1.0,1.0,0.0,2.0,-2.0,[1],[0],[2],[1.0]
single,jacobian_locator,-1,0.5-0.75,0.5-0.75,3,0.6666666666666666,0.6666666666666666,0.6666666666666666,0.6666666666666666,0.6666666666666666,0.6666666666666666,0.0,0.6666666666666666,-0.6666666666666666,"[0, 1]",[0],"[0, 1]","[0.0, 1.0]"
single,jacobian_locator,-1,0.75-1,0.75-1,3,0.6666666666666666,0.6666666666666666,0.6666666666666666,0.6666666666666666,0.6666666666666666,0.6666666666666666,0.0,0.6666666666666666,-0.6666666666666666,"[0, 1]",[0],"[0, 1]","[0.0, 1.0]"
single,jacobian_locator,-1,1-1.5,1-1.5,6,1.0,1.0,1.0,1.0,1.0,1.0,0.0,1.0,-1.0,[1],[0],[1],[1.0]
single,jacobian_locator,-1,1.5-2,1.5-2,6,1.0,1.0,1.0,1.0,1.0,1.0,0.0,1.0,-1.0,[1],[0],[1],[1.0]
single,jacobian_locator,-1,12-20,12-20,12,1.0,1.0,1.0,1.0,1.0,1.0,0.0,1.0,-1.0,[1],[0],[1],[1.0]
single,jacobian_locator,-1,2-3,2-3,9,1.0,1.0,1.0,1.0,1.0,1.0,0.0,1.0,-1.0,[1],[0],[1],[1.0]
single,jacobian_locator,-1,3-4,3-4,9,1.0,1.0,1.0,1.0,1.0,1.0,0.0,1.0,-1.0,[1],[0],[1],[1.0]
single,jacobian_locator,-1,4-6,4-6,12,1.0,1.0,1.0,1.0,1.0,1.0,0.0,1.0,-1.0,[1],[0],[1],[1.0]
single,jacobian_locator,-1,6-8,6-8,9,1.0,1.0,1.0,1.0,1.0,1.0,0.0,1.0,-1.0,[1],[0],[1],[1.0]
single,jacobian_locator,-1,8-12,8-12,9,1.0,1.0,1.0,1.0,1.0,1.0,0.0,1.0,-1.0,[1],[0],[1],[1.0]
single,jacobian_locator,-1,>20,>20,6,1.0,1.0,1.0,1.0,1.0,1.0,0.0,1.0,-1.0,[1],[0],[1],[1.0]
single,jacobian_locator,1,0.5-0.75,0.5-0.75,3,0.6666666666666666,0.6666666666666666,0.6666666666666666,0.6666666666666666,0.6666666666666666,0.6666666666666666,0.0,0.6666666666666666,0.6666666666666666,"[0, 1]",[0],"[0, 1]","[0.0, 1.0]"
single,jacobian_locator,1,0.75-1,0.75-1,3,0.6666666666666666,0.6666666666666666,0.6666666666666666,0.6666666666666666,0.6666666666666666,0.6666666666666666,0.0,0.6666666666666666,0.6666666666666666,"[0, 1]",[0],"[0, 1]","[0.0, 1.0]"
single,jacobian_locator,1,1-1.5,1-1.5,6,1.0,1.0,1.0,1.0,1.0,1.0,0.0,1.0,1.0,[1],[0],[1],[1.0]
single,jacobian_locator,1,1.5-2,1.5-2,6,1.0,1.0,1.0,1.0,1.0,1.0,0.0,1.0,1.0,[1],[0],[1],[1.0]
single,jacobian_locator,1,12-20,12-20,12,1.0,1.0,1.0,1.0,1.0,1.0,0.0,1.0,1.0,[1],[0],[1],[1.0]
single,jacobian_locator,1,2-3,2-3,9,1.0,1.0,1.0,1.0,1.0,1.0,0.0,1.0,1.0,[1],[0],[1],[1.0]
single,jacobian_locator,1,3-4,3-4,9,1.0,1.0,1.0,1.0,1.0,1.0,0.0,1.0,1.0,[1],[0],[1],[1.0]
single,jacobian_locator,1,4-6,4-6,12,1.0,1.0,1.0,1.0,1.0,1.0,0.0,1.0,1.0,[1],[0],[1],[1.0]
single,jacobian_locator,1,6-8,6-8,9,1.0,1.0,1.0,1.0,1.0,1.0,0.0,1.0,1.0,[1],[0],[1],[1.0]
single,jacobian_locator,1,8-12,8-12,9,1.0,1.0,1.0,1.0,1.0,1.0,0.0,1.0,1.0,[1],[0],[1],[1.0]
single,jacobian_locator,1,>20,>20,6,1.0,1.0,1.0,1.0,1.0,1.0,0.0,1.0,1.0,[1],[0],[1],[1.0]
single,jacobian_locator,2,0.5-0.75,0.5-0.75,3,0.6666666666666666,0.6666666666666666,0.6666666666666666,0.6666666666666666,0.6666666666666666,0.6666666666666666,0.0,1.3333333333333333,1.3333333333333333,"[0, 1]",[0],"[0, 2]","[0.0, 1.0]"
single,jacobian_locator,2,0.75-1,0.75-1,3,0.6666666666666666,0.6666666666666666,0.6666666666666666,0.6666666666666666,0.6666666666666666,0.6666666666666666,0.0,1.3333333333333333,1.3333333333333333,"[0, 1]",[0],"[0, 2]","[0.0, 1.0]"
single,jacobian_locator,2,1-1.5,1-1.5,6,1.0,1.0,1.0,1.0,1.0,1.0,0.0,2.0,2.0,[1],[0],[2],[1.0]
single,jacobian_locator,2,1.5-2,1.5-2,6,1.0,1.0,1.0,1.0,1.0,1.0,0.0,2.0,2.0,[1],[0],[2],[1.0]
single,jacobian_locator,2,12-20,12-20,12,1.0,1.0,1.0,1.0,1.0,1.0,0.0,2.0,2.0,[1],[0],[2],[1.0]
single,jacobian_locator,2,2-3,2-3,9,1.0,1.0,1.0,1.0,1.0,1.0,0.0,2.0,2.0,[1],[0],[2],[1.0]
single,jacobian_locator,2,3-4,3-4,9,1.0,1.0,1.0,1.0,1.0,1.0,0.0,2.0,2.0,[1],[0],[2],[1.0]
single,jacobian_locator,2,4-6,4-6,12,1.0,1.0,1.0,1.0,1.0,1.0,0.0,2.0,2.0,[1],[0],[2],[1.0]
single,jacobian_locator,2,6-8,6-8,9,1.0,1.0,1.0,1.0,1.0,1.0,0.0,2.0,2.0,[1],[0],[2],[1.0]
single,jacobian_locator,2,8-12,8-12,9,1.0,1.0,1.0,1.0,1.0,1.0,0.0,2.0,2.0,[1],[0],[2],[1.0]
single,jacobian_locator,2,>20,>20,6,1.0,1.0,1.0,1.0,1.0,1.0,0.0,2.0,2.0,[1],[0],[2],[1.0]
single,raw_winding,-2,0.5-0.75,0.5-0.75,3,0.6666666666666666,0.6666666666666666,0.6666666666666666,1.0,1.3333333333333333,1.3333333333333333,2.6666666666666665,2.6666666666666665,-2.0,"[1, 2]","[2, 4]","[2, 4]","[1.0, 2.0]"
single,raw_winding,-2,0.75-1,0.75-1,3,1.0,1.0,1.0,1.0,1.0,1.0,2.0,2.0,-2.0,[1],[2],[2],[1.0]
single,raw_winding,-2,1-1.5,1-1.5,6,0.6666666666666666,0.6666666666666666,0.6666666666666666,1.0,1.3333333333333333,1.3333333333333333,2.6666666666666665,2.6666666666666665,-2.0,"[1, 2]","[2, 4]","[2, 4]","[1.0, 2.0]"
single,raw_winding,-2,1.5-2,1.5-2,6,0.8333333333333334,0.8333333333333334,0.8333333333333334,1.0,1.1666666666666667,1.1666666666666667,2.3333333333333335,2.3333333333333335,-2.0,"[1, 2]","[2, 4]","[2, 4]","[1.0, 2.0]"
single,raw_winding,-2,12-20,12-20,12,0.75,0.75,0.75,1.0,1.25,1.25,2.5,2.5,-2.0,"[1, 2]","[2, 4]","[2, 4]","[1.0, 2.0]"
single,raw_winding,-2,2-3,2-3,9,0.6666666666666666,0.6666666666666666,0.6666666666666666,1.0,1.3333333333333333,1.3333333333333333,2.6666666666666665,2.6666666666666665,-2.0,"[1, 2]","[2, 4]","[2, 4]","[1.0, 2.0]"
single,raw_winding,-2,3-4,3-4,9,0.8888888888888888,0.8888888888888888,0.8888888888888888,1.0,1.1111111111111112,1.1111111111111112,2.2222222222222223,2.2222222222222223,-2.0,"[1, 2]","[2, 4]","[2, 4]","[1.0, 2.0]"
single,raw_winding,-2,4-6,4-6,12,0.6666666666666666,0.6666666666666666,0.6666666666666666,1.0,1.3333333333333333,1.3333333333333333,2.6666666666666665,2.6666666666666665,-2.0,"[1, 2]","[2, 4]","[2, 4]","[1.0, 2.0]"
single,raw_winding,-2,6-8,6-8,9,0.8888888888888888,0.8888888888888888,0.8888888888888888,1.0,1.1111111111111112,1.1111111111111112,2.2222222222222223,2.2222222222222223,-2.0,"[1, 2]","[2, 4]","[2, 4]","[1.0, 2.0]"
single,raw_winding,-2,8-12,8-12,9,0.6666666666666666,0.6666666666666666,0.6666666666666666,1.0,1.3333333333333333,1.3333333333333333,2.6666666666666665,2.6666666666666665,-2.0,"[1, 2]","[2, 4]","[2, 4]","[1.0, 2.0]"
single,raw_winding,-2,>20,>20,6,0.8333333333333334,0.8333333333333334,0.8333333333333334,1.0,1.1666666666666667,1.1666666666666667,2.3333333333333335,2.3333333333333335,-2.0,"[1, 2]","[2, 4]","[2, 4]","[1.0, 2.0]"
single,raw_winding,-1,0.5-0.75,0.5-0.75,3,1.0,1.0,1.0,1.0,1.0,1.0,1.0,1.0,-1.0,[1],[1],[1],[1.0]
single,raw_winding,-1,0.75-1,0.75-1,3,1.0,1.0,1.0,1.0,1.0,1.0,1.0,1.0,-1.0,[1],[1],[1],[1.0]
single,raw_winding,-1,1-1.5,1-1.5,6,1.0,1.0,1.0,1.0,1.0,1.0,1.0,1.0,-1.0,[1],[1],[1],[1.0]
single,raw_winding,-1,1.5-2,1.5-2,6,1.0,1.0,1.0,1.0,1.0,1.0,1.0,1.0,-1.0,[1],[1],[1],[1.0]
single,raw_winding,-1,12-20,12-20,12,1.0,1.0,1.0,1.0,1.0,1.0,1.0,1.0,-1.0,[1],[1],[1],[1.0]
single,raw_winding,-1,2-3,2-3,9,1.0,1.0,1.0,1.0,1.0,1.0,1.0,1.0,-1.0,[1],[1],[1],[1.0]
single,raw_winding,-1,3-4,3-4,9,1.0,1.0,1.0,1.0,1.0,1.0,1.0,1.0,-1.0,[1],[1],[1],[1.0]
single,raw_winding,-1,4-6,4-6,12,1.0,1.0,1.0,1.0,1.0,1.0,1.0,1.0,-1.0,[1],[1],[1],[1.0]
single,raw_winding,-1,6-8,6-8,9,1.0,1.0,1.0,1.0,1.0,1.0,1.0,1.0,-1.0,[1],[1],[1],[1.0]
single,raw_winding,-1,8-12,8-12,9,1.0,1.0,1.0,1.0,1.0,1.0,1.0,1.0,-1.0,[1],[1],[1],[1.0]
single,raw_winding,-1,>20,>20,6,1.0,1.0,1.0,1.0,1.0,1.0,1.0,1.0,-1.0,[1],[1],[1],[1.0]
single,raw_winding,1,0.5-0.75,0.5-0.75,3,1.0,1.0,1.0,1.0,1.0,1.0,1.0,1.0,1.0,[1],[1],[1],[1.0]
single,raw_winding,1,0.75-1,0.75-1,3,1.0,1.0,1.0,1.0,1.0,1.0,1.0,1.0,1.0,[1],[1],[1],[1.0]
single,raw_winding,1,1-1.5,1-1.5,6,1.0,1.0,1.0,1.0,1.0,1.0,1.0,1.0,1.0,[1],[1],[1],[1.0]
single,raw_winding,1,1.5-2,1.5-2,6,1.0,1.0,1.0,1.0,1.0,1.0,1.0,1.0,1.0,[1],[1],[1],[1.0]
single,raw_winding,1,12-20,12-20,12,1.0,1.0,1.0,1.0,1.0,1.0,1.0,1.0,1.0,[1],[1],[1],[1.0]
single,raw_winding,1,2-3,2-3,9,1.0,1.0,1.0,1.0,1.0,1.0,1.0,1.0,1.0,[1],[1],[1],[1.0]
single,raw_winding,1,3-4,3-4,9,1.0,1.0,1.0,1.0,1.0,1.0,1.0,1.0,1.0,[1],[1],[1],[1.0]
single,raw_winding,1,4-6,4-6,12,1.0,1.0,1.0,1.0,1.0,1.0,1.0,1.0,1.0,[1],[1],[1],[1.0]
single,raw_winding,1,6-8,6-8,9,1.0,1.0,1.0,1.0,1.0,1.0,1.0,1.0,1.0,[1],[1],[1],[1.0]
single,raw_winding,1,8-12,8-12,9,1.0,1.0,1.0,1.0,1.0,1.0,1.0,1.0,1.0,[1],[1],[1],[1.0]
single,raw_winding,1,>20,>20,6,1.0,1.0,1.0,1.0,1.0,1.0,1.0,1.0,1.0,[1],[1],[1],[1.0]
single,raw_winding,2,0.5-0.75,0.5-0.75,3,0.6666666666666666,0.6666666666666666,0.6666666666666666,1.0,1.3333333333333333,1.3333333333333333,2.6666666666666665,2.6666666666666665,2.0,"[1, 2]","[2, 4]","[2, 4]","[1.0, 2.0]"
single,raw_winding,2,0.75-1,0.75-1,3,1.0,1.0,1.0,1.0,1.0,1.0,2.0,2.0,2.0,[1],[2],[2],[1.0]
single,raw_winding,2,1-1.5,1-1.5,6,0.6666666666666666,0.6666666666666666,0.6666666666666666,1.0,1.3333333333333333,1.3333333333333333,2.6666666666666665,2.6666666666666665,2.0,"[1, 2]","[2, 4]","[2, 4]","[1.0, 2.0]"
single,raw_winding,2,1.5-2,1.5-2,6,0.8333333333333334,0.8333333333333334,0.8333333333333334,1.0,1.1666666666666667,1.1666666666666667,2.3333333333333335,2.3333333333333335,2.0,"[1, 2]","[2, 4]","[2, 4]","[1.0, 2.0]"
single,raw_winding,2,12-20,12-20,12,0.75,0.75,0.75,1.0,1.25,1.25,2.5,2.5,2.0,"[1, 2]","[2, 4]","[2, 4]","[1.0, 2.0]"
single,raw_winding,2,2-3,2-3,9,0.6666666666666666,0.6666666666666666,0.6666666666666666,1.0,1.3333333333333333,1.3333333333333333,2.6666666666666665,2.6666666666666665,2.0,"[1, 2]","[2, 4]","[2, 4]","[1.0, 2.0]"
single,raw_winding,2,3-4,3-4,9,0.8888888888888888,0.8888888888888888,0.8888888888888888,1.0,1.1111111111111112,1.1111111111111112,2.2222222222222223,2.2222222222222223,2.0,"[1, 2]","[2, 4]","[2, 4]","[1.0, 2.0]"
single,raw_winding,2,4-6,4-6,12,0.6666666666666666,0.6666666666666666,0.6666666666666666,1.0,1.3333333333333333,1.3333333333333333,2.6666666666666665,2.6666666666666665,2.0,"[1, 2]","[2, 4]","[2, 4]","[1.0, 2.0]"
single,raw_winding,2,6-8,6-8,9,0.8888888888888888,0.8888888888888888,0.8888888888888888,1.0,1.1111111111111112,1.1111111111111112,2.2222222222222223,2.2222222222222223,2.0,"[1, 2]","[2, 4]","[2, 4]","[1.0, 2.0]"
single,raw_winding,2,8-12,8-12,9,0.6666666666666666,0.6666666666666666,0.6666666666666666,1.0,1.3333333333333333,1.3333333333333333,2.6666666666666665,2.6666666666666665,2.0,"[1, 2]","[2, 4]","[2, 4]","[1.0, 2.0]"
single,raw_winding,2,>20,>20,6,0.8333333333333334,0.8333333333333334,0.8333333333333334,1.0,1.1666666666666667,1.1666666666666667,2.3333333333333335,2.3333333333333335,2.0,"[1, 2]","[2, 4]","[2, 4]","[1.0, 2.0]"
