case,n_estimators,disagreement,values
"['close_pair', 128, 'half_pixel', 12.0]",4,False,"{'location_count': [2], 'component_count': [2], 'absolute_charge': [2], 'signed_charge': [0]}"
"['close_pair', 128, 'half_pixel', 16.0]",4,False,"{'location_count': [2], 'component_count': [2], 'absolute_charge': [2], 'signed_charge': [0]}"
"['close_pair', 128, 'half_pixel', 2.0]",4,False,"{'location_count': [2], 'component_count': [2], 'absolute_charge': [2], 'signed_charge': [0]}"
"['close_pair', 128, 'half_pixel', 4.0]",4,False,"{'location_count': [2], 'component_count': [2], 'absolute_charge': [2], 'signed_charge': [0]}"
"['close_pair', 128, 'half_pixel', 6.0]",4,False,"{'location_count': [2], 'component_count': [2], 'absolute_charge': [2], 'signed_charge': [0]}"
"['close_pair', 128, 'half_pixel', 8.0]",4,False,"{'location_count': [2], 'component_count': [2], 'absolute_charge': [2], 'signed_charge': [0]}"
"['close_pair', 192, 'half_pixel', 12.0]",4,False,"{'location_count': [2], 'component_count': [2], 'absolute_charge': [2], 'signed_charge': [0]}"
"['close_pair', 192, 'half_pixel', 16.0]",4,False,"{'location_count': [2], 'component_count': [2], 'absolute_charge': [2], 'signed_charge': [0]}"
"['close_pair', 192, 'half_pixel', 2.0]",4,False,"{'location_count': [2], 'component_count': [2], 'absolute_charge': [2], 'signed_charge': [0]}"
"['close_pair', 192, 'half_pixel', 4.0]",4,False,"{'location_count': [2], 'component_count': [2], 'absolute_charge': [2], 'signed_charge': [0]}"
"['close_pair', 192, 'half_pixel', 6.0]",4,False,"{'location_count': [2], 'component_count': [2], 'absolute_charge': [2], 'signed_charge': [0]}"
"['close_pair', 192, 'half_pixel', 8.0]",4,False,"{'location_count': [2], 'component_count': [2], 'absolute_charge': [2], 'signed_charge': [0]}"
"['close_pair', 256, 'half_pixel', 12.0]",4,False,"{'location_count': [2], 'component_count': [2], 'absolute_charge': [2], 'signed_charge': [0]}"
"['close_pair', 256, 'half_pixel', 16.0]",4,False,"{'location_count': [2], 'component_count': [2], 'absolute_charge': [2], 'signed_charge': [0]}"
"['close_pair', 256, 'half_pixel', 2.0]",4,False,"{'location_count': [2], 'component_count': [2], 'absolute_charge': [2], 'signed_charge': [0]}"
"['close_pair', 256, 'half_pixel', 4.0]",4,False,"{'location_count': [2], 'component_count': [2], 'absolute_charge': [2], 'signed_charge': [0]}"
"['close_pair', 256, 'half_pixel', 6.0]",4,False,"{'location_count': [2], 'component_count': [2], 'absolute_charge': [2], 'signed_charge': [0]}"
"['close_pair', 256, 'half_pixel', 8.0]",4,False,"{'location_count': [2], 'component_count': [2], 'absolute_charge': [2], 'signed_charge': [0]}"
"['close_pair', 32, 'half_pixel', 12.0]",4,False,"{'location_count': [2], 'component_count': [2], 'absolute_charge': [2], 'signed_charge': [0]}"
"['close_pair', 32, 'half_pixel', 16.0]",4,False,"{'location_count': [2], 'component_count': [2], 'absolute_charge': [2], 'signed_charge': [0]}"
"['close_pair', 32, 'half_pixel', 2.0]",4,False,"{'location_count': [0], 'component_count': [0], 'absolute_charge': [0], 'signed_charge': [0]}"
"['close_pair', 32, 'half_pixel', 4.0]",4,True,"{'location_count': [0, 2], 'component_count': [0, 2], 'absolute_charge': [0, 2], 'signed_charge': [0]}"
"['close_pair', 32, 'half_pixel', 6.0]",4,True,"{'location_count': [1, 2], 'component_count': [1, 2], 'absolute_charge': [1, 2], 'signed_charge': [0, 1]}"
"['close_pair', 32, 'half_pixel', 8.0]",4,True,"{'location_count': [1, 2], 'component_count': [1, 2], 'absolute_charge': [1, 2], 'signed_charge': [-1, 0]}"
"['close_pair', 48, 'half_pixel', 12.0]",4,False,"{'location_count': [2], 'component_count': [2], 'absolute_charge': [2], 'signed_charge': [0]}"
"['close_pair', 48, 'half_pixel', 16.0]",4,False,"{'location_count': [2], 'component_count': [2], 'absolute_charge': [2], 'signed_charge': [0]}"
"['close_pair', 48, 'half_pixel', 2.0]",4,True,"{'location_count': [0, 2], 'component_count': [0, 2], 'absolute_charge': [0, 2], 'signed_charge': [0]}"
"['close_pair', 48, 'half_pixel', 4.0]",4,True,"{'location_count': [1, 2], 'component_count': [1, 2], 'absolute_charge': [1, 2], 'signed_charge': [0, 1]}"
"['close_pair', 48, 'half_pixel', 6.0]",4,False,"{'location_count': [2], 'component_count': [2], 'absolute_charge': [2], 'signed_charge': [0]}"
"['close_pair', 48, 'half_pixel', 8.0]",4,False,"{'location_count': [2], 'component_count': [2], 'absolute_charge': [2], 'signed_charge': [0]}"
"['close_pair', 64, 'half_pixel', 12.0]",4,False,"{'location_count': [2], 'component_count': [2], 'absolute_charge': [2], 'signed_charge': [0]}"
"['close_pair', 64, 'half_pixel', 16.0]",4,False,"{'location_count': [2], 'component_count': [2], 'absolute_charge': [2], 'signed_charge': [0]}"
"['close_pair', 64, 'half_pixel', 2.0]",4,True,"{'location_count': [0, 2], 'component_count': [0, 2], 'absolute_charge': [0, 2], 'signed_charge': [0]}"
"['close_pair', 64, 'half_pixel', 4.0]",4,True,"{'location_count': [1, 2], 'component_count': [1, 2], 'absolute_charge': [1, 2], 'signed_charge': [-1, 0]}"
"['close_pair', 64, 'half_pixel', 6.0]",4,False,"{'location_count': [2], 'component_count': [2], 'absolute_charge': [2], 'signed_charge': [0]}"
"['close_pair', 64, 'half_pixel', 8.0]",4,False,"{'location_count': [2], 'component_count': [2], 'absolute_charge': [2], 'signed_charge': [0]}"
"['close_pair', 96, 'half_pixel', 12.0]",4,False,"{'location_count': [2], 'component_count': [2], 'absolute_charge': [2], 'signed_charge': [0]}"
"['close_pair', 96, 'half_pixel', 16.0]",4,False,"{'location_count': [2], 'component_count': [2], 'absolute_charge': [2], 'signed_charge': [0]}"
"['close_pair', 96, 'half_pixel', 2.0]",4,True,"{'location_count': [1, 2], 'component_count': [1, 2], 'absolute_charge': [1, 2], 'signed_charge': [0, 1]}"
"['close_pair', 96, 'half_pixel', 4.0]",4,False,"{'location_count': [2], 'component_count': [2], 'absolute_charge': [2], 'signed_charge': [0]}"
"['close_pair', 96, 'half_pixel', 6.0]",4,False,"{'location_count': [2], 'component_count': [2], 'absolute_charge': [2], 'signed_charge': [0]}"
"['close_pair', 96, 'half_pixel', 8.0]",4,False,"{'location_count': [2], 'component_count': [2], 'absolute_charge': [2], 'signed_charge': [0]}"
"['four_lattice', 128, 'quarter_pixel', 16.0]",4,False,"{'location_count': [4], 'component_count': [4], 'absolute_charge': [4], 'signed_charge': [0]}"
"['four_lattice', 192, 'quarter_pixel', 16.0]",4,False,"{'location_count': [4], 'component_count': [4], 'absolute_charge': [4], 'signed_charge': [0]}"
"['four_lattice', 256, 'quarter_pixel', 16.0]",4,False,"{'location_count': [4], 'component_count': [4], 'absolute_charge': [4], 'signed_charge': [0]}"
"['four_lattice', 32, 'quarter_pixel', 16.0]",4,False,"{'location_count': [4], 'component_count': [4], 'absolute_charge': [4], 'signed_charge': [0]}"
"['four_lattice', 48, 'quarter_pixel', 16.0]",4,False,"{'location_count': [4], 'component_count': [4], 'absolute_charge': [4], 'signed_charge': [0]}"
"['four_lattice', 64, 'quarter_pixel', 16.0]",4,False,"{'location_count': [4], 'component_count': [4], 'absolute_charge': [4], 'signed_charge': [0]}"
"['four_lattice', 96, 'quarter_pixel', 16.0]",4,False,"{'location_count': [4], 'component_count': [4], 'absolute_charge': [4], 'signed_charge': [0]}"
"['opposite_pair', 128, 'exact_pixel', 16.0]",4,False,"{'location_count': [2], 'component_count': [2], 'absolute_charge': [2], 'signed_charge': [0]}"
"['opposite_pair', 128, 'exact_pixel', 32.0]",4,False,"{'location_count': [2], 'component_count': [2], 'absolute_charge': [2], 'signed_charge': [0]}"
"['opposite_pair', 128, 'exact_pixel', 4.0]",4,False,"{'location_count': [2], 'component_count': [2], 'absolute_charge': [2], 'signed_charge': [0]}"
"['opposite_pair', 128, 'exact_pixel', 8.0]",4,False,"{'location_count': [2], 'component_count': [2], 'absolute_charge': [2], 'signed_charge': [0]}"
"['opposite_pair', 192, 'exact_pixel', 16.0]",4,False,"{'location_count': [2], 'component_count': [2], 'absolute_charge': [2], 'signed_charge': [0]}"
"['opposite_pair', 192, 'exact_pixel', 32.0]",4,False,"{'location_count': [2], 'component_count': [2], 'absolute_charge': [2], 'signed_charge': [0]}"
"['opposite_pair', 192, 'exact_pixel', 4.0]",4,False,"{'location_count': [2], 'component_count': [2], 'absolute_charge': [2], 'signed_charge': [0]}"
"['opposite_pair', 192, 'exact_pixel', 8.0]",4,False,"{'location_count': [2], 'component_count': [2], 'absolute_charge': [2], 'signed_charge': [0]}"
"['opposite_pair', 256, 'exact_pixel', 16.0]",4,False,"{'location_count': [2], 'component_count': [2], 'absolute_charge': [2], 'signed_charge': [0]}"
"['opposite_pair', 256, 'exact_pixel', 32.0]",4,False,"{'location_count': [2], 'component_count': [2], 'absolute_charge': [2], 'signed_charge': [0]}"
"['opposite_pair', 256, 'exact_pixel', 4.0]",4,False,"{'location_count': [2], 'component_count': [2], 'absolute_charge': [2], 'signed_charge': [0]}"
"['opposite_pair', 256, 'exact_pixel', 8.0]",4,False,"{'location_count': [2], 'component_count': [2], 'absolute_charge': [2], 'signed_charge': [0]}"
"['opposite_pair', 32, 'exact_pixel', 16.0]",4,False,"{'location_count': [2], 'component_count': [2], 'absolute_charge': [2], 'signed_charge': [0]}"
"['opposite_pair', 32, 'exact_pixel', 32.0]",4,False,"{'location_count': [2], 'component_count': [2], 'absolute_charge': [2], 'signed_charge': [0]}"
"['opposite_pair', 32, 'exact_pixel', 4.0]",4,True,"{'location_count': [0, 2], 'component_count': [0, 2], 'absolute_charge': [0, 2], 'signed_charge': [0]}"
"['opposite_pair', 32, 'exact_pixel', 8.0]",4,True,"{'location_count': [1, 2], 'component_count': [1, 2], 'absolute_charge': [1, 2], 'signed_charge': [0, 1]}"
"['opposite_pair', 48, 'exact_pixel', 16.0]",4,False,"{'location_count': [2], 'component_count': [2], 'absolute_charge': [2], 'signed_charge': [0]}"
"['opposite_pair', 48, 'exact_pixel', 32.0]",4,False,"{'location_count': [2], 'component_count': [2], 'absolute_charge': [2], 'signed_charge': [0]}"
"['opposite_pair', 48, 'exact_pixel', 4.0]",4,True,"{'location_count': [1, 2], 'component_count': [1, 2], 'absolute_charge': [1, 2], 'signed_charge': [0, 1]}"
"['opposite_pair', 48, 'exact_pixel', 8.0]",4,False,"{'location_count': [2], 'component_count': [2], 'absolute_charge': [2], 'signed_charge': [0]}"
"['opposite_pair', 64, 'exact_pixel', 16.0]",4,False,"{'location_count': [2], 'component_count': [2], 'absolute_charge': [2], 'signed_charge': [0]}"
"['opposite_pair', 64, 'exact_pixel', 32.0]",4,False,"{'location_count': [2], 'component_count': [2], 'absolute_charge': [2], 'signed_charge': [0]}"
"['opposite_pair', 64, 'exact_pixel', 4.0]",4,True,"{'location_count': [1, 2], 'component_count': [1, 2], 'absolute_charge': [1, 2], 'signed_charge': [0, 1]}"
"['opposite_pair', 64, 'exact_pixel', 8.0]",4,False,"{'location_count': [2], 'component_count': [2], 'absolute_charge': [2], 'signed_charge': [0]}"
"['opposite_pair', 96, 'exact_pixel', 16.0]",4,False,"{'location_count': [2], 'component_count': [2], 'absolute_charge': [2], 'signed_charge': [0]}"
"['opposite_pair', 96, 'exact_pixel', 32.0]",4,False,"{'location_count': [2], 'component_count': [2], 'absolute_charge': [2], 'signed_charge': [0]}"
"['opposite_pair', 96, 'exact_pixel', 4.0]",4,False,"{'location_count': [2], 'component_count': [2], 'absolute_charge': [2], 'signed_charge': [0]}"
"['opposite_pair', 96, 'exact_pixel', 8.0]",4,False,"{'location_count': [2], 'component_count': [2], 'absolute_charge': [2], 'signed_charge': [0]}"
"['single', 128, -1, 'exact_pixel', 1.0]",4,False,"{'location_count': [1], 'component_count': [1], 'absolute_charge': [1], 'signed_charge': [-1]}"
"['single', 128, -1, 'exact_pixel', 2.0]",4,False,"{'location_count': [1], 'component_count': [1], 'absolute_charge': [1], 'signed_charge': [-1]}"
"['single', 128, -1, 'exact_pixel', 4.0]",4,False,"{'location_count': [1], 'component_count': [1], 'absolute_charge': [1], 'signed_charge': [-1]}"
"['single', 128, -1, 'exact_pixel', 8.0]",4,False,"{'location_count': [1], 'component_count': [1], 'absolute_charge': [1], 'signed_charge': [-1]}"
"['single', 128, -1, 'half_pixel', 1.0]",4,False,"{'location_count': [1], 'component_count': [1], 'absolute_charge': [1], 'signed_charge': [-1]}"
"['single', 128, -1, 'half_pixel', 2.0]",4,False,"{'location_count': [1], 'component_count': [1], 'absolute_charge': [1], 'signed_charge': [-1]}"
"['single', 128, -1, 'half_pixel', 4.0]",4,False,"{'location_count': [1], 'component_count': [1], 'absolute_charge': [1], 'signed_charge': [-1]}"
"['single', 128, -1, 'half_pixel', 8.0]",4,False,"{'location_count': [1], 'component_count': [1], 'absolute_charge': [1], 'signed_charge': [-1]}"
"['single', 128, -1, 'quarter_pixel', 1.0]",4,False,"{'location_count': [1], 'component_count': [1], 'absolute_charge': [1], 'signed_charge': [-1]}"
"['single', 128, -1, 'quarter_pixel', 2.0]",4,False,"{'location_count': [1], 'component_count': [1], 'absolute_charge': [1], 'signed_charge': [-1]}"
"['single', 128, -1, 'quarter_pixel', 4.0]",4,False,"{'location_count': [1], 'component_count': [1], 'absolute_charge': [1], 'signed_charge': [-1]}"
"['single', 128, -1, 'quarter_pixel', 8.0]",4,False,"{'location_count': [1], 'component_count': [1], 'absolute_charge': [1], 'signed_charge': [-1]}"
"['single', 128, -2, 'exact_pixel', 1.0]",4,False,"{'location_count': [1], 'component_count': [1], 'absolute_charge': [2], 'signed_charge': [-2]}"
"['single', 128, -2, 'exact_pixel', 2.0]",4,False,"{'location_count': [1], 'component_count': [1], 'absolute_charge': [2], 'signed_charge': [-2]}"
"['single', 128, -2, 'exact_pixel', 4.0]",4,False,"{'location_count': [1], 'component_count': [1], 'absolute_charge': [2], 'signed_charge': [-2]}"
"['single', 128, -2, 'exact_pixel', 8.0]",4,False,"{'location_count': [1], 'component_count': [1], 'absolute_charge': [2], 'signed_charge': [-2]}"
"['single', 128, -2, 'half_pixel', 1.0]",4,True,"{'location_count': [1, 2], 'component_count': [1, 2], 'absolute_charge': [2, 4], 'signed_charge': [-2]}"
"['single', 128, -2, 'half_pixel', 2.0]",4,True,"{'location_count': [1, 2], 'component_count': [1, 2], 'absolute_charge': [2, 4], 'signed_charge': [-2]}"
"['single', 128, -2, 'half_pixel', 4.0]",4,True,"{'location_count': [1, 2], 'component_count': [1, 2], 'absolute_charge': [2, 4], 'signed_charge': [-2]}"
"['single', 128, -2, 'half_pixel', 8.0]",4,True,"{'location_count': [1, 2], 'component_count': [1, 2], 'absolute_charge': [2, 4], 'signed_charge': [-2]}"
"['single', 128, -2, 'quarter_pixel', 1.0]",4,False,"{'location_count': [1], 'component_count': [1], 'absolute_charge': [2], 'signed_charge': [-2]}"
"['single', 128, -2, 'quarter_pixel', 2.0]",4,False,"{'location_count': [1], 'component_count': [1], 'absolute_charge': [2], 'signed_charge': [-2]}"
"['single', 128, -2, 'quarter_pixel', 4.0]",4,False,"{'location_count': [1], 'component_count': [1], 'absolute_charge': [2], 'signed_charge': [-2]}"
"['single', 128, -2, 'quarter_pixel', 8.0]",4,False,"{'location_count': [1], 'component_count': [1], 'absolute_charge': [2], 'signed_charge': [-2]}"
"['single', 128, 1, 'exact_pixel', 1.0]",4,False,"{'location_count': [1], 'component_count': [1], 'absolute_charge': [1], 'signed_charge': [1]}"
"['single', 128, 1, 'exact_pixel', 2.0]",4,False,"{'location_count': [1], 'component_count': [1], 'absolute_charge': [1], 'signed_charge': [1]}"
"['single', 128, 1, 'exact_pixel', 4.0]",4,False,"{'location_count': [1], 'component_count': [1], 'absolute_charge': [1], 'signed_charge': [1]}"
"['single', 128, 1, 'exact_pixel', 8.0]",4,False,"{'location_count': [1], 'component_count': [1], 'absolute_charge': [1], 'signed_charge': [1]}"
"['single', 128, 1, 'half_pixel', 1.0]",4,False,"{'location_count': [1], 'component_count': [1], 'absolute_charge': [1], 'signed_charge': [1]}"
"['single', 128, 1, 'half_pixel', 2.0]",4,False,"{'location_count': [1], 'component_count': [1], 'absolute_charge': [1], 'signed_charge': [1]}"
"['single', 128, 1, 'half_pixel', 4.0]",4,False,"{'location_count': [1], 'component_count': [1], 'absolute_charge': [1], 'signed_charge': [1]}"
"['single', 128, 1, 'half_pixel', 8.0]",4,False,"{'location_count': [1], 'component_count': [1], 'absolute_charge': [1], 'signed_charge': [1]}"
"['single', 128, 1, 'quarter_pixel', 1.0]",4,False,"{'location_count': [1], 'component_count': [1], 'absolute_charge': [1], 'signed_charge': [1]}"
"['single', 128, 1, 'quarter_pixel', 2.0]",4,False,"{'location_count': [1], 'component_count': [1], 'absolute_charge': [1], 'signed_charge': [1]}"
"['single', 128, 1, 'quarter_pixel', 4.0]",4,False,"{'location_count': [1], 'component_count': [1], 'absolute_charge': [1], 'signed_charge': [1]}"
"['single', 128, 1, 'quarter_pixel', 8.0]",4,False,"{'location_count': [1], 'component_count': [1], 'absolute_charge': [1], 'signed_charge': [1]}"
"['single', 128, 2, 'exact_pixel', 1.0]",4,False,"{'location_count': [1], 'component_count': [1], 'absolute_charge': [2], 'signed_charge': [2]}"
"['single', 128, 2, 'exact_pixel', 2.0]",4,False,"{'location_count': [1], 'component_count': [1], 'absolute_charge': [2], 'signed_charge': [2]}"
"['single', 128, 2, 'exact_pixel', 4.0]",4,False,"{'location_count': [1], 'component_count': [1], 'absolute_charge': [2], 'signed_charge': [2]}"
"['single', 128, 2, 'exact_pixel', 8.0]",4,False,"{'location_count': [1], 'component_count': [1], 'absolute_charge': [2], 'signed_charge': [2]}"
"['single', 128, 2, 'half_pixel', 1.0]",4,True,"{'location_count': [1, 2], 'component_count': [1, 2], 'absolute_charge': [2, 4], 'signed_charge': [2]}"
"['single', 128, 2, 'half_pixel', 2.0]",4,True,"{'location_count': [1, 2], 'component_count': [1, 2], 'absolute_charge': [2, 4], 'signed_charge': [2]}"
"['single', 128, 2, 'half_pixel', 4.0]",4,True,"{'location_count': [1, 2], 'component_count': [1, 2], 'absolute_charge': [2, 4], 'signed_charge': [2]}"
"['single', 128, 2, 'half_pixel', 8.0]",4,True,"{'location_count': [1, 2], 'component_count': [1, 2], 'absolute_charge': [2, 4], 'signed_charge': [2]}"
"['single', 128, 2, 'quarter_pixel', 1.0]",4,False,"{'location_count': [1], 'component_count': [1], 'absolute_charge': [2], 'signed_charge': [2]}"
"['single', 128, 2, 'quarter_pixel', 2.0]",4,False,"{'location_count': [1], 'component_count': [1], 'absolute_charge': [2], 'signed_charge': [2]}"
"['single', 128, 2, 'quarter_pixel', 4.0]",4,False,"{'location_count': [1], 'component_count': [1], 'absolute_charge': [2], 'signed_charge': [2]}"
"['single', 128, 2, 'quarter_pixel', 8.0]",4,False,"{'location_count': [1], 'component_count': [1], 'absolute_charge': [2], 'signed_charge': [2]}"
"['single', 192, -1, 'exact_pixel', 1.0]",4,False,"{'location_count': [1], 'component_count': [1], 'absolute_charge': [1], 'signed_charge': [-1]}"
"['single', 192, -1, 'exact_pixel', 2.0]",4,False,"{'location_count': [1], 'component_count': [1], 'absolute_charge': [1], 'signed_charge': [-1]}"
"['single', 192, -1, 'exact_pixel', 4.0]",4,False,"{'location_count': [1], 'component_count': [1], 'absolute_charge': [1], 'signed_charge': [-1]}"
"['single', 192, -1, 'exact_pixel', 8.0]",4,False,"{'location_count': [1], 'component_count': [1], 'absolute_charge': [1], 'signed_charge': [-1]}"
"['single', 192, -1, 'half_pixel', 1.0]",4,False,"{'location_count': [1], 'component_count': [1], 'absolute_charge': [1], 'signed_charge': [-1]}"
"['single', 192, -1, 'half_pixel', 2.0]",4,False,"{'location_count': [1], 'component_count': [1], 'absolute_charge': [1], 'signed_charge': [-1]}"
"['single', 192, -1, 'half_pixel', 4.0]",4,False,"{'location_count': [1], 'component_count': [1], 'absolute_charge': [1], 'signed_charge': [-1]}"
"['single', 192, -1, 'half_pixel', 8.0]",4,False,"{'location_count': [1], 'component_count': [1], 'absolute_charge': [1], 'signed_charge': [-1]}"
"['single', 192, -1, 'quarter_pixel', 1.0]",4,False,"{'location_count': [1], 'component_count': [1], 'absolute_charge': [1], 'signed_charge': [-1]}"
"['single', 192, -1, 'quarter_pixel', 2.0]",4,False,"{'location_count': [1], 'component_count': [1], 'absolute_charge': [1], 'signed_charge': [-1]}"
"['single', 192, -1, 'quarter_pixel', 4.0]",4,False,"{'location_count': [1], 'component_count': [1], 'absolute_charge': [1], 'signed_charge': [-1]}"
"['single', 192, -1, 'quarter_pixel', 8.0]",4,False,"{'location_count': [1], 'component_count': [1], 'absolute_charge': [1], 'signed_charge': [-1]}"
"['single', 192, -2, 'exact_pixel', 1.0]",4,False,"{'location_count': [1], 'component_count': [1], 'absolute_charge': [2], 'signed_charge': [-2]}"
"['single', 192, -2, 'exact_pixel', 2.0]",4,False,"{'location_count': [1], 'component_count': [1], 'absolute_charge': [2], 'signed_charge': [-2]}"
"['single', 192, -2, 'exact_pixel', 4.0]",4,False,"{'location_count': [1], 'component_count': [1], 'absolute_charge': [2], 'signed_charge': [-2]}"
"['single', 192, -2, 'exact_pixel', 8.0]",4,False,"{'location_count': [1], 'component_count': [1], 'absolute_charge': [2], 'signed_charge': [-2]}"
"['single', 192, -2, 'half_pixel', 1.0]",4,False,"{'location_count': [1], 'component_count': [1], 'absolute_charge': [2], 'signed_charge': [-2]}"
"['single', 192, -2, 'half_pixel', 2.0]",4,False,"{'location_count': [1], 'component_count': [1], 'absolute_charge': [2], 'signed_charge': [-2]}"
"['single', 192, -2, 'half_pixel', 4.0]",4,False,"{'location_count': [1], 'component_count': [1], 'absolute_charge': [2], 'signed_charge': [-2]}"
"['single', 192, -2, 'half_pixel', 8.0]",4,False,"{'location_count': [1], 'component_count': [1], 'absolute_charge': [2], 'signed_charge': [-2]}"
"['single', 192, -2, 'quarter_pixel', 1.0]",4,False,"{'location_count': [1], 'component_count': [1], 'absolute_charge': [2], 'signed_charge': [-2]}"
"['single', 192, -2, 'quarter_pixel', 2.0]",4,False,"{'location_count': [1], 'component_count': [1], 'absolute_charge': [2], 'signed_charge': [-2]}"
"['single', 192, -2, 'quarter_pixel', 4.0]",4,False,"{'location_count': [1], 'component_count': [1], 'absolute_charge': [2], 'signed_charge': [-2]}"
"['single', 192, -2, 'quarter_pixel', 8.0]",4,False,"{'location_count': [1], 'component_count': [1], 'absolute_charge': [2], 'signed_charge': [-2]}"
"['single', 192, 1, 'exact_pixel', 1.0]",4,False,"{'location_count': [1], 'component_count': [1], 'absolute_charge': [1], 'signed_charge': [1]}"
"['single', 192, 1, 'exact_pixel', 2.0]",4,False,"{'location_count': [1], 'component_count': [1], 'absolute_charge': [1], 'signed_charge': [1]}"
"['single', 192, 1, 'exact_pixel', 4.0]",4,False,"{'location_count': [1], 'component_count': [1], 'absolute_charge': [1], 'signed_charge': [1]}"
"['single', 192, 1, 'exact_pixel', 8.0]",4,False,"{'location_count': [1], 'component_count': [1], 'absolute_charge': [1], 'signed_charge': [1]}"
"['single', 192, 1, 'half_pixel', 1.0]",4,False,"{'location_count': [1], 'component_count': [1], 'absolute_charge': [1], 'signed_charge': [1]}"
"['single', 192, 1, 'half_pixel', 2.0]",4,False,"{'location_count': [1], 'component_count': [1], 'absolute_charge': [1], 'signed_charge': [1]}"
"['single', 192, 1, 'half_pixel', 4.0]",4,False,"{'location_count': [1], 'component_count': [1], 'absolute_charge': [1], 'signed_charge': [1]}"
"['single', 192, 1, 'half_pixel', 8.0]",4,False,"{'location_count': [1], 'component_count': [1], 'absolute_charge': [1], 'signed_charge': [1]}"
"['single', 192, 1, 'quarter_pixel', 1.0]",4,False,"{'location_count': [1], 'component_count': [1], 'absolute_charge': [1], 'signed_charge': [1]}"
"['single', 192, 1, 'quarter_pixel', 2.0]",4,False,"{'location_count': [1], 'component_count': [1], 'absolute_charge': [1], 'signed_charge': [1]}"
"['single', 192, 1, 'quarter_pixel', 4.0]",4,False,"{'location_count': [1], 'component_count': [1], 'absolute_charge': [1], 'signed_charge': [1]}"
"['single', 192, 1, 'quarter_pixel', 8.0]",4,False,"{'location_count': [1], 'component_count': [1], 'absolute_charge': [1], 'signed_charge': [1]}"
"['single', 192, 2, 'exact_pixel', 1.0]",4,False,"{'location_count': [1], 'component_count': [1], 'absolute_charge': [2], 'signed_charge': [2]}"
"['single', 192, 2, 'exact_pixel', 2.0]",4,False,"{'location_count': [1], 'component_count': [1], 'absolute_charge': [2], 'signed_charge': [2]}"
"['single', 192, 2, 'exact_pixel', 4.0]",4,False,"{'location_count': [1], 'component_count': [1], 'absolute_charge': [2], 'signed_charge': [2]}"
"['single', 192, 2, 'exact_pixel', 8.0]",4,False,"{'location_count': [1], 'component_count': [1], 'absolute_charge': [2], 'signed_charge': [2]}"
"['single', 192, 2, 'half_pixel', 1.0]",4,False,"{'location_count': [1], 'component_count': [1], 'absolute_charge': [2], 'signed_charge': [2]}"
"['single', 192, 2, 'half_pixel', 2.0]",4,False,"{'location_count': [1], 'component_count': [1], 'absolute_charge': [2], 'signed_charge': [2]}"
"['single', 192, 2, 'half_pixel', 4.0]",4,False,"{'location_count': [1], 'component_count': [1], 'absolute_charge': [2], 'signed_charge': [2]}"
"['single', 192, 2, 'half_pixel', 8.0]",4,False,"{'location_count': [1], 'component_count': [1], 'absolute_charge': [2], 'signed_charge': [2]}"
"['single', 192, 2, 'quarter_pixel', 1.0]",4,False,"{'location_count': [1], 'component_count': [1], 'absolute_charge': [2], 'signed_charge': [2]}"
"['single', 192, 2, 'quarter_pixel', 2.0]",4,False,"{'location_count': [1], 'component_count': [1], 'absolute_charge': [2], 'signed_charge': [2]}"
"['single', 192, 2, 'quarter_pixel', 4.0]",4,False,"{'location_count': [1], 'component_count': [1], 'absolute_charge': [2], 'signed_charge': [2]}"
"['single', 192, 2, 'quarter_pixel', 8.0]",4,False,"{'location_count': [1], 'component_count': [1], 'absolute_charge': [2], 'signed_charge': [2]}"
"['single', 256, -1, 'exact_pixel', 1.0]",4,False,"{'location_count': [1], 'component_count': [1], 'absolute_charge': [1], 'signed_charge': [-1]}"
"['single', 256, -1, 'exact_pixel', 2.0]",4,False,"{'location_count': [1], 'component_count': [1], 'absolute_charge': [1], 'signed_charge': [-1]}"
"['single', 256, -1, 'exact_pixel', 4.0]",4,False,"{'location_count': [1], 'component_count': [1], 'absolute_charge': [1], 'signed_charge': [-1]}"
"['single', 256, -1, 'exact_pixel', 8.0]",4,False,"{'location_count': [1], 'component_count': [1], 'absolute_charge': [1], 'signed_charge': [-1]}"
"['single', 256, -1, 'half_pixel', 1.0]",4,False,"{'location_count': [1], 'component_count': [1], 'absolute_charge': [1], 'signed_charge': [-1]}"
"['single', 256, -1, 'half_pixel', 2.0]",4,False,"{'location_count': [1], 'component_count': [1], 'absolute_charge': [1], 'signed_charge': [-1]}"
"['single', 256, -1, 'half_pixel', 4.0]",4,False,"{'location_count': [1], 'component_count': [1], 'absolute_charge': [1], 'signed_charge': [-1]}"
"['single', 256, -1, 'half_pixel', 8.0]",4,False,"{'location_count': [1], 'component_count': [1], 'absolute_charge': [1], 'signed_charge': [-1]}"
"['single', 256, -1, 'quarter_pixel', 1.0]",4,False,"{'location_count': [1], 'component_count': [1], 'absolute_charge': [1], 'signed_charge': [-1]}"
"['single', 256, -1, 'quarter_pixel', 2.0]",4,False,"{'location_count': [1], 'component_count': [1], 'absolute_charge': [1], 'signed_charge': [-1]}"
"['single', 256, -1, 'quarter_pixel', 4.0]",4,False,"{'location_count': [1], 'component_count': [1], 'absolute_charge': [1], 'signed_charge': [-1]}"
"['single', 256, -1, 'quarter_pixel', 8.0]",4,False,"{'location_count': [1], 'component_count': [1], 'absolute_charge': [1], 'signed_charge': [-1]}"
"['single', 256, -2, 'exact_pixel', 1.0]",4,False,"{'location_count': [1], 'component_count': [1], 'absolute_charge': [2], 'signed_charge': [-2]}"
"['single', 256, -2, 'exact_pixel', 2.0]",4,False,"{'location_count': [1], 'component_count': [1], 'absolute_charge': [2], 'signed_charge': [-2]}"
"['single', 256, -2, 'exact_pixel', 4.0]",4,False,"{'location_count': [1], 'component_count': [1], 'absolute_charge': [2], 'signed_charge': [-2]}"
"['single', 256, -2, 'exact_pixel', 8.0]",4,False,"{'location_count': [1], 'component_count': [1], 'absolute_charge': [2], 'signed_charge': [-2]}"
"['single', 256, -2, 'half_pixel', 1.0]",4,True,"{'location_count': [1, 2], 'component_count': [1, 2], 'absolute_charge': [2, 4], 'signed_charge': [-2]}"
"['single', 256, -2, 'half_pixel', 2.0]",4,True,"{'location_count': [1, 2], 'component_count': [1, 2], 'absolute_charge': [2, 4], 'signed_charge': [-2]}"
"['single', 256, -2, 'half_pixel', 4.0]",4,True,"{'location_count': [1, 2], 'component_count': [1, 2], 'absolute_charge': [2, 4], 'signed_charge': [-2]}"
"['single', 256, -2, 'half_pixel', 8.0]",4,True,"{'location_count': [1, 2], 'component_count': [1, 2], 'absolute_charge': [2, 4], 'signed_charge': [-2]}"
"['single', 256, -2, 'quarter_pixel', 1.0]",4,False,"{'location_count': [1], 'component_count': [1], 'absolute_charge': [2], 'signed_charge': [-2]}"
"['single', 256, -2, 'quarter_pixel', 2.0]",4,False,"{'location_count': [1], 'component_count': [1], 'absolute_charge': [2], 'signed_charge': [-2]}"
"['single', 256, -2, 'quarter_pixel', 4.0]",4,False,"{'location_count': [1], 'component_count': [1], 'absolute_charge': [2], 'signed_charge': [-2]}"
"['single', 256, -2, 'quarter_pixel', 8.0]",4,False,"{'location_count': [1], 'component_count': [1], 'absolute_charge': [2], 'signed_charge': [-2]}"
"['single', 256, 1, 'exact_pixel', 1.0]",4,False,"{'location_count': [1], 'component_count': [1], 'absolute_charge': [1], 'signed_charge': [1]}"
"['single', 256, 1, 'exact_pixel', 2.0]",4,False,"{'location_count': [1], 'component_count': [1], 'absolute_charge': [1], 'signed_charge': [1]}"
"['single', 256, 1, 'exact_pixel', 4.0]",4,False,"{'location_count': [1], 'component_count': [1], 'absolute_charge': [1], 'signed_charge': [1]}"
"['single', 256, 1, 'exact_pixel', 8.0]",4,False,"{'location_count': [1], 'component_count': [1], 'absolute_charge': [1], 'signed_charge': [1]}"
"['single', 256, 1, 'half_pixel', 1.0]",4,False,"{'location_count': [1], 'component_count': [1], 'absolute_charge': [1], 'signed_charge': [1]}"
"['single', 256, 1, 'half_pixel', 2.0]",4,False,"{'location_count': [1], 'component_count': [1], 'absolute_charge': [1], 'signed_charge': [1]}"
"['single', 256, 1, 'half_pixel', 4.0]",4,False,"{'location_count': [1], 'component_count': [1], 'absolute_charge': [1], 'signed_charge': [1]}"
"['single', 256, 1, 'half_pixel', 8.0]",4,False,"{'location_count': [1], 'component_count': [1], 'absolute_charge': [1], 'signed_charge': [1]}"
"['single', 256, 1, 'quarter_pixel', 1.0]",4,False,"{'location_count': [1], 'component_count': [1], 'absolute_charge': [1], 'signed_charge': [1]}"
"['single', 256, 1, 'quarter_pixel', 2.0]",4,False,"{'location_count': [1], 'component_count': [1], 'absolute_charge': [1], 'signed_charge': [1]}"
"['single', 256, 1, 'quarter_pixel', 4.0]",4,False,"{'location_count': [1], 'component_count': [1], 'absolute_charge': [1], 'signed_charge': [1]}"
"['single', 256, 1, 'quarter_pixel', 8.0]",4,False,"{'location_count': [1], 'component_count': [1], 'absolute_charge': [1], 'signed_charge': [1]}"
"['single', 256, 2, 'exact_pixel', 1.0]",4,False,"{'location_count': [1], 'component_count': [1], 'absolute_charge': [2], 'signed_charge': [2]}"
"['single', 256, 2, 'exact_pixel', 2.0]",4,False,"{'location_count': [1], 'component_count': [1], 'absolute_charge': [2], 'signed_charge': [2]}"
"['single', 256, 2, 'exact_pixel', 4.0]",4,False,"{'location_count': [1], 'component_count': [1], 'absolute_charge': [2], 'signed_charge': [2]}"
"['single', 256, 2, 'exact_pixel', 8.0]",4,False,"{'location_count': [1], 'component_count': [1], 'absolute_charge': [2], 'signed_charge': [2]}"
"['single', 256, 2, 'half_pixel', 1.0]",4,True,"{'location_count': [1, 2], 'component_count': [1, 2], 'absolute_charge': [2, 4], 'signed_charge': [2]}"
"['single', 256, 2, 'half_pixel', 2.0]",4,True,"{'location_count': [1, 2], 'component_count': [1, 2], 'absolute_charge': [2, 4], 'signed_charge': [2]}"
"['single', 256, 2, 'half_pixel', 4.0]",4,True,"{'location_count': [1, 2], 'component_count': [1, 2], 'absolute_charge': [2, 4], 'signed_charge': [2]}"
"['single', 256, 2, 'half_pixel', 8.0]",4,True,"{'location_count': [1, 2], 'component_count': [1, 2], 'absolute_charge': [2, 4], 'signed_charge': [2]}"
"['single', 256, 2, 'quarter_pixel', 1.0]",4,False,"{'location_count': [1], 'component_count': [1], 'absolute_charge': [2], 'signed_charge': [2]}"
"['single', 256, 2, 'quarter_pixel', 2.0]",4,False,"{'location_count': [1], 'component_count': [1], 'absolute_charge': [2], 'signed_charge': [2]}"
"['single', 256, 2, 'quarter_pixel', 4.0]",4,False,"{'location_count': [1], 'component_count': [1], 'absolute_charge': [2], 'signed_charge': [2]}"
"['single', 256, 2, 'quarter_pixel', 8.0]",4,False,"{'location_count': [1], 'component_count': [1], 'absolute_charge': [2], 'signed_charge': [2]}"
"['single', 32, -1, 'exact_pixel', 1.0]",4,False,"{'location_count': [1], 'component_count': [1], 'absolute_charge': [1], 'signed_charge': [-1]}"
"['single', 32, -1, 'exact_pixel', 2.0]",4,False,"{'location_count': [1], 'component_count': [1], 'absolute_charge': [1], 'signed_charge': [-1]}"
"['single', 32, -1, 'exact_pixel', 4.0]",4,False,"{'location_count': [1], 'component_count': [1], 'absolute_charge': [1], 'signed_charge': [-1]}"
"['single', 32, -1, 'exact_pixel', 8.0]",4,False,"{'location_count': [1], 'component_count': [1], 'absolute_charge': [1], 'signed_charge': [-1]}"
"['single', 32, -1, 'half_pixel', 1.0]",4,True,"{'location_count': [0, 1], 'component_count': [0, 1], 'absolute_charge': [0, 1], 'signed_charge': [-1, 0]}"
"['single', 32, -1, 'half_pixel', 2.0]",4,False,"{'location_count': [1], 'component_count': [1], 'absolute_charge': [1], 'signed_charge': [-1]}"
"['single', 32, -1, 'half_pixel', 4.0]",4,False,"{'location_count': [1], 'component_count': [1], 'absolute_charge': [1], 'signed_charge': [-1]}"
"['single', 32, -1, 'half_pixel', 8.0]",4,False,"{'location_count': [1], 'component_count': [1], 'absolute_charge': [1], 'signed_charge': [-1]}"
"['single', 32, -1, 'quarter_pixel', 1.0]",4,False,"{'location_count': [1], 'component_count': [1], 'absolute_charge': [1], 'signed_charge': [-1]}"
"['single', 32, -1, 'quarter_pixel', 2.0]",4,False,"{'location_count': [1], 'component_count': [1], 'absolute_charge': [1], 'signed_charge': [-1]}"
"['single', 32, -1, 'quarter_pixel', 4.0]",4,False,"{'location_count': [1], 'component_count': [1], 'absolute_charge': [1], 'signed_charge': [-1]}"
"['single', 32, -1, 'quarter_pixel', 8.0]",4,False,"{'location_count': [1], 'component_count': [1], 'absolute_charge': [1], 'signed_charge': [-1]}"
"['single', 32, -2, 'exact_pixel', 1.0]",4,False,"{'location_count': [1], 'component_count': [1], 'absolute_charge': [2], 'signed_charge': [-2]}"
"['single', 32, -2, 'exact_pixel', 2.0]",4,False,"{'location_count': [1], 'component_count': [1], 'absolute_charge': [2], 'signed_charge': [-2]}"
"['single', 32, -2, 'exact_pixel', 4.0]",4,False,"{'location_count': [1], 'component_count': [1], 'absolute_charge': [2], 'signed_charge': [-2]}"
"['single', 32, -2, 'exact_pixel', 8.0]",4,False,"{'location_count': [1], 'component_count': [1], 'absolute_charge': [2], 'signed_charge': [-2]}"
"['single', 32, -2, 'half_pixel', 1.0]",4,True,"{'location_count': [0, 2], 'component_count': [0, 2], 'absolute_charge': [0, 4], 'signed_charge': [-2, 0]}"
"['single', 32, -2, 'half_pixel', 2.0]",4,True,"{'location_count': [1, 2], 'component_count': [1, 2], 'absolute_charge': [2, 4], 'signed_charge': [-2]}"
"['single', 32, -2, 'half_pixel', 4.0]",4,True,"{'location_count': [1, 2], 'component_count': [1, 2], 'absolute_charge': [2, 4], 'signed_charge': [-2]}"
"['single', 32, -2, 'half_pixel', 8.0]",4,True,"{'location_count': [1, 2], 'component_count': [1, 2], 'absolute_charge': [2, 4], 'signed_charge': [-2]}"
"['single', 32, -2, 'quarter_pixel', 1.0]",4,False,"{'location_count': [1], 'component_count': [1], 'absolute_charge': [2], 'signed_charge': [-2]}"
"['single', 32, -2, 'quarter_pixel', 2.0]",4,False,"{'location_count': [1], 'component_count': [1], 'absolute_charge': [2], 'signed_charge': [-2]}"
"['single', 32, -2, 'quarter_pixel', 4.0]",4,False,"{'location_count': [1], 'component_count': [1], 'absolute_charge': [2], 'signed_charge': [-2]}"
"['single', 32, -2, 'quarter_pixel', 8.0]",4,False,"{'location_count': [1], 'component_count': [1], 'absolute_charge': [2], 'signed_charge': [-2]}"
"['single', 32, 1, 'exact_pixel', 1.0]",4,False,"{'location_count': [1], 'component_count': [1], 'absolute_charge': [1], 'signed_charge': [1]}"
"['single', 32, 1, 'exact_pixel', 2.0]",4,False,"{'location_count': [1], 'component_count': [1], 'absolute_charge': [1], 'signed_charge': [1]}"
"['single', 32, 1, 'exact_pixel', 4.0]",4,False,"{'location_count': [1], 'component_count': [1], 'absolute_charge': [1], 'signed_charge': [1]}"
"['single', 32, 1, 'exact_pixel', 8.0]",4,False,"{'location_count': [1], 'component_count': [1], 'absolute_charge': [1], 'signed_charge': [1]}"
"['single', 32, 1, 'half_pixel', 1.0]",4,True,"{'location_count': [0, 1], 'component_count': [0, 1], 'absolute_charge': [0, 1], 'signed_charge': [0, 1]}"
"['single', 32, 1, 'half_pixel', 2.0]",4,False,"{'location_count': [1], 'component_count': [1], 'absolute_charge': [1], 'signed_charge': [1]}"
"['single', 32, 1, 'half_pixel', 4.0]",4,False,"{'location_count': [1], 'component_count': [1], 'absolute_charge': [1], 'signed_charge': [1]}"
"['single', 32, 1, 'half_pixel', 8.0]",4,False,"{'location_count': [1], 'component_count': [1], 'absolute_charge': [1], 'signed_charge': [1]}"
"['single', 32, 1, 'quarter_pixel', 1.0]",4,False,"{'location_count': [1], 'component_count': [1], 'absolute_charge': [1], 'signed_charge': [1]}"
"['single', 32, 1, 'quarter_pixel', 2.0]",4,False,"{'location_count': [1], 'component_count': [1], 'absolute_charge': [1], 'signed_charge': [1]}"
"['single', 32, 1, 'quarter_pixel', 4.0]",4,False,"{'location_count': [1], 'component_count': [1], 'absolute_charge': [1], 'signed_charge': [1]}"
"['single', 32, 1, 'quarter_pixel', 8.0]",4,False,"{'location_count': [1], 'component_count': [1], 'absolute_charge': [1], 'signed_charge': [1]}"
"['single', 32, 2, 'exact_pixel', 1.0]",4,False,"{'location_count': [1], 'component_count': [1], 'absolute_charge': [2], 'signed_charge': [2]}"
"['single', 32, 2, 'exact_pixel', 2.0]",4,False,"{'location_count': [1], 'component_count': [1], 'absolute_charge': [2], 'signed_charge': [2]}"
"['single', 32, 2, 'exact_pixel', 4.0]",4,False,"{'location_count': [1], 'component_count': [1], 'absolute_charge': [2], 'signed_charge': [2]}"
"['single', 32, 2, 'exact_pixel', 8.0]",4,False,"{'location_count': [1], 'component_count': [1], 'absolute_charge': [2], 'signed_charge': [2]}"
"['single', 32, 2, 'half_pixel', 1.0]",4,True,"{'location_count': [0, 2], 'component_count': [0, 2], 'absolute_charge': [0, 4], 'signed_charge': [0, 2]}"
"['single', 32, 2, 'half_pixel', 2.0]",4,True,"{'location_count': [1, 2], 'component_count': [1, 2], 'absolute_charge': [2, 4], 'signed_charge': [2]}"
"['single', 32, 2, 'half_pixel', 4.0]",4,True,"{'location_count': [1, 2], 'component_count': [1, 2], 'absolute_charge': [2, 4], 'signed_charge': [2]}"
"['single', 32, 2, 'half_pixel', 8.0]",4,True,"{'location_count': [1, 2], 'component_count': [1, 2], 'absolute_charge': [2, 4], 'signed_charge': [2]}"
"['single', 32, 2, 'quarter_pixel', 1.0]",4,False,"{'location_count': [1], 'component_count': [1], 'absolute_charge': [2], 'signed_charge': [2]}"
"['single', 32, 2, 'quarter_pixel', 2.0]",4,False,"{'location_count': [1], 'component_count': [1], 'absolute_charge': [2], 'signed_charge': [2]}"
"['single', 32, 2, 'quarter_pixel', 4.0]",4,False,"{'location_count': [1], 'component_count': [1], 'absolute_charge': [2], 'signed_charge': [2]}"
"['single', 32, 2, 'quarter_pixel', 8.0]",4,False,"{'location_count': [1], 'component_count': [1], 'absolute_charge': [2], 'signed_charge': [2]}"
"['single', 48, -1, 'exact_pixel', 1.0]",4,False,"{'location_count': [1], 'component_count': [1], 'absolute_charge': [1], 'signed_charge': [-1]}"
"['single', 48, -1, 'exact_pixel', 2.0]",4,False,"{'location_count': [1], 'component_count': [1], 'absolute_charge': [1], 'signed_charge': [-1]}"
"['single', 48, -1, 'exact_pixel', 4.0]",4,False,"{'location_count': [1], 'component_count': [1], 'absolute_charge': [1], 'signed_charge': [-1]}"
"['single', 48, -1, 'exact_pixel', 8.0]",4,False,"{'location_count': [1], 'component_count': [1], 'absolute_charge': [1], 'signed_charge': [-1]}"
"['single', 48, -1, 'half_pixel', 1.0]",4,True,"{'location_count': [0, 1], 'component_count': [0, 1], 'absolute_charge': [0, 1], 'signed_charge': [-1, 0]}"
"['single', 48, -1, 'half_pixel', 2.0]",4,False,"{'location_count': [1], 'component_count': [1], 'absolute_charge': [1], 'signed_charge': [-1]}"
"['single', 48, -1, 'half_pixel', 4.0]",4,False,"{'location_count': [1], 'component_count': [1], 'absolute_charge': [1], 'signed_charge': [-1]}"
"['single', 48, -1, 'half_pixel', 8.0]",4,False,"{'location_count': [1], 'component_count': [1], 'absolute_charge': [1], 'signed_charge': [-1]}"
"['single', 48, -1, 'quarter_pixel', 1.0]",4,False,"{'location_count': [1], 'component_count': [1], 'absolute_charge': [1], 'signed_charge': [-1]}"
"['single', 48, -1, 'quarter_pixel', 2.0]",4,False,"{'location_count': [1], 'component_count': [1], 'absolute_charge': [1], 'signed_charge': [-1]}"
"['single', 48, -1, 'quarter_pixel', 4.0]",4,False,"{'location_count': [1], 'component_count': [1], 'absolute_charge': [1], 'signed_charge': [-1]}"
"['single', 48, -1, 'quarter_pixel', 8.0]",4,False,"{'location_count': [1], 'component_count': [1], 'absolute_charge': [1], 'signed_charge': [-1]}"
"['single', 48, -2, 'exact_pixel', 1.0]",4,False,"{'location_count': [1], 'component_count': [1], 'absolute_charge': [2], 'signed_charge': [-2]}"
"['single', 48, -2, 'exact_pixel', 2.0]",4,False,"{'location_count': [1], 'component_count': [1], 'absolute_charge': [2], 'signed_charge': [-2]}"
"['single', 48, -2, 'exact_pixel', 4.0]",4,False,"{'location_count': [1], 'component_count': [1], 'absolute_charge': [2], 'signed_charge': [-2]}"
"['single', 48, -2, 'exact_pixel', 8.0]",4,False,"{'location_count': [1], 'component_count': [1], 'absolute_charge': [2], 'signed_charge': [-2]}"
"['single', 48, -2, 'half_pixel', 1.0]",4,True,"{'location_count': [0, 1], 'component_count': [0, 1], 'absolute_charge': [0, 2], 'signed_charge': [-2, 0]}"
"['single', 48, -2, 'half_pixel', 2.0]",4,False,"{'location_count': [1], 'component_count': [1], 'absolute_charge': [2], 'signed_charge': [-2]}"
"['single', 48, -2, 'half_pixel', 4.0]",4,False,"{'location_count': [1], 'component_count': [1], 'absolute_charge': [2], 'signed_charge': [-2]}"
"['single', 48, -2, 'half_pixel', 8.0]",4,False,"{'location_count': [1], 'component_count': [1], 'absolute_charge': [2], 'signed_charge': [-2]}"
"['single', 48, -2, 'quarter_pixel', 1.0]",4,False,"{'location_count': [1], 'component_count': [1], 'absolute_charge': [2], 'signed_charge': [-2]}"
"['single', 48, -2, 'quarter_pixel', 2.0]",4,False,"{'location_count': [1], 'component_count': [1], 'absolute_charge': [2], 'signed_charge': [-2]}"
"['single', 48, -2, 'quarter_pixel', 4.0]",4,False,"{'location_count': [1], 'component_count': [1], 'absolute_charge': [2], 'signed_charge': [-2]}"
"['single', 48, -2, 'quarter_pixel', 8.0]",4,False,"{'location_count': [1], 'component_count': [1], 'absolute_charge': [2], 'signed_charge': [-2]}"
"['single', 48, 1, 'exact_pixel', 1.0]",4,False,"{'location_count': [1], 'component_count': [1], 'absolute_charge': [1], 'signed_charge': [1]}"
"['single', 48, 1, 'exact_pixel', 2.0]",4,False,"{'location_count': [1], 'component_count': [1], 'absolute_charge': [1], 'signed_charge': [1]}"
"['single', 48, 1, 'exact_pixel', 4.0]",4,False,"{'location_count': [1], 'component_count': [1], 'absolute_charge': [1], 'signed_charge': [1]}"
"['single', 48, 1, 'exact_pixel', 8.0]",4,False,"{'location_count': [1], 'component_count': [1], 'absolute_charge': [1], 'signed_charge': [1]}"
"['single', 48, 1, 'half_pixel', 1.0]",4,True,"{'location_count': [0, 1], 'component_count': [0, 1], 'absolute_charge': [0, 1], 'signed_charge': [0, 1]}"
"['single', 48, 1, 'half_pixel', 2.0]",4,False,"{'location_count': [1], 'component_count': [1], 'absolute_charge': [1], 'signed_charge': [1]}"
"['single', 48, 1, 'half_pixel', 4.0]",4,False,"{'location_count': [1], 'component_count': [1], 'absolute_charge': [1], 'signed_charge': [1]}"
"['single', 48, 1, 'half_pixel', 8.0]",4,False,"{'location_count': [1], 'component_count': [1], 'absolute_charge': [1], 'signed_charge': [1]}"
"['single', 48, 1, 'quarter_pixel', 1.0]",4,False,"{'location_count': [1], 'component_count': [1], 'absolute_charge': [1], 'signed_charge': [1]}"
"['single', 48, 1, 'quarter_pixel', 2.0]",4,False,"{'location_count': [1], 'component_count': [1], 'absolute_charge': [1], 'signed_charge': [1]}"
"['single', 48, 1, 'quarter_pixel', 4.0]",4,False,"{'location_count': [1], 'component_count': [1], 'absolute_charge': [1], 'signed_charge': [1]}"
"['single', 48, 1, 'quarter_pixel', 8.0]",4,False,"{'location_count': [1], 'component_count': [1], 'absolute_charge': [1], 'signed_charge': [1]}"
"['single', 48, 2, 'exact_pixel', 1.0]",4,False,"{'location_count': [1], 'component_count': [1], 'absolute_charge': [2], 'signed_charge': [2]}"
"['single', 48, 2, 'exact_pixel', 2.0]",4,False,"{'location_count': [1], 'component_count': [1], 'absolute_charge': [2], 'signed_charge': [2]}"
"['single', 48, 2, 'exact_pixel', 4.0]",4,False,"{'location_count': [1], 'component_count': [1], 'absolute_charge': [2], 'signed_charge': [2]}"
"['single', 48, 2, 'exact_pixel', 8.0]",4,False,"{'location_count': [1], 'component_count': [1], 'absolute_charge': [2], 'signed_charge': [2]}"
"['single', 48, 2, 'half_pixel', 1.0]",4,True,"{'location_count': [0, 1], 'component_count': [0, 1], 'absolute_charge': [0, 2], 'signed_charge': [0, 2]}"
"['single', 48, 2, 'half_pixel', 2.0]",4,False,"{'location_count': [1], 'component_count': [1], 'absolute_charge': [2], 'signed_charge': [2]}"
"['single', 48, 2, 'half_pixel', 4.0]",4,False,"{'location_count': [1], 'component_count': [1], 'absolute_charge': [2], 'signed_charge': [2]}"
"['single', 48, 2, 'half_pixel', 8.0]",4,False,"{'location_count': [1], 'component_count': [1], 'absolute_charge': [2], 'signed_charge': [2]}"
"['single', 48, 2, 'quarter_pixel', 1.0]",4,False,"{'location_count': [1], 'component_count': [1], 'absolute_charge': [2], 'signed_charge': [2]}"
"['single', 48, 2, 'quarter_pixel', 2.0]",4,False,"{'location_count': [1], 'component_count': [1], 'absolute_charge': [2], 'signed_charge': [2]}"
"['single', 48, 2, 'quarter_pixel', 4.0]",4,False,"{'location_count': [1], 'component_count': [1], 'absolute_charge': [2], 'signed_charge': [2]}"
"['single', 48, 2, 'quarter_pixel', 8.0]",4,False,"{'location_count': [1], 'component_count': [1], 'absolute_charge': [2], 'signed_charge': [2]}"
"['single', 64, -1, 'exact_pixel', 1.0]",4,False,"{'location_count': [1], 'component_count': [1], 'absolute_charge': [1], 'signed_charge': [-1]}"
"['single', 64, -1, 'exact_pixel', 2.0]",4,False,"{'location_count': [1], 'component_count': [1], 'absolute_charge': [1], 'signed_charge': [-1]}"
"['single', 64, -1, 'exact_pixel', 4.0]",4,False,"{'location_count': [1], 'component_count': [1], 'absolute_charge': [1], 'signed_charge': [-1]}"
"['single', 64, -1, 'exact_pixel', 8.0]",4,False,"{'location_count': [1], 'component_count': [1], 'absolute_charge': [1], 'signed_charge': [-1]}"
"['single', 64, -1, 'half_pixel', 1.0]",4,False,"{'location_count': [1], 'component_count': [1], 'absolute_charge': [1], 'signed_charge': [-1]}"
"['single', 64, -1, 'half_pixel', 2.0]",4,False,"{'location_count': [1], 'component_count': [1], 'absolute_charge': [1], 'signed_charge': [-1]}"
"['single', 64, -1, 'half_pixel', 4.0]",4,False,"{'location_count': [1], 'component_count': [1], 'absolute_charge': [1], 'signed_charge': [-1]}"
"['single', 64, -1, 'half_pixel', 8.0]",4,False,"{'location_count': [1], 'component_count': [1], 'absolute_charge': [1], 'signed_charge': [-1]}"
"['single', 64, -1, 'quarter_pixel', 1.0]",4,False,"{'location_count': [1], 'component_count': [1], 'absolute_charge': [1], 'signed_charge': [-1]}"
"['single', 64, -1, 'quarter_pixel', 2.0]",4,False,"{'location_count': [1], 'component_count': [1], 'absolute_charge': [1], 'signed_charge': [-1]}"
"['single', 64, -1, 'quarter_pixel', 4.0]",4,False,"{'location_count': [1], 'component_count': [1], 'absolute_charge': [1], 'signed_charge': [-1]}"
"['single', 64, -1, 'quarter_pixel', 8.0]",4,False,"{'location_count': [1], 'component_count': [1], 'absolute_charge': [1], 'signed_charge': [-1]}"
"['single', 64, -2, 'exact_pixel', 1.0]",4,False,"{'location_count': [1], 'component_count': [1], 'absolute_charge': [2], 'signed_charge': [-2]}"
"['single', 64, -2, 'exact_pixel', 2.0]",4,False,"{'location_count': [1], 'component_count': [1], 'absolute_charge': [2], 'signed_charge': [-2]}"
"['single', 64, -2, 'exact_pixel', 4.0]",4,False,"{'location_count': [1], 'component_count': [1], 'absolute_charge': [2], 'signed_charge': [-2]}"
"['single', 64, -2, 'exact_pixel', 8.0]",4,False,"{'location_count': [1], 'component_count': [1], 'absolute_charge': [2], 'signed_charge': [-2]}"
"['single', 64, -2, 'half_pixel', 1.0]",4,True,"{'location_count': [1, 2], 'component_count': [1, 2], 'absolute_charge': [2, 4], 'signed_charge': [-2]}"
"['single', 64, -2, 'half_pixel', 2.0]",4,True,"{'location_count': [1, 2], 'component_count': [1, 2], 'absolute_charge': [2, 4], 'signed_charge': [-2]}"
"['single', 64, -2, 'half_pixel', 4.0]",4,True,"{'location_count': [1, 2], 'component_count': [1, 2], 'absolute_charge': [2, 4], 'signed_charge': [-2]}"
"['single', 64, -2, 'half_pixel', 8.0]",4,True,"{'location_count': [1, 2], 'component_count': [1, 2], 'absolute_charge': [2, 4], 'signed_charge': [-2]}"
"['single', 64, -2, 'quarter_pixel', 1.0]",4,False,"{'location_count': [1], 'component_count': [1], 'absolute_charge': [2], 'signed_charge': [-2]}"
"['single', 64, -2, 'quarter_pixel', 2.0]",4,False,"{'location_count': [1], 'component_count': [1], 'absolute_charge': [2], 'signed_charge': [-2]}"
"['single', 64, -2, 'quarter_pixel', 4.0]",4,False,"{'location_count': [1], 'component_count': [1], 'absolute_charge': [2], 'signed_charge': [-2]}"
"['single', 64, -2, 'quarter_pixel', 8.0]",4,False,"{'location_count': [1], 'component_count': [1], 'absolute_charge': [2], 'signed_charge': [-2]}"
"['single', 64, 1, 'exact_pixel', 1.0]",4,False,"{'location_count': [1], 'component_count': [1], 'absolute_charge': [1], 'signed_charge': [1]}"
"['single', 64, 1, 'exact_pixel', 2.0]",4,False,"{'location_count': [1], 'component_count': [1], 'absolute_charge': [1], 'signed_charge': [1]}"
"['single', 64, 1, 'exact_pixel', 4.0]",4,False,"{'location_count': [1], 'component_count': [1], 'absolute_charge': [1], 'signed_charge': [1]}"
"['single', 64, 1, 'exact_pixel', 8.0]",4,False,"{'location_count': [1], 'component_count': [1], 'absolute_charge': [1], 'signed_charge': [1]}"
"['single', 64, 1, 'half_pixel', 1.0]",4,False,"{'location_count': [1], 'component_count': [1], 'absolute_charge': [1], 'signed_charge': [1]}"
"['single', 64, 1, 'half_pixel', 2.0]",4,False,"{'location_count': [1], 'component_count': [1], 'absolute_charge': [1], 'signed_charge': [1]}"
"['single', 64, 1, 'half_pixel', 4.0]",4,False,"{'location_count': [1], 'component_count': [1], 'absolute_charge': [1], 'signed_charge': [1]}"
"['single', 64, 1, 'half_pixel', 8.0]",4,False,"{'location_count': [1], 'component_count': [1], 'absolute_charge': [1], 'signed_charge': [1]}"
"['single', 64, 1, 'quarter_pixel', 1.0]",4,False,"{'location_count': [1], 'component_count': [1], 'absolute_charge': [1], 'signed_charge': [1]}"
"['single', 64, 1, 'quarter_pixel', 2.0]",4,False,"{'location_count': [1], 'component_count': [1], 'absolute_charge': [1], 'signed_charge': [1]}"
"['single', 64, 1, 'quarter_pixel', 4.0]",4,False,"{'location_count': [1], 'component_count': [1], 'absolute_charge': [1], 'signed_charge': [1]}"
"['single', 64, 1, 'quarter_pixel', 8.0]",4,False,"{'location_count': [1], 'component_count': [1], 'absolute_charge': [1], 'signed_charge': [1]}"
"['single', 64, 2, 'exact_pixel', 1.0]",4,False,"{'location_count': [1], 'component_count': [1], 'absolute_charge': [2], 'signed_charge': [2]}"
"['single', 64, 2, 'exact_pixel', 2.0]",4,False,"{'location_count': [1], 'component_count': [1], 'absolute_charge': [2], 'signed_charge': [2]}"
"['single', 64, 2, 'exact_pixel', 4.0]",4,False,"{'location_count': [1], 'component_count': [1], 'absolute_charge': [2], 'signed_charge': [2]}"
"['single', 64, 2, 'exact_pixel', 8.0]",4,False,"{'location_count': [1], 'component_count': [1], 'absolute_charge': [2], 'signed_charge': [2]}"
"['single', 64, 2, 'half_pixel', 1.0]",4,True,"{'location_count': [1, 2], 'component_count': [1, 2], 'absolute_charge': [2, 4], 'signed_charge': [2]}"
"['single', 64, 2, 'half_pixel', 2.0]",4,True,"{'location_count': [1, 2], 'component_count': [1, 2], 'absolute_charge': [2, 4], 'signed_charge': [2]}"
"['single', 64, 2, 'half_pixel', 4.0]",4,True,"{'location_count': [1, 2], 'component_count': [1, 2], 'absolute_charge': [2, 4], 'signed_charge': [2]}"
"['single', 64, 2, 'half_pixel', 8.0]",4,True,"{'location_count': [1, 2], 'component_count': [1, 2], 'absolute_charge': [2, 4], 'signed_charge': [2]}"
"['single', 64, 2, 'quarter_pixel', 1.0]",4,False,"{'location_count': [1], 'component_count': [1], 'absolute_charge': [2], 'signed_charge': [2]}"
"['single', 64, 2, 'quarter_pixel', 2.0]",4,False,"{'location_count': [1], 'component_count': [1], 'absolute_charge': [2], 'signed_charge': [2]}"
"['single', 64, 2, 'quarter_pixel', 4.0]",4,False,"{'location_count': [1], 'component_count': [1], 'absolute_charge': [2], 'signed_charge': [2]}"
"['single', 64, 2, 'quarter_pixel', 8.0]",4,False,"{'location_count': [1], 'component_count': [1], 'absolute_charge': [2], 'signed_charge': [2]}"
"['single', 96, -1, 'exact_pixel', 1.0]",4,False,"{'location_count': [1], 'component_count': [1], 'absolute_charge': [1], 'signed_charge': [-1]}"
"['single', 96, -1, 'exact_pixel', 2.0]",4,False,"{'location_count': [1], 'component_count': [1], 'absolute_charge': [1], 'signed_charge': [-1]}"
"['single', 96, -1, 'exact_pixel', 4.0]",4,False,"{'location_count': [1], 'component_count': [1], 'absolute_charge': [1], 'signed_charge': [-1]}"
"['single', 96, -1, 'exact_pixel', 8.0]",4,False,"{'location_count': [1], 'component_count': [1], 'absolute_charge': [1], 'signed_charge': [-1]}"
"['single', 96, -1, 'half_pixel', 1.0]",4,False,"{'location_count': [1], 'component_count': [1], 'absolute_charge': [1], 'signed_charge': [-1]}"
"['single', 96, -1, 'half_pixel', 2.0]",4,False,"{'location_count': [1], 'component_count': [1], 'absolute_charge': [1], 'signed_charge': [-1]}"
"['single', 96, -1, 'half_pixel', 4.0]",4,False,"{'location_count': [1], 'component_count': [1], 'absolute_charge': [1], 'signed_charge': [-1]}"
"['single', 96, -1, 'half_pixel', 8.0]",4,False,"{'location_count': [1], 'component_count': [1], 'absolute_charge': [1], 'signed_charge': [-1]}"
"['single', 96, -1, 'quarter_pixel', 1.0]",4,False,"{'location_count': [1], 'component_count': [1], 'absolute_charge': [1], 'signed_charge': [-1]}"
"['single', 96, -1, 'quarter_pixel', 2.0]",4,False,"{'location_count': [1], 'component_count': [1], 'absolute_charge': [1], 'signed_charge': [-1]}"
"['single', 96, -1, 'quarter_pixel', 4.0]",4,False,"{'location_count': [1], 'component_count': [1], 'absolute_charge': [1], 'signed_charge': [-1]}"
"['single', 96, -1, 'quarter_pixel', 8.0]",4,False,"{'location_count': [1], 'component_count': [1], 'absolute_charge': [1], 'signed_charge': [-1]}"
"['single', 96, -2, 'exact_pixel', 1.0]",4,False,"{'location_count': [1], 'component_count': [1], 'absolute_charge': [2], 'signed_charge': [-2]}"
"['single', 96, -2, 'exact_pixel', 2.0]",4,False,"{'location_count': [1], 'component_count': [1], 'absolute_charge': [2], 'signed_charge': [-2]}"
"['single', 96, -2, 'exact_pixel', 4.0]",4,False,"{'location_count': [1], 'component_count': [1], 'absolute_charge': [2], 'signed_charge': [-2]}"
"['single', 96, -2, 'exact_pixel', 8.0]",4,False,"{'location_count': [1], 'component_count': [1], 'absolute_charge': [2], 'signed_charge': [-2]}"
"['single', 96, -2, 'half_pixel', 1.0]",4,True,"{'location_count': [1, 2], 'component_count': [1, 2], 'absolute_charge': [2, 4], 'signed_charge': [-2]}"
"['single', 96, -2, 'half_pixel', 2.0]",4,True,"{'location_count': [1, 2], 'component_count': [1, 2], 'absolute_charge': [2, 4], 'signed_charge': [-2]}"
"['single', 96, -2, 'half_pixel', 4.0]",4,True,"{'location_count': [1, 2], 'component_count': [1, 2], 'absolute_charge': [2, 4], 'signed_charge': [-2]}"
"['single', 96, -2, 'half_pixel', 8.0]",4,True,"{'location_count': [1, 2], 'component_count': [1, 2], 'absolute_charge': [2, 4], 'signed_charge': [-2]}"
"['single', 96, -2, 'quarter_pixel', 1.0]",4,False,"{'location_count': [1], 'component_count': [1], 'absolute_charge': [2], 'signed_charge': [-2]}"
"['single', 96, -2, 'quarter_pixel', 2.0]",4,False,"{'location_count': [1], 'component_count': [1], 'absolute_charge': [2], 'signed_charge': [-2]}"
"['single', 96, -2, 'quarter_pixel', 4.0]",4,False,"{'location_count': [1], 'component_count': [1], 'absolute_charge': [2], 'signed_charge': [-2]}"
"['single', 96, -2, 'quarter_pixel', 8.0]",4,False,"{'location_count': [1], 'component_count': [1], 'absolute_charge': [2], 'signed_charge': [-2]}"
"['single', 96, 1, 'exact_pixel', 1.0]",4,False,"{'location_count': [1], 'component_count': [1], 'absolute_charge': [1], 'signed_charge': [1]}"
"['single', 96, 1, 'exact_pixel', 2.0]",4,False,"{'location_count': [1], 'component_count': [1], 'absolute_charge': [1], 'signed_charge': [1]}"
"['single', 96, 1, 'exact_pixel', 4.0]",4,False,"{'location_count': [1], 'component_count': [1], 'absolute_charge': [1], 'signed_charge': [1]}"
"['single', 96, 1, 'exact_pixel', 8.0]",4,False,"{'location_count': [1], 'component_count': [1], 'absolute_charge': [1], 'signed_charge': [1]}"
"['single', 96, 1, 'half_pixel', 1.0]",4,False,"{'location_count': [1], 'component_count': [1], 'absolute_charge': [1], 'signed_charge': [1]}"
"['single', 96, 1, 'half_pixel', 2.0]",4,False,"{'location_count': [1], 'component_count': [1], 'absolute_charge': [1], 'signed_charge': [1]}"
"['single', 96, 1, 'half_pixel', 4.0]",4,False,"{'location_count': [1], 'component_count': [1], 'absolute_charge': [1], 'signed_charge': [1]}"
"['single', 96, 1, 'half_pixel', 8.0]",4,False,"{'location_count': [1], 'component_count': [1], 'absolute_charge': [1], 'signed_charge': [1]}"
"['single', 96, 1, 'quarter_pixel', 1.0]",4,False,"{'location_count': [1], 'component_count': [1], 'absolute_charge': [1], 'signed_charge': [1]}"
"['single', 96, 1, 'quarter_pixel', 2.0]",4,False,"{'location_count': [1], 'component_count': [1], 'absolute_charge': [1], 'signed_charge': [1]}"
"['single', 96, 1, 'quarter_pixel', 4.0]",4,False,"{'location_count': [1], 'component_count': [1], 'absolute_charge': [1], 'signed_charge': [1]}"
"['single', 96, 1, 'quarter_pixel', 8.0]",4,False,"{'location_count': [1], 'component_count': [1], 'absolute_charge': [1], 'signed_charge': [1]}"
"['single', 96, 2, 'exact_pixel', 1.0]",4,False,"{'location_count': [1], 'component_count': [1], 'absolute_charge': [2], 'signed_charge': [2]}"
"['single', 96, 2, 'exact_pixel', 2.0]",4,False,"{'location_count': [1], 'component_count': [1], 'absolute_charge': [2], 'signed_charge': [2]}"
"['single', 96, 2, 'exact_pixel', 4.0]",4,False,"{'location_count': [1], 'component_count': [1], 'absolute_charge': [2], 'signed_charge': [2]}"
"['single', 96, 2, 'exact_pixel', 8.0]",4,False,"{'location_count': [1], 'component_count': [1], 'absolute_charge': [2], 'signed_charge': [2]}"
"['single', 96, 2, 'half_pixel', 1.0]",4,True,"{'location_count': [1, 2], 'component_count': [1, 2], 'absolute_charge': [2, 4], 'signed_charge': [2]}"
"['single', 96, 2, 'half_pixel', 2.0]",4,True,"{'location_count': [1, 2], 'component_count': [1, 2], 'absolute_charge': [2, 4], 'signed_charge': [2]}"
"['single', 96, 2, 'half_pixel', 4.0]",4,True,"{'location_count': [1, 2], 'component_count': [1, 2], 'absolute_charge': [2, 4], 'signed_charge': [2]}"
"['single', 96, 2, 'half_pixel', 8.0]",4,True,"{'location_count': [1, 2], 'component_count': [1, 2], 'absolute_charge': [2, 4], 'signed_charge': [2]}"
"['single', 96, 2, 'quarter_pixel', 1.0]",4,False,"{'location_count': [1], 'component_count': [1], 'absolute_charge': [2], 'signed_charge': [2]}"
"['single', 96, 2, 'quarter_pixel', 2.0]",4,False,"{'location_count': [1], 'component_count': [1], 'absolute_charge': [2], 'signed_charge': [2]}"
"['single', 96, 2, 'quarter_pixel', 4.0]",4,False,"{'location_count': [1], 'component_count': [1], 'absolute_charge': [2], 'signed_charge': [2]}"
"['single', 96, 2, 'quarter_pixel', 8.0]",4,False,"{'location_count': [1], 'component_count': [1], 'absolute_charge': [2], 'signed_charge': [2]}"
