detector,grid,position_mode,z_um,n,joint_success_rate,location_match_rate,absolute_charge_match_rate,signed_charge_match_rate,mean_location_count,mean_component_count,mean_winding_cell_count,mean_absolute_charge,mean_signed_charge,location_count_values,winding_cell_count_values,absolute_charge_values,charge_normalized_count_values
circular_contour,64,exact_pixel,0.0,1,1.0,1.0,1.0,1.0,2.0,2.0,0.0,2.0,0.0,[2],[0],[2],[2.0]
circular_contour,64,exact_pixel,160.0,1,1.0,1.0,1.0,1.0,2.0,2.0,0.0,2.0,0.0,[2],[0],[2],[2.0]
circular_contour,64,exact_pixel,240.0,1,1.0,1.0,1.0,1.0,2.0,2.0,0.0,2.0,0.0,[2],[0],[2],[2.0]
circular_contour,64,exact_pixel,280.0,1,1.0,1.0,1.0,1.0,2.0,2.0,0.0,2.0,0.0,[2],[0],[2],[2.0]
circular_contour,64,exact_pixel,320.0,1,0.0,0.0,0.0,1.0,0.0,0.0,0.0,0.0,0.0,[0],[0],[0],[0.0]
circular_contour,64,exact_pixel,400.0,1,0.0,0.0,0.0,1.0,0.0,0.0,0.0,0.0,0.0,[0],[0],[0],[0.0]
circular_contour,64,exact_pixel,640.0,1,0.0,0.0,0.0,1.0,0.0,0.0,0.0,0.0,0.0,[0],[0],[0],[0.0]
circular_contour,64,exact_pixel,1280.0,1,0.0,0.0,0.0,1.0,0.0,0.0,0.0,0.0,0.0,[0],[0],[0],[0.0]
circular_contour,64,half_pixel,0.0,1,1.0,1.0,1.0,1.0,2.0,2.0,0.0,2.0,0.0,[2],[0],[2],[2.0]
circular_contour,64,half_pixel,160.0,1,1.0,1.0,1.0,1.0,2.0,2.0,0.0,2.0,0.0,[2],[0],[2],[2.0]
circular_contour,64,half_pixel,240.0,1,1.0,1.0,1.0,1.0,2.0,2.0,0.0,2.0,0.0,[2],[0],[2],[2.0]
circular_contour,64,half_pixel,280.0,1,1.0,1.0,1.0,1.0,2.0,2.0,0.0,2.0,0.0,[2],[0],[2],[2.0]
circular_contour,64,half_pixel,320.0,1,0.0,0.0,0.0,0.0,3.0,3.0,0.0,3.0,-1.0,[3],[0],[3],[3.0]
circular_contour,64,half_pixel,400.0,1,0.0,0.0,0.0,1.0,0.0,0.0,0.0,0.0,0.0,[0],[0],[0],[0.0]
circular_contour,64,half_pixel,640.0,1,0.0,0.0,0.0,1.0,0.0,0.0,0.0,0.0,0.0,[0],[0],[0],[0.0]
circular_contour,64,half_pixel,1280.0,1,0.0,0.0,0.0,1.0,0.0,0.0,0.0,0.0,0.0,[0],[0],[0],[0.0]
circular_contour,128,exact_pixel,0.0,1,1.0,1.0,1.0,1.0,2.0,2.0,0.0,2.0,0.0,[2],[0],[2],[2.0]
circular_contour,128,exact_pixel,160.0,1,1.0,1.0,1.0,1.0,2.0,2.0,0.0,2.0,0.0,[2],[0],[2],[2.0]
circular_contour,128,exact_pixel,240.0,1,1.0,1.0,1.0,1.0,2.0,2.0,0.0,2.0,0.0,[2],[0],[2],[2.0]
circular_contour,128,exact_pixel,280.0,1,1.0,1.0,1.0,1.0,2.0,2.0,0.0,2.0,0.0,[2],[0],[2],[2.0]
circular_contour,128,exact_pixel,320.0,1,0.0,0.0,0.0,1.0,0.0,0.0,0.0,0.0,0.0,[0],[0],[0],[0.0]
circular_contour,128,exact_pixel,400.0,1,0.0,0.0,0.0,1.0,0.0,0.0,0.0,0.0,0.0,[0],[0],[0],[0.0]
circular_contour,128,exact_pixel,640.0,1,0.0,0.0,0.0,1.0,0.0,0.0,0.0,0.0,0.0,[0],[0],[0],[0.0]
circular_contour,128,exact_pixel,1280.0,1,0.0,0.0,0.0,1.0,0.0,0.0,0.0,0.0,0.0,[0],[0],[0],[0.0]
circular_contour,128,half_pixel,0.0,1,1.0,1.0,1.0,1.0,2.0,2.0,0.0,2.0,0.0,[2],[0],[2],[2.0]
circular_contour,128,half_pixel,160.0,1,1.0,1.0,1.0,1.0,2.0,2.0,0.0,2.0,0.0,[2],[0],[2],[2.0]
circular_contour,128,half_pixel,240.0,1,1.0,1.0,1.0,1.0,2.0,2.0,0.0,2.0,0.0,[2],[0],[2],[2.0]
circular_contour,128,half_pixel,280.0,1,1.0,1.0,1.0,1.0,2.0,2.0,0.0,2.0,0.0,[2],[0],[2],[2.0]
circular_contour,128,half_pixel,320.0,1,0.0,0.0,0.0,1.0,0.0,0.0,0.0,0.0,0.0,[0],[0],[0],[0.0]
circular_contour,128,half_pixel,400.0,1,0.0,0.0,0.0,1.0,0.0,0.0,0.0,0.0,0.0,[0],[0],[0],[0.0]
circular_contour,128,half_pixel,640.0,1,0.0,0.0,0.0,1.0,0.0,0.0,0.0,0.0,0.0,[0],[0],[0],[0.0]
circular_contour,128,half_pixel,1280.0,1,0.0,0.0,0.0,1.0,0.0,0.0,0.0,0.0,0.0,[0],[0],[0],[0.0]
circular_contour,256,exact_pixel,0.0,1,1.0,1.0,1.0,1.0,2.0,2.0,0.0,2.0,0.0,[2],[0],[2],[2.0]
circular_contour,256,exact_pixel,160.0,1,1.0,1.0,1.0,1.0,2.0,2.0,0.0,2.0,0.0,[2],[0],[2],[2.0]
circular_contour,256,exact_pixel,240.0,1,1.0,1.0,1.0,1.0,2.0,2.0,0.0,2.0,0.0,[2],[0],[2],[2.0]
circular_contour,256,exact_pixel,280.0,1,1.0,1.0,1.0,1.0,2.0,2.0,0.0,2.0,0.0,[2],[0],[2],[2.0]
circular_contour,256,exact_pixel,320.0,1,0.0,0.0,0.0,1.0,0.0,0.0,0.0,0.0,0.0,[0],[0],[0],[0.0]
circular_contour,256,exact_pixel,400.0,1,0.0,0.0,0.0,1.0,0.0,0.0,0.0,0.0,0.0,[0],[0],[0],[0.0]
circular_contour,256,exact_pixel,640.0,1,0.0,0.0,0.0,1.0,0.0,0.0,0.0,0.0,0.0,[0],[0],[0],[0.0]
circular_contour,256,exact_pixel,1280.0,1,0.0,0.0,0.0,1.0,0.0,0.0,0.0,0.0,0.0,[0],[0],[0],[0.0]
circular_contour,256,half_pixel,0.0,1,1.0,1.0,1.0,1.0,2.0,2.0,0.0,2.0,0.0,[2],[0],[2],[2.0]
circular_contour,256,half_pixel,160.0,1,1.0,1.0,1.0,1.0,2.0,2.0,0.0,2.0,0.0,[2],[0],[2],[2.0]
circular_contour,256,half_pixel,240.0,1,1.0,1.0,1.0,1.0,2.0,2.0,0.0,2.0,0.0,[2],[0],[2],[2.0]
circular_contour,256,half_pixel,280.0,1,1.0,1.0,1.0,1.0,2.0,2.0,0.0,2.0,0.0,[2],[0],[2],[2.0]
circular_contour,256,half_pixel,320.0,1,0.0,0.0,0.0,1.0,0.0,0.0,0.0,0.0,0.0,[0],[0],[0],[0.0]
circular_contour,256,half_pixel,400.0,1,0.0,0.0,0.0,1.0,0.0,0.0,0.0,0.0,0.0,[0],[0],[0],[0.0]
circular_contour,256,half_pixel,640.0,1,0.0,0.0,0.0,1.0,0.0,0.0,0.0,0.0,0.0,[0],[0],[0],[0.0]
circular_contour,256,half_pixel,1280.0,1,0.0,0.0,0.0,1.0,0.0,0.0,0.0,0.0,0.0,[0],[0],[0],[0.0]
clustered_winding,64,exact_pixel,0.0,1,1.0,1.0,1.0,1.0,2.0,2.0,2.0,2.0,0.0,[2],[2],[2],[2.0]
clustered_winding,64,exact_pixel,160.0,1,1.0,1.0,1.0,1.0,2.0,2.0,2.0,2.0,0.0,[2],[2],[2],[2.0]
clustered_winding,64,exact_pixel,240.0,1,1.0,1.0,1.0,1.0,2.0,2.0,2.0,2.0,0.0,[2],[2],[2],[2.0]
clustered_winding,64,exact_pixel,280.0,1,1.0,1.0,1.0,1.0,2.0,2.0,2.0,2.0,0.0,[2],[2],[2],[2.0]
clustered_winding,64,exact_pixel,320.0,1,0.0,0.0,0.0,1.0,0.0,0.0,0.0,0.0,0.0,[0],[0],[0],[0.0]
clustered_winding,64,exact_pixel,400.0,1,0.0,0.0,0.0,1.0,0.0,0.0,0.0,0.0,0.0,[0],[0],[0],[0.0]
clustered_winding,64,exact_pixel,640.0,1,0.0,0.0,0.0,1.0,0.0,0.0,0.0,0.0,0.0,[0],[0],[0],[0.0]
clustered_winding,64,exact_pixel,1280.0,1,0.0,0.0,0.0,1.0,0.0,0.0,0.0,0.0,0.0,[0],[0],[0],[0.0]
clustered_winding,64,half_pixel,0.0,1,1.0,1.0,1.0,1.0,2.0,2.0,2.0,2.0,0.0,[2],[2],[2],[2.0]
clustered_winding,64,half_pixel,160.0,1,1.0,1.0,1.0,1.0,2.0,2.0,2.0,2.0,0.0,[2],[2],[2],[2.0]
clustered_winding,64,half_pixel,240.0,1,1.0,1.0,1.0,1.0,2.0,2.0,2.0,2.0,0.0,[2],[2],[2],[2.0]
clustered_winding,64,half_pixel,280.0,1,1.0,1.0,1.0,1.0,2.0,2.0,2.0,2.0,0.0,[2],[2],[2],[2.0]
clustered_winding,64,half_pixel,320.0,1,1.0,1.0,1.0,1.0,2.0,2.0,2.0,2.0,0.0,[2],[2],[2],[2.0]
clustered_winding,64,half_pixel,400.0,1,0.0,0.0,0.0,1.0,0.0,0.0,0.0,0.0,0.0,[0],[0],[0],[0.0]
clustered_winding,64,half_pixel,640.0,1,0.0,0.0,0.0,1.0,0.0,0.0,0.0,0.0,0.0,[0],[0],[0],[0.0]
clustered_winding,64,half_pixel,1280.0,1,0.0,0.0,0.0,1.0,0.0,0.0,0.0,0.0,0.0,[0],[0],[0],[0.0]
clustered_winding,128,exact_pixel,0.0,1,1.0,1.0,1.0,1.0,2.0,2.0,2.0,2.0,0.0,[2],[2],[2],[2.0]
clustered_winding,128,exact_pixel,160.0,1,1.0,1.0,1.0,1.0,2.0,2.0,2.0,2.0,0.0,[2],[2],[2],[2.0]
clustered_winding,128,exact_pixel,240.0,1,1.0,1.0,1.0,1.0,2.0,2.0,2.0,2.0,0.0,[2],[2],[2],[2.0]
clustered_winding,128,exact_pixel,280.0,1,1.0,1.0,1.0,1.0,2.0,2.0,2.0,2.0,0.0,[2],[2],[2],[2.0]
clustered_winding,128,exact_pixel,320.0,1,0.0,0.0,0.0,1.0,0.0,0.0,0.0,0.0,0.0,[0],[0],[0],[0.0]
clustered_winding,128,exact_pixel,400.0,1,0.0,0.0,0.0,1.0,0.0,0.0,0.0,0.0,0.0,[0],[0],[0],[0.0]
clustered_winding,128,exact_pixel,640.0,1,0.0,0.0,0.0,1.0,0.0,0.0,0.0,0.0,0.0,[0],[0],[0],[0.0]
clustered_winding,128,exact_pixel,1280.0,1,0.0,0.0,0.0,1.0,0.0,0.0,0.0,0.0,0.0,[0],[0],[0],[0.0]
clustered_winding,128,half_pixel,0.0,1,1.0,1.0,1.0,1.0,2.0,2.0,2.0,2.0,0.0,[2],[2],[2],[2.0]
clustered_winding,128,half_pixel,160.0,1,1.0,1.0,1.0,1.0,2.0,2.0,2.0,2.0,0.0,[2],[2],[2],[2.0]
clustered_winding,128,half_pixel,240.0,1,1.0,1.0,1.0,1.0,2.0,2.0,2.0,2.0,0.0,[2],[2],[2],[2.0]
clustered_winding,128,half_pixel,280.0,1,1.0,1.0,1.0,1.0,2.0,2.0,2.0,2.0,0.0,[2],[2],[2],[2.0]
clustered_winding,128,half_pixel,320.0,1,0.0,0.0,0.0,1.0,0.0,0.0,0.0,0.0,0.0,[0],[0],[0],[0.0]
clustered_winding,128,half_pixel,400.0,1,0.0,0.0,0.0,1.0,0.0,0.0,0.0,0.0,0.0,[0],[0],[0],[0.0]
clustered_winding,128,half_pixel,640.0,1,0.0,0.0,0.0,1.0,0.0,0.0,0.0,0.0,0.0,[0],[0],[0],[0.0]
clustered_winding,128,half_pixel,1280.0,1,0.0,0.0,0.0,1.0,0.0,0.0,0.0,0.0,0.0,[0],[0],[0],[0.0]
clustered_winding,256,exact_pixel,0.0,1,1.0,1.0,1.0,1.0,2.0,2.0,2.0,2.0,0.0,[2],[2],[2],[2.0]
clustered_winding,256,exact_pixel,160.0,1,1.0,1.0,1.0,1.0,2.0,2.0,2.0,2.0,0.0,[2],[2],[2],[2.0]
clustered_winding,256,exact_pixel,240.0,1,1.0,1.0,1.0,1.0,2.0,2.0,2.0,2.0,0.0,[2],[2],[2],[2.0]
clustered_winding,256,exact_pixel,280.0,1,1.0,1.0,1.0,1.0,2.0,2.0,2.0,2.0,0.0,[2],[2],[2],[2.0]
clustered_winding,256,exact_pixel,320.0,1,0.0,0.0,0.0,1.0,0.0,0.0,0.0,0.0,0.0,[0],[0],[0],[0.0]
clustered_winding,256,exact_pixel,400.0,1,0.0,0.0,0.0,1.0,0.0,0.0,0.0,0.0,0.0,[0],[0],[0],[0.0]
clustered_winding,256,exact_pixel,640.0,1,0.0,0.0,0.0,1.0,0.0,0.0,0.0,0.0,0.0,[0],[0],[0],[0.0]
clustered_winding,256,exact_pixel,1280.0,1,0.0,0.0,0.0,1.0,0.0,0.0,0.0,0.0,0.0,[0],[0],[0],[0.0]
clustered_winding,256,half_pixel,0.0,1,1.0,1.0,1.0,1.0,2.0,2.0,2.0,2.0,0.0,[2],[2],[2],[2.0]
clustered_winding,256,half_pixel,160.0,1,1.0,1.0,1.0,1.0,2.0,2.0,2.0,2.0,0.0,[2],[2],[2],[2.0]
clustered_winding,256,half_pixel,240.0,1,1.0,1.0,1.0,1.0,2.0,2.0,2.0,2.0,0.0,[2],[2],[2],[2.0]
clustered_winding,256,half_pixel,280.0,1,1.0,1.0,1.0,1.0,2.0,2.0,2.0,2.0,0.0,[2],[2],[2],[2.0]
clustered_winding,256,half_pixel,320.0,1,0.0,0.0,0.0,1.0,0.0,0.0,0.0,0.0,0.0,[0],[0],[0],[0.0]
clustered_winding,256,half_pixel,400.0,1,0.0,0.0,0.0,1.0,0.0,0.0,0.0,0.0,0.0,[0],[0],[0],[0.0]
clustered_winding,256,half_pixel,640.0,1,0.0,0.0,0.0,1.0,0.0,0.0,0.0,0.0,0.0,[0],[0],[0],[0.0]
clustered_winding,256,half_pixel,1280.0,1,0.0,0.0,0.0,1.0,0.0,0.0,0.0,0.0,0.0,[0],[0],[0],[0.0]
jacobian_locator,64,exact_pixel,0.0,1,1.0,1.0,1.0,1.0,2.0,2.0,0.0,2.0,0.0,[2],[0],[2],[2.0]
jacobian_locator,64,exact_pixel,160.0,1,1.0,1.0,1.0,1.0,2.0,2.0,0.0,2.0,0.0,[2],[0],[2],[2.0]
jacobian_locator,64,exact_pixel,240.0,1,1.0,1.0,1.0,1.0,2.0,2.0,0.0,2.0,0.0,[2],[0],[2],[2.0]
jacobian_locator,64,exact_pixel,280.0,1,1.0,1.0,1.0,1.0,2.0,2.0,0.0,2.0,0.0,[2],[0],[2],[2.0]
jacobian_locator,64,exact_pixel,320.0,1,0.0,0.0,0.0,1.0,0.0,0.0,0.0,0.0,0.0,[0],[0],[0],[0.0]
jacobian_locator,64,exact_pixel,400.0,1,0.0,0.0,0.0,1.0,0.0,0.0,0.0,0.0,0.0,[0],[0],[0],[0.0]
jacobian_locator,64,exact_pixel,640.0,1,0.0,0.0,0.0,1.0,0.0,0.0,0.0,0.0,0.0,[0],[0],[0],[0.0]
jacobian_locator,64,exact_pixel,1280.0,1,0.0,0.0,0.0,1.0,0.0,0.0,0.0,0.0,0.0,[0],[0],[0],[0.0]
jacobian_locator,64,half_pixel,0.0,1,1.0,1.0,1.0,1.0,2.0,2.0,0.0,2.0,0.0,[2],[0],[2],[2.0]
jacobian_locator,64,half_pixel,160.0,1,1.0,1.0,1.0,1.0,2.0,2.0,0.0,2.0,0.0,[2],[0],[2],[2.0]
jacobian_locator,64,half_pixel,240.0,1,1.0,1.0,1.0,1.0,2.0,2.0,0.0,2.0,0.0,[2],[0],[2],[2.0]
jacobian_locator,64,half_pixel,280.0,1,1.0,1.0,1.0,1.0,2.0,2.0,0.0,2.0,0.0,[2],[0],[2],[2.0]
jacobian_locator,64,half_pixel,320.0,1,0.0,0.0,0.0,0.0,1.0,1.0,0.0,1.0,-1.0,[1],[0],[1],[1.0]
jacobian_locator,64,half_pixel,400.0,1,0.0,0.0,0.0,1.0,0.0,0.0,0.0,0.0,0.0,[0],[0],[0],[0.0]
jacobian_locator,64,half_pixel,640.0,1,0.0,0.0,0.0,1.0,0.0,0.0,0.0,0.0,0.0,[0],[0],[0],[0.0]
jacobian_locator,64,half_pixel,1280.0,1,0.0,0.0,0.0,1.0,0.0,0.0,0.0,0.0,0.0,[0],[0],[0],[0.0]
jacobian_locator,128,exact_pixel,0.0,1,1.0,1.0,1.0,1.0,2.0,2.0,0.0,2.0,0.0,[2],[0],[2],[2.0]
jacobian_locator,128,exact_pixel,160.0,1,1.0,1.0,1.0,1.0,2.0,2.0,0.0,2.0,0.0,[2],[0],[2],[2.0]
jacobian_locator,128,exact_pixel,240.0,1,1.0,1.0,1.0,1.0,2.0,2.0,0.0,2.0,0.0,[2],[0],[2],[2.0]
jacobian_locator,128,exact_pixel,280.0,1,1.0,1.0,1.0,1.0,2.0,2.0,0.0,2.0,0.0,[2],[0],[2],[2.0]
jacobian_locator,128,exact_pixel,320.0,1,0.0,0.0,0.0,1.0,0.0,0.0,0.0,0.0,0.0,[0],[0],[0],[0.0]
jacobian_locator,128,exact_pixel,400.0,1,0.0,0.0,0.0,1.0,0.0,0.0,0.0,0.0,0.0,[0],[0],[0],[0.0]
jacobian_locator,128,exact_pixel,640.0,1,0.0,0.0,0.0,1.0,0.0,0.0,0.0,0.0,0.0,[0],[0],[0],[0.0]
jacobian_locator,128,exact_pixel,1280.0,1,0.0,0.0,0.0,1.0,0.0,0.0,0.0,0.0,0.0,[0],[0],[0],[0.0]
jacobian_locator,128,half_pixel,0.0,1,1.0,1.0,1.0,1.0,2.0,2.0,0.0,2.0,0.0,[2],[0],[2],[2.0]
jacobian_locator,128,half_pixel,160.0,1,1.0,1.0,1.0,1.0,2.0,2.0,0.0,2.0,0.0,[2],[0],[2],[2.0]
jacobian_locator,128,half_pixel,240.0,1,1.0,1.0,1.0,1.0,2.0,2.0,0.0,2.0,0.0,[2],[0],[2],[2.0]
jacobian_locator,128,half_pixel,280.0,1,1.0,1.0,1.0,1.0,2.0,2.0,0.0,2.0,0.0,[2],[0],[2],[2.0]
jacobian_locator,128,half_pixel,320.0,1,0.0,0.0,0.0,1.0,0.0,0.0,0.0,0.0,0.0,[0],[0],[0],[0.0]
jacobian_locator,128,half_pixel,400.0,1,0.0,0.0,0.0,1.0,0.0,0.0,0.0,0.0,0.0,[0],[0],[0],[0.0]
jacobian_locator,128,half_pixel,640.0,1,0.0,0.0,0.0,1.0,0.0,0.0,0.0,0.0,0.0,[0],[0],[0],[0.0]
jacobian_locator,128,half_pixel,1280.0,1,0.0,0.0,0.0,1.0,0.0,0.0,0.0,0.0,0.0,[0],[0],[0],[0.0]
jacobian_locator,256,exact_pixel,0.0,1,1.0,1.0,1.0,1.0,2.0,2.0,0.0,2.0,0.0,[2],[0],[2],[2.0]
jacobian_locator,256,exact_pixel,160.0,1,1.0,1.0,1.0,1.0,2.0,2.0,0.0,2.0,0.0,[2],[0],[2],[2.0]
jacobian_locator,256,exact_pixel,240.0,1,1.0,1.0,1.0,1.0,2.0,2.0,0.0,2.0,0.0,[2],[0],[2],[2.0]
jacobian_locator,256,exact_pixel,280.0,1,1.0,1.0,1.0,1.0,2.0,2.0,0.0,2.0,0.0,[2],[0],[2],[2.0]
jacobian_locator,256,exact_pixel,320.0,1,0.0,0.0,0.0,1.0,0.0,0.0,0.0,0.0,0.0,[0],[0],[0],[0.0]
jacobian_locator,256,exact_pixel,400.0,1,0.0,0.0,0.0,1.0,0.0,0.0,0.0,0.0,0.0,[0],[0],[0],[0.0]
jacobian_locator,256,exact_pixel,640.0,1,0.0,0.0,0.0,1.0,0.0,0.0,0.0,0.0,0.0,[0],[0],[0],[0.0]
jacobian_locator,256,exact_pixel,1280.0,1,0.0,0.0,0.0,1.0,0.0,0.0,0.0,0.0,0.0,[0],[0],[0],[0.0]
jacobian_locator,256,half_pixel,0.0,1,1.0,1.0,1.0,1.0,2.0,2.0,0.0,2.0,0.0,[2],[0],[2],[2.0]
jacobian_locator,256,half_pixel,160.0,1,1.0,1.0,1.0,1.0,2.0,2.0,0.0,2.0,0.0,[2],[0],[2],[2.0]
jacobian_locator,256,half_pixel,240.0,1,1.0,1.0,1.0,1.0,2.0,2.0,0.0,2.0,0.0,[2],[0],[2],[2.0]
jacobian_locator,256,half_pixel,280.0,1,1.0,1.0,1.0,1.0,2.0,2.0,0.0,2.0,0.0,[2],[0],[2],[2.0]
jacobian_locator,256,half_pixel,320.0,1,0.0,0.0,0.0,1.0,0.0,0.0,0.0,0.0,0.0,[0],[0],[0],[0.0]
jacobian_locator,256,half_pixel,400.0,1,0.0,0.0,0.0,1.0,0.0,0.0,0.0,0.0,0.0,[0],[0],[0],[0.0]
jacobian_locator,256,half_pixel,640.0,1,0.0,0.0,0.0,1.0,0.0,0.0,0.0,0.0,0.0,[0],[0],[0],[0.0]
jacobian_locator,256,half_pixel,1280.0,1,0.0,0.0,0.0,1.0,0.0,0.0,0.0,0.0,0.0,[0],[0],[0],[0.0]
raw_winding,64,exact_pixel,0.0,1,1.0,1.0,1.0,1.0,2.0,2.0,2.0,2.0,0.0,[2],[2],[2],[2.0]
raw_winding,64,exact_pixel,160.0,1,1.0,1.0,1.0,1.0,2.0,2.0,2.0,2.0,0.0,[2],[2],[2],[2.0]
raw_winding,64,exact_pixel,240.0,1,1.0,1.0,1.0,1.0,2.0,2.0,2.0,2.0,0.0,[2],[2],[2],[2.0]
raw_winding,64,exact_pixel,280.0,1,1.0,1.0,1.0,1.0,2.0,2.0,2.0,2.0,0.0,[2],[2],[2],[2.0]
raw_winding,64,exact_pixel,320.0,1,0.0,0.0,0.0,1.0,0.0,0.0,0.0,0.0,0.0,[0],[0],[0],[0.0]
raw_winding,64,exact_pixel,400.0,1,0.0,0.0,0.0,1.0,0.0,0.0,0.0,0.0,0.0,[0],[0],[0],[0.0]
raw_winding,64,exact_pixel,640.0,1,0.0,0.0,0.0,1.0,0.0,0.0,0.0,0.0,0.0,[0],[0],[0],[0.0]
raw_winding,64,exact_pixel,1280.0,1,0.0,0.0,0.0,1.0,0.0,0.0,0.0,0.0,0.0,[0],[0],[0],[0.0]
raw_winding,64,half_pixel,0.0,1,1.0,1.0,1.0,1.0,2.0,2.0,2.0,2.0,0.0,[2],[2],[2],[2.0]
raw_winding,64,half_pixel,160.0,1,1.0,1.0,1.0,1.0,2.0,2.0,2.0,2.0,0.0,[2],[2],[2],[2.0]
raw_winding,64,half_pixel,240.0,1,1.0,1.0,1.0,1.0,2.0,2.0,2.0,2.0,0.0,[2],[2],[2],[2.0]
raw_winding,64,half_pixel,280.0,1,1.0,1.0,1.0,1.0,2.0,2.0,2.0,2.0,0.0,[2],[2],[2],[2.0]
raw_winding,64,half_pixel,320.0,1,1.0,1.0,1.0,1.0,2.0,2.0,2.0,2.0,0.0,[2],[2],[2],[2.0]
raw_winding,64,half_pixel,400.0,1,0.0,0.0,0.0,1.0,0.0,0.0,0.0,0.0,0.0,[0],[0],[0],[0.0]
raw_winding,64,half_pixel,640.0,1,0.0,0.0,0.0,1.0,0.0,0.0,0.0,0.0,0.0,[0],[0],[0],[0.0]
raw_winding,64,half_pixel,1280.0,1,0.0,0.0,0.0,1.0,0.0,0.0,0.0,0.0,0.0,[0],[0],[0],[0.0]
raw_winding,128,exact_pixel,0.0,1,1.0,1.0,1.0,1.0,2.0,2.0,2.0,2.0,0.0,[2],[2],[2],[2.0]
raw_winding,128,exact_pixel,160.0,1,1.0,1.0,1.0,1.0,2.0,2.0,2.0,2.0,0.0,[2],[2],[2],[2.0]
raw_winding,128,exact_pixel,240.0,1,1.0,1.0,1.0,1.0,2.0,2.0,2.0,2.0,0.0,[2],[2],[2],[2.0]
raw_winding,128,exact_pixel,280.0,1,1.0,1.0,1.0,1.0,2.0,2.0,2.0,2.0,0.0,[2],[2],[2],[2.0]
raw_winding,128,exact_pixel,320.0,1,0.0,0.0,0.0,1.0,0.0,0.0,0.0,0.0,0.0,[0],[0],[0],[0.0]
raw_winding,128,exact_pixel,400.0,1,0.0,0.0,0.0,1.0,0.0,0.0,0.0,0.0,0.0,[0],[0],[0],[0.0]
raw_winding,128,exact_pixel,640.0,1,0.0,0.0,0.0,1.0,0.0,0.0,0.0,0.0,0.0,[0],[0],[0],[0.0]
raw_winding,128,exact_pixel,1280.0,1,0.0,0.0,0.0,1.0,0.0,0.0,0.0,0.0,0.0,[0],[0],[0],[0.0]
raw_winding,128,half_pixel,0.0,1,1.0,1.0,1.0,1.0,2.0,2.0,2.0,2.0,0.0,[2],[2],[2],[2.0]
raw_winding,128,half_pixel,160.0,1,1.0,1.0,1.0,1.0,2.0,2.0,2.0,2.0,0.0,[2],[2],[2],[2.0]
raw_winding,128,half_pixel,240.0,1,1.0,1.0,1.0,1.0,2.0,2.0,2.0,2.0,0.0,[2],[2],[2],[2.0]
raw_winding,128,half_pixel,280.0,1,1.0,1.0,1.0,1.0,2.0,2.0,2.0,2.0,0.0,[2],[2],[2],[2.0]
raw_winding,128,half_pixel,320.0,1,0.0,0.0,0.0,1.0,0.0,0.0,0.0,0.0,0.0,[0],[0],[0],[0.0]
raw_winding,128,half_pixel,400.0,1,0.0,0.0,0.0,1.0,0.0,0.0,0.0,0.0,0.0,[0],[0],[0],[0.0]
raw_winding,128,half_pixel,640.0,1,0.0,0.0,0.0,1.0,0.0,0.0,0.0,0.0,0.0,[0],[0],[0],[0.0]
raw_winding,128,half_pixel,1280.0,1,0.0,0.0,0.0,1.0,0.0,0.0,0.0,0.0,0.0,[0],[0],[0],[0.0]
raw_winding,256,exact_pixel,0.0,1,1.0,1.0,1.0,1.0,2.0,2.0,2.0,2.0,0.0,[2],[2],[2],[2.0]
raw_winding,256,exact_pixel,160.0,1,1.0,1.0,1.0,1.0,2.0,2.0,2.0,2.0,0.0,[2],[2],[2],[2.0]
raw_winding,256,exact_pixel,240.0,1,1.0,1.0,1.0,1.0,2.0,2.0,2.0,2.0,0.0,[2],[2],[2],[2.0]
raw_winding,256,exact_pixel,280.0,1,1.0,1.0,1.0,1.0,2.0,2.0,2.0,2.0,0.0,[2],[2],[2],[2.0]
raw_winding,256,exact_pixel,320.0,1,0.0,0.0,0.0,1.0,0.0,0.0,0.0,0.0,0.0,[0],[0],[0],[0.0]
raw_winding,256,exact_pixel,400.0,1,0.0,0.0,0.0,1.0,0.0,0.0,0.0,0.0,0.0,[0],[0],[0],[0.0]
raw_winding,256,exact_pixel,640.0,1,0.0,0.0,0.0,1.0,0.0,0.0,0.0,0.0,0.0,[0],[0],[0],[0.0]
raw_winding,256,exact_pixel,1280.0,1,0.0,0.0,0.0,1.0,0.0,0.0,0.0,0.0,0.0,[0],[0],[0],[0.0]
raw_winding,256,half_pixel,0.0,1,1.0,1.0,1.0,1.0,2.0,2.0,2.0,2.0,0.0,[2],[2],[2],[2.0]
raw_winding,256,half_pixel,160.0,1,1.0,1.0,1.0,1.0,2.0,2.0,2.0,2.0,0.0,[2],[2],[2],[2.0]
raw_winding,256,half_pixel,240.0,1,1.0,1.0,1.0,1.0,2.0,2.0,2.0,2.0,0.0,[2],[2],[2],[2.0]
raw_winding,256,half_pixel,280.0,1,1.0,1.0,1.0,1.0,2.0,2.0,2.0,2.0,0.0,[2],[2],[2],[2.0]
raw_winding,256,half_pixel,320.0,1,0.0,0.0,0.0,1.0,0.0,0.0,0.0,0.0,0.0,[0],[0],[0],[0.0]
raw_winding,256,half_pixel,400.0,1,0.0,0.0,0.0,1.0,0.0,0.0,0.0,0.0,0.0,[0],[0],[0],[0.0]
raw_winding,256,half_pixel,640.0,1,0.0,0.0,0.0,1.0,0.0,0.0,0.0,0.0,0.0,[0],[0],[0],[0.0]
raw_winding,256,half_pixel,1280.0,1,0.0,0.0,0.0,1.0,0.0,0.0,0.0,0.0,0.0,[0],[0],[0],[0.0]
